draw,common_factor,RISE_pv_per_unit,PRIME_pv_per_unit,ANCHOR_pv_per_unit,ROLE_pv_per_unit,VET_pv_per_unit,REBOUND_pv_per_unit,RISE_year1_distribution_per_unit,RISE_year2_distribution_per_unit,RISE_year3_distribution_per_unit,RISE_year4_distribution_per_unit,RISE_year5_distribution_per_unit,PRIME_year1_distribution_per_unit,PRIME_year2_distribution_per_unit,PRIME_year3_distribution_per_unit,PRIME_year4_distribution_per_unit,PRIME_year5_distribution_per_unit,ANCHOR_year1_distribution_per_unit,ANCHOR_year2_distribution_per_unit,ANCHOR_year3_distribution_per_unit,ANCHOR_year4_distribution_per_unit,ANCHOR_year5_distribution_per_unit,ROLE_year1_distribution_per_unit,ROLE_year2_distribution_per_unit,ROLE_year3_distribution_per_unit,ROLE_year4_distribution_per_unit,ROLE_year5_distribution_per_unit,VET_year1_distribution_per_unit,VET_year2_distribution_per_unit,VET_year3_distribution_per_unit,VET_year4_distribution_per_unit,VET_year5_distribution_per_unit,REBOUND_year1_distribution_per_unit,REBOUND_year2_distribution_per_unit,REBOUND_year3_distribution_per_unit,REBOUND_year4_distribution_per_unit,REBOUND_year5_distribution_per_unit
0,-1.0026437,8.3213033,61.358592,84.393696,6.1222419,28.458336,11.023864,0,0.50654765,5.784029,0.37322378,5.794921,12.221471,11.798604,14.836946,9.1488567,39.535611,30.71949,11.927913,22.005736,15.042601,33.707171,0.93440522,2.267387,0.81560267,0.15960869,4.6285856,12.03126,6.6364122,7.4256746,1.8908771,8.7230142,4.2487061,1.5382769,4.7897307,0,3.9207267
1,-1.12394206,12.554998,44.306373,85.070415,10.813417,30.231436,26.753413,1.9182026,2.9313692,0,3.8959671,9.8626232,13.806429,11.177407,0.061171387,12.51066,23.785904,18.21001,21.712464,9.1783715,24.920439,45.841576,0.82157962,1.5648382,1.3634487,3.4382237,9.3862655,6.5697166,5.2406466,11.926443,5.6963732,12.399446,4.5664107,4.818682,3.0865033,13.194855,12.892838
2,-0.05839784,17.042326,68.316394,107.08816,7.612143,33.262396,9.5234613,2.0074103,5.4663794,0.56320365,2.3146793,14.872192,9.0053853,17.846326,20.893159,22.965903,24.807376,23.639676,17.236512,33.720975,32.381758,41.735387,1.1764644,1.6224787,2.1086267,0.90602131,5.2204441,5.8770667,15.535427,10.333434,1.7085558,10.61687,2.6529623,1.5743883,3.1551883,0.56364622,5.3261257
3,-0.51688877,15.874366,59.352651,113.0262,15.928885,26.514721,8.5685627,2.2130949,3.0157507,0.59271769,6.9986943,10.729572,17.613883,10.295323,10.009687,17.012325,27.000727,19.389725,22.932522,30.02174,45.104092,40.876688,1.8378237,1.7433899,3.1432563,9.8390398,6.7993881,5.1843274,5.9581749,9.0603768,4.0684174,12.694732,1.8135692,2.7069388,0.87547428,0,6.9291443
4,-0.23980777,19.481941,51.565025,97.182616,15.865877,32.947323,12.568127,2.2123992,5.405778,8.1634316,0,11.796787,16.453588,15.598172,7.1414698,11.81018,17.597395,18.255174,24.625841,20.225947,27.253952,45.722023,2.0927786,8.5318804,2.1925763,1.6898741,7.0665722,10.031017,9.0709031,9.7583426,4.6607178,10.043671,3.395774,2.4592094,6.2246327,0,4.7515193
5,-0.52617306,26.510577,69.307379,104.06716,14.596924,31.61487,18.410014,2.3978927,0.55146217,4.0090182,16.927146,16.522773,13.388154,11.269465,15.511057,24.323703,34.06738,16.360165,28.554707,28.743383,22.270861,49.74379,2.3311141,1.9067808,4.0143587,3.0748457,10.019706,7.9215614,10.105384,4.4776339,6.3653337,14.373703,2.3908977,1.9927915,9.2239255,2.5612784,10.361007
6,0.16534099,12.469835,56.009003,112.18475,15.944982,32.961122,15.272299,2.1803976,2.5005201,4.3162643,3.0567666,5.4761299,10.266062,13.406739,23.670988,1.4267544,28.847513,20.829373,21.781514,44.946217,17.041693,51.507205,1.7700215,1.7714677,7.1644233,1.0446436,11.699743,10.071042,10.479545,8.5444078,0,14.732525,1.6689928,6.4593319,3.694835,2.9725832,6.3771329
7,-0.1015636,18.851604,51.539019,105.75405,11.156734,33.759022,37.341823,3.0088054,4.2795413,3.0186629,4.624808,12.359571,12.393463,11.43111,8.4051887,9.808307,30.469922,21.683757,24.607256,44.114483,24.136516,28.378116,1.3692011,2.4075165,1.8231965,2.6704666,8.2030189,9.2982186,7.803898,11.196138,5.4194329,11.701585,9.5242514,3.0407074,5.3646803,12.8841,23.019553
8,-1.48809084,12.828905,56.09781,49.628386,5.1320885,20.336267,3.0164683,2.7273436,1.2632932,3.2655596,2.7423488,8.6346944,15.010327,10.5666,7.9948533,17.677029,26.988878,14.886139,11.124614,19.64121,2.0399901,18.388492,0.49319443,0.33522282,0.23153284,1.6082523,5.4731827,7.3870281,1.6180342,5.6154559,4.0475345,9.2022116,1.9061611,1.2732353,0,0,0.31761792
9,-0.91637279,15.477049,64.262167,95.507998,8.9087939,26.72519,10.125629,3.5841918,3.2005308,2.0461645,2.168972,11.222268,8.4770224,11.347197,20.930503,26.345061,24.075402,21.001992,26.138023,20.976366,24.067958,39.054845,0.78069746,1.4049346,1.8040311,1.4613104,8.1086328,8.415427,10.67332,0,8.615608,7.5177478,2.0054729,1.1814444,0,3.9922819,8.0317592
10,0.39180985,20.623489,69.851354,84.008195,16.701898,44.426171,21.943087,4.3057671,3.7376591,6.3238054,1.7313556,13.174435,14.092638,10.149428,12.814305,19.694023,44.028158,20.843873,23.318538,8.6378739,30.74175,31.78653,2.6335824,2.4288156,5.104022,5.4634667,8.3328631,14.945222,13.435528,3.9386068,8.9309249,18.14206,4.6812304,6.7403508,5.6495285,5.241603,7.5474953
11,0.64337579,12.546064,70.196845,119.20724,13.503327,37.864928,15.692631,4.078465,2.736571,3.1817793,1.6910504,5.2366935,14.571903,16.28523,12.540389,16.369614,39.296655,25.616228,23.855514,27.884438,35.908168,53.232181,2.2794583,2.1869346,3.363694,3.6796151,7.992257,6.7389975,6.155594,17.209526,4.3797077,18.629627,2.8367685,2.581944,5.091303,4.2872155,7.4771925
12,0.85256602,22.857132,59.796096,108.55785,10.211479,43.650304,33.054675,2.2123677,2.5670275,9.886106,6.9705332,11.564049,16.28939,15.319753,12.712537,16.952142,19.446363,12.221038,27.22502,22.098911,41.738392,52.278935,1.0910899,3.5226365,1.1978347,3.4006188,5.4371873,10.735537,8.5151421,4.2369398,15.221767,22.95864,3.6880673,6.9202242,0.13057488,10.63374,28.584598
13,-1.52894444,15.91122,71.470461,78.498255,9.1817149,26.940016,12.062137,1.8741197,2.5420238,2.800402,4.5059852,12.014026,12.136188,17.788008,18.553151,26.296629,24.508395,19.745989,7.5883551,22.90989,20.850934,39.466736,1.6447953,1.9929545,0.054121503,3.1765389,6.6574704,3.4643608,8.9687804,11.830458,0.96924284,11.886368,3.4680047,4.3394131,3.7150202,0.71028861,3.5015706
14,0.22247397,18.025614,80.174071,117.60308,14.334855,33.128558,28.968564,3.2101933,3.4190625,6.5255413,1.9010644,10.501417,14.128792,11.969701,22.87705,19.055292,46.993464,27.789579,25.083285,21.797293,24.661936,65.60421,1.5640952,0.77487001,7.4042104,2.4264017,8.8470877,6.8900767,4.3575277,13.791273,0.35660471,21.690428,1.0385944,8.6556997,5.8854891,1.1390308,26.805199
15,1.72613335,14.399683,75.037771,103.78951,12.721238,36.847332,22.703672,1.2612367,3.9983695,6.2088929,1.1656343,7.8323787,12.16951,18.723391,16.260784,21.79599,37.108962,22.87448,22.638439,8.180064,47.946107,44.376377,1.2082016,0.88255344,0.84285799,4.0689905,12.917925,7.0325311,7.6347238,8.9770095,9.5437001,18.910684,2.5462725,3.6627333,4.0670303,5.9372166,17.737961
16,-0.09746405,11.462056,64.149577,72.84857,10.052283,37.974067,7.3712876,2.9594115,2.0248775,0.85039211,2.3448947,8.3579451,15.983788,13.901645,20.469552,12.137388,24.959619,12.959744,15.682923,20.21594,21.612982,31.725474,1.8111668,2.5740026,3.4220799,0.64832529,5.6583623,15.202354,8.5564477,0.42044189,4.7151261,22.802193,2.7172687,3.660542,0,2.1161843,0.68450217
17,-0.26232977,28.495167,68.649953,95.406353,12.253881,29.872833,29.522614,3.8350593,3.8848608,3.8367722,17.485448,12.524231,11.5942,14.522316,10.007451,33.941657,27.337052,20.289225,24.537644,18.899591,33.62475,34.155843,3.013487,2.3864681,1.7177235,4.4642666,5.6238237,8.5817273,8.2385836,6.193152,4.0558585,13.439875,3.0090668,7.1559743,0.85851039,19.672285,12.29333
18,-0.41240328,15.742625,63.432005,97.019167,9.7055117,31.276418,31.745106,2.2914565,3.2177258,3.037257,3.4462771,11.010078,15.101601,13.054669,11.616026,8.3595291,41.673246,26.25045,26.006918,39.220297,5.1962857,31.770997,1.0625071,0.71451388,2.4354502,2.8472009,7.6407706,7.1159311,12.981481,3.3925065,2.5656391,16.643843,2.676383,13.082683,2.9534883,14.809653,11.067197
19,0.58365771,22.757798,74.435214,95.6061,8.9844678,38.780166,13.84565,2.9776912,7.0590422,5.1280593,2.3811012,14.986994,11.36408,15.557649,13.550389,24.714847,41.942017,27.421735,26.305105,26.175158,5.4656144,43.186099,1.466581,3.2129274,1.1412374,2.4745884,4.3095572,6.2745365,8.7775757,6.7070996,6.9991575,27.475472,4.0629908,3.5323449,0,7.5386584,3.7322205
20,2.38600527,24.519582,92.914792,105.35737,10.197317,60.731536,20.697773,3.5284172,4.0041823,6.9825605,3.5510992,17.763727,20.19113,17.470625,27.624409,20.741039,43.452595,26.519878,12.618527,24.186731,28.997378,56.520115,1.5219857,1.404103,0.45350173,0,12.417595,18.441114,12.679758,24.563551,4.6417179,20.251041,8.7822902,5.755063,1.6274993,4.1570482,6.6186804
21,-1.32398098,14.467525,46.122426,74.396879,4.4591131,25.528385,16.23338,3.1516324,3.029542,1.9176651,3.4448459,9.1646865,12.328342,10.70908,9.1566131,8.8272837,22.561039,22.259393,17.921748,14.526562,16.894816,28.975077,0.61853168,2.562719,0,0,3.0605036,11.324326,8.0780547,0,1.6556141,12.342819,1.9710331,4.6790954,4.6561731,2.6959455,9.1376874
22,-0.07391216,17.175032,45.403413,97.574013,6.8089474,19.331078,22.147455,2.7602133,2.6217733,2.4284385,3.397739,14.356801,5.7461456,18.889588,0.80127439,14.077891,24.81478,17.921782,19.692056,27.399224,22.510852,50.159843,1.0238244,1.4544111,0,0.77415011,7.1303705,6.9580134,2.7930094,5.1838667,4.5471488,6.4377862,0.83556004,5.2051431,2.1610571,6.3903551,19.206508
23,-0.72008613,13.642241,57.698525,87.361148,6.9410512,31.926077,15.29975,2.2149538,4.410857,3.3286648,1.1544202,8.0936484,16.890917,11.964029,19.938172,2.8392269,26.404592,24.562641,22.208226,24.916488,21.792643,22.762335,0.74346568,0.93113924,0,5.0350763,3.7248035,10.022006,7.2326035,9.780428,0,16.102215,3.2687272,4.2596025,3.3686095,0.94809794,9.6748251
24,-0.73975646,17.660121,62.387492,109.46182,9.2913447,31.447216,13.770505,3.1469872,3.2903666,3.8801646,7.5400177,7.1651365,10.180268,12.290527,19.936316,14.909873,30.947421,31.871164,22.866732,24.505951,26.881096,42.600286,1.6444171,0.79472712,2.4807513,0.75750796,8.1933681,9.8753127,8.0778289,8.1570652,2.283219,13.817116,2.6668215,0.62693776,0,7.7003382,9.7853175
25,-1.25343159,10.897692,52.673891,88.110381,9.6661215,33.649285,9.9640297,2.9571197,2.5842162,0.29778487,4.9218555,4.4135356,11.629065,8.1690264,11.724945,17.797337,25.067507,25.609885,17.102684,3.3563262,34.385476,42.521678,1.1998028,1.0993338,0.80836108,2.4298437,9.3267386,6.7337553,11.987391,5.3712127,1.384301,21.506766,1.6769454,5.110182,1.9164515,0,4.7853863
26,-0.18660642,12.809302,49.129139,88.665331,10.436132,26.160759,13.97366,1.6013719,2.3038033,3.5167229,2.886196,8.4357928,5.6220434,15.436089,15.428393,4.2169428,28.869859,21.636139,19.898071,22.180009,3.9074145,56.311026,1.831334,1.1483963,3.2639116,3.1452998,5.6833479,5.3800097,6.7591576,4.7849011,2.5653612,17.711503,3.0553295,1.8566996,2.6560397,4.5175524,8.0379789
27,0.95453313,14.884198,91.82581,121.4143,11.398918,30.641695,20.93719,2.2963828,1.8865385,7.6517425,2.2408292,6.9768276,14.112745,19.231883,15.865028,38.107376,44.012628,27.338335,23.553138,34.951992,32.796395,49.29893,2.3307699,1.0197016,4.5351838,2.2981486,6.0627353,3.8577605,7.3633864,12.920849,3.1518957,15.985586,4.2072826,1.4654414,10.301189,2.6875542,11.030745
28,3.30645719,24.434547,65.11272,116.95605,17.59339,28.10019,17.553147,5.8813632,6.7042138,8.0318153,0.40271245,12.323966,13.133383,17.718743,13.767764,18.809308,26.653265,15.021948,34.471362,33.255642,34.320819,46.214177,5.2489691,2.7256985,4.6302119,4.0842292,7.445248,10.845829,3.2720733,10.076066,0.32991829,13.152667,4.9178955,5.8637877,1.4431368,3.1249189,8.6178475
29,-2.11372174,7.7537607,43.110303,74.87612,9.9942514,29.762912,4.6810133,1.5967066,2.4637352,0.016160452,1.5514385,5.5377656,10.877689,12.442696,9.9084592,13.878772,10.656922,26.441216,9.5276614,16.664036,12.105931,37.687123,1.1346438,1.4776086,5.0099326,1.1421685,5.6215056,8.4445262,6.8644668,10.365411,3.5742316,10.704128,1.1026194,1.4185512,0.96153875,0,3.0931077
30,-0.29755975,18.766304,53.277585,113.6005,9.3366705,40.586927,19.62753,1.5112685,3.7036733,4.8071268,9.1435522,8.0763735,12.380211,10.142506,10.052189,12.961685,29.649725,30.328134,25.869917,15.760184,31.143693,54.027928,1.4421574,1.138603,4.2978609,0.027587829,6.6417972,7.9465033,6.6843692,12.190519,8.119992,22.70782,5.1938895,3.667997,9.5533566,0.48327568,7.5661787
31,-0.32681968,15.255723,58.671881,75.617259,15.110852,39.533363,9.0160014,2.8513523,2.5613583,2.6244707,1.1413071,13.326497,12.192371,10.669938,14.684207,18.437459,26.398013,25.50469,13.973924,23.626137,4.9838468,33.404839,1.4271061,3.8653607,7.5425625,1.9464832,6.3954073,5.9814136,8.112202,4.5129149,25.183958,12.528834,1.8894945,0.47159659,4.4098513,0.76297391,5.4238294
32,1.36102706,28.368757,80.775761,132.10979,12.148019,29.823924,18.522955,4.0140114,4.0540617,14.785143,2.8207461,14.476396,18.152359,14.167316,34.857928,11.664503,31.82112,35.022445,24.356771,27.860156,37.907021,57.368475,1.1156552,2.5147803,3.3523567,3.9744194,6.7513711,6.9017238,8.6375027,0.94227742,10.750329,14.534549,1.6653751,2.197914,2.5505687,5.9950691,15.937973
33,0.70798413,18.009863,70.369671,127.42104,10.150985,47.263546,17.064493,2.1442751,3.08884,3.6379087,9.1158925,8.160128,15.327722,16.907145,13.670829,15.528818,37.046599,36.496747,23.2869,18.999555,39.467881,57.976242,2.3584094,3.2391664,1.2812488,0.26266816,7.1475184,13.987689,18.375621,6.9069381,8.6225672,14.131331,5.4415969,2.2714032,3.9351621,1.687385,10.499365
34,0.64520571,15.013836,74.477432,106.64737,10.955394,33.129902,19.041136,1.8697944,4.8042786,1.6988212,6.2102236,6.7906889,14.141437,17.069872,14.565044,16.486039,43.456049,21.118265,18.33116,19.841052,25.910326,68.099082,1.1386799,1.5727621,0.2814233,5.4461394,8.2246605,6.9903146,7.9018049,6.7664694,10.3113,14.214379,1.1781949,4.3777153,0.53559293,2.5853628,20.868394
35,-0.79667684,11.034541,63.697519,91.487604,10.506496,32.524726,12.048881,1.9057332,2.0142165,2.7817858,3.4370919,5.6600618,15.296736,13.556338,22.589354,12.061374,23.185518,27.794446,19.851006,16.54908,24.382967,35.583313,1.4495656,1.8136398,3.4378597,5.1425287,2.9607091,15.651343,5.99029,5.87887,6.2833804,7.7804999,5.597111,1.054067,1.653488,2.9426909,4.8887171
36,0.35825593,19.244149,63.274349,116.0992,9.436715,43.006418,23.104789,2.6392561,6.1503536,1.537366,8.0791181,8.9650545,6.080323,15.202282,12.577912,27.556458,29.884144,29.824576,25.749696,19.465934,37.080951,47.921557,2.102789,1.016546,1.5039866,3.1940114,5.9016189,20.831105,6.8176592,5.6882703,5.4626564,17.457789,1.6851363,3.7805868,4.5817682,15.085247,8.7126445
37,0.02009532,21.84233,71.220532,83.129656,11.672099,37.952857,20.987398,2.8737519,3.8769247,4.365738,3.6133964,17.651131,14.585907,9.1890452,12.126511,26.767221,39.860877,17.907481,23.164786,18.468312,2.0811868,54.913452,0.93626531,1.4841292,3.4409504,1.9052564,9.884269,9.4627552,9.4326111,10.017233,8.0601375,14.782429,3.0620467,0,13.180225,0.94064029,13.318697
38,0.02161614,15.247807,56.555971,75.364598,6.8644855,28.944361,24.101733,2.6087026,0.888404,7.0715944,2.6459218,8.7795381,7.9185968,2.1798941,20.656663,16.624324,36.02182,20.966,24.779252,5.6305365,18.017141,32.919138,0.43559302,0.33877214,2.3182371,1.711586,5.7603866,6.073653,7.8298572,2.9954784,4.6655439,19.724745,0.57997986,6.4663178,5.240127,1.5153487,22.74523
39,1.47951649,25.81481,75.606978,108.49972,9.353898,47.435849,20.487844,5.751801,3.861812,4.4862558,4.635981,18.574355,13.982687,20.017505,12.461115,17.292879,43.212305,15.197435,21.64651,30.341136,37.631524,49.590574,2.5713275,1.9792685,1.7212638,0.3487502,6.5839722,11.837594,11.586843,20.013954,2.561783,17.696851,5.451359,1.84276,4.478239,4.7601839,12.765776
40,-0.23339958,15.726542,48.916616,83.955359,9.7865322,23.498262,11.464311,3.3564406,2.2201109,1.9846675,7.4595653,7.5323243,9.6893756,9.4865241,0.77498075,21.445814,29.560483,21.958851,12.310466,32.613765,5.6430152,43.446374,1.4478601,2.1688449,2.5534365,2.4622555,5.4083215,5.8591068,5.896703,3.3955943,6.0218077,11.527053,6.0337864,1.1201765,0.61678,0.3852348,7.3164418
41,0.3846467,22.179208,65.13577,90.854247,13.651543,35.693059,15.530872,3.4533779,2.6783839,0,13.652188,13.221837,14.665318,9.7018505,29.454876,15.947249,19.067158,20.240601,20.953338,27.265775,10.162216,47.343302,1.4583515,1.4107118,6.8362959,4.1983759,5.6883761,2.6782862,4.515379,20.791188,6.1319202,17.194143,3.5223237,4.0976995,6.3009852,0,7.2331311
42,-0.85946889,14.859363,57.684419,121.03917,9.9597735,40.608042,12.687668,1.0209335,2.4622965,7.3639257,1.9968519,8.7695998,10.810537,17.099812,14.735845,12.250432,24.724881,34.180693,25.924206,22.47663,27.822611,55.780216,3.9912675,0.69430389,0.12968689,1.8297862,7.5195512,13.14181,12.508445,5.4158706,10.329705,12.393149,2.745074,1.7364682,4.4042481,0,9.3278882
43,2.04455126,23.528939,84.549654,90.691513,14.759275,42.889303,9.6949351,2.6788052,3.4644429,3.9823769,7.4742254,17.553168,11.939911,17.508499,17.429925,22.642999,52.888726,31.329002,12.436902,14.048249,21.462907,45.50405,2.5480532,3.306798,1.2907777,3.0497036,11.431303,13.586143,8.2489759,5.3591416,10.283895,21.674514,3.3717215,3.7086501,0,2.8227926,2.8078444
44,-1.30049407,14.864261,56.146906,86.512558,8.5705467,26.513015,10.376199,2.6133112,3.2477041,3.1774311,4.2302795,7.91709,9.4343193,13.965997,14.954572,15.13557,25.187828,20.994785,26.064374,9.5226228,21.818303,40.820065,0.9221612,1.5612958,3.2742361,1.3561678,5.3643128,7.8773944,8.9503698,5.1097813,2.3359567,11.139893,0.9875256,3.5477928,5.1597617,1.7175279,2.6963367
45,-0.51017656,8.0322951,69.908555,57.831281,11.812267,36.346111,21.420694,0.66370244,2.7504473,0,1.6848951,6.9238454,15.033782,8.5311064,16.158204,24.083273,35.801974,12.65764,16.11074,15.579691,1.2861529,34.737352,1.8158602,2.5255368,0,5.4475519,7.5853243,7.5676836,7.6968025,4.9699938,5.8236693,26.329276,1.440417,2.3466757,4.9891463,12.290487,10.880276
46,1.23396139,25.958892,79.763863,111.20719,8.5679795,46.314011,19.974774,3.3903451,3.6155116,2.9595518,10.361542,18.387804,18.490324,15.090087,23.124564,13.823983,40.586214,22.36276,21.282712,39.499477,14.796827,57.488631,1.2835144,0.86059843,4.3535521,0.049795995,5.8848615,11.368137,7.8633888,14.487972,10.420225,19.904631,1.6286005,5.2510361,12.82127,0,7.9572634
47,1.47072696,13.609553,72.672522,105.62372,11.962674,39.623556,23.663951,2.9833151,1.2030527,3.0113086,6.2949139,5.9780334,19.710038,16.426218,11.576182,18.299588,34.246047,24.378234,24.097571,36.287504,25.778056,32.614985,2.1568833,2.3857053,4.1940536,4.269358,3.5568158,8.209195,7.6927928,17.830458,6.9687333,13.451295,1.6886621,4.2094527,1.0180762,16.395708,12.057544
48,-1.15439684,11.139889,46.597362,86.449402,6.3767717,26.085531,15.349667,2.1030183,1.4329807,2.5891015,3.0913364,6.9746739,6.4446998,10.845799,13.178141,6.5896934,29.904491,12.089944,17.744727,20.912241,18.103171,56.312694,1.5800196,0.57583855,2.0800266,1.4301108,3.4023519,8.9067984,4.1329593,8.9414276,3.6617889,9.2730952,1.463942,2.3262122,7.074255,2.102827,9.3770444
49,0.54677493,21.099216,71.038232,102.42106,13.648521,29.244547,22.687942,2.540892,4.9353585,5.8866983,9.4421641,6.98633,12.940262,12.232373,13.660777,31.721512,30.386845,23.658858,19.807262,14.678593,53.423921,30.506024,0.8017518,0.77204793,3.9166046,4.6816383,10.740485,8.1847629,5.1898678,4.1961688,5.1811774,18.534981,1.4726331,3.4164283,6.3808915,14.662134,7.0560585
50,-0.18054964,12.224379,43.623899,126.7293,8.4136218,27.411547,15.42271,2.4010366,1.5928721,4.5090727,2.570544,6.2917655,2.2048504,8.4081852,16.409013,18.761918,17.278706,26.470753,21.777751,44.115449,35.111407,48.075812,1.9296693,0.99763279,0.9510993,1.5733227,6.9766824,0.6010821,3.2306685,15.078791,6.3969164,15.10964,3.3887917,0.53587484,2.5983224,1.8351771,14.905107
51,0.23553328,23.679166,40.63941,100.76282,11.311406,29.612443,9.1991448,1.1636223,5.3725616,8.0472813,4.1412806,16.142864,10.72039,16.228683,4.9547899,2.752852,20.117113,16.928568,21.713234,33.994513,21.099845,47.588984,0.39528575,3.2135239,2.3367036,5.6895675,4.8386964,8.2883911,10.461674,6.3039166,5.396718,8.6647969,1.4021488,1.1315004,2.0754409,0,9.2734524
52,0.73109522,19.017881,64.599078,112.99794,17.136028,35.130421,30.330655,1.8527764,0.56081238,5.6997532,7.858191,12.705141,12.231937,10.416329,11.864083,23.368664,34.756183,26.023756,22.857927,30.799391,38.624268,36.763223,2.3164773,1.8724856,4.7575069,4.5800296,11.776096,12.976785,10.342778,1.7243818,4.4544857,17.630866,1.9903093,4.4840449,11.830923,4.9665347,21.72949
53,1.43123427,12.985761,68.778074,121.25524,13.326187,35.274254,20.315762,1.5604473,5.8359472,0.3440506,0,11.023929,12.543638,13.582885,18.116555,25.112639,27.091644,19.419052,24.71287,25.754645,28.720144,75.992789,2.2889356,2.5309691,1.5450137,7.0476792,5.7024439,7.8297856,5.8300484,5.5567515,10.410058,20.84916,2.0794336,4.7535602,2.7848767,9.6011445,10.395197
54,-0.3350323,22.833052,84.792662,87.091626,12.400208,38.594332,19.733102,4.3034635,2.274115,3.0466248,9.7311712,14.133283,14.87501,12.413382,23.105622,21.462321,50.039414,25.411696,22.064239,29.747744,7.8277154,30.752157,0.60601737,0.9963632,4.4010003,3.2435286,9.6203658,15.37699,7.8617292,0,9.7785354,19.393248,1.9407202,2.5997408,9.8140158,1.3620177,13.062729
55,0.534986,14.582993,85.216694,115.6721,18.403063,43.378385,20.308596,2.3966873,1.931246,3.19759,2.3672844,11.695601,14.494902,18.535704,20.314518,26.547894,40.55117,20.063887,20.14876,45.899635,30.662414,44.463423,3.0359791,5.762802,4.6674521,2.228326,10.066157,9.834436,7.6233622,12.809252,8.5958134,21.834244,6.8048792,6.3709398,0.053102166,1.4548798,13.218571
56,0.32512801,19.006633,58.299931,119.96491,13.282981,31.833677,27.44289,2.7248499,3.8540778,1.0910389,9.7121063,10.3881,14.213662,14.01817,16.43569,7.9524417,27.421832,26.48046,30.471306,32.230891,29.930834,45.089476,2.938316,1.0516675,4.2437171,3.4235388,7.3593717,5.8297008,8.8880429,9.3771606,5.7965745,14.239734,3.3711971,3.4043097,10.66525,5.6973689,16.820898
57,-0.07623907,17.236977,39.254971,83.552402,9.7365238,29.44158,9.6181107,3.0369819,2.0350163,5.0428127,6.1475973,8.4874874,3.1164601,9.0537777,1.5699808,15.616385,29.681727,11.54987,37.825591,19.691157,7.7015444,37.194026,1.1948255,2.5390534,2.8473492,1.4684346,5.9461416,7.6322982,3.6529586,8.4371375,10.188052,10.966882,1.7735339,2.9493633,1.2067917,0.15026731,7.8499396
58,0.00221367,16.358519,57.330839,98.018715,12.821059,37.445002,18.32334,1.9944461,2.540284,4.1954262,6.3025765,8.8206633,15.552656,10.959137,15.761467,13.01385,23.14679,18.006961,17.115714,25.126548,29.53701,49.38394,1.9366894,1.3025235,4.4713937,5.1882357,5.5387,9.1365238,10.788995,4.5245789,8.6675856,18.742857,4.4972066,6.0624019,6.8915886,0.01393672,6.9526767
59,-0.58758244,22.444239,59.02663,114.90226,12.851324,35.424668,11.984352,1.5701906,5.2525911,4.1255705,12.628494,8.9908914,8.1784826,15.546244,10.097536,22.612346,27.546348,25.262853,26.202988,20.455135,22.098812,67.989396,1.3369138,4.3570405,1.3675783,2.8999416,8.6994297,8.0462127,9.5143336,8.5795091,5.036813,17.806393,1.4421588,6.4989844,1.9226553,0.17239541,6.4671864
60,-0.32272723,17.64822,73.633998,87.104561,7.9746557,24.206481,19.988856,1.0983724,2.4640085,6.9963058,5.4551873,9.9596745,14.232724,11.579905,30.338118,15.066716,31.392341,21.243282,14.564477,15.552325,26.46849,44.827591,2.1044708,1.174362,0.95373682,3.3174663,3.747294,8.8363214,5.1988251,5.0815942,1.6570784,11.791451,6.2732829,0.5228042,4.6720996,9.515075,6.9099408
61,-0.3606019,15.408246,40.89125,76.672906,15.961621,24.279457,16.981535,2.5614583,1.8980456,4.2127547,4.4124441,9.3155929,12.677063,12.634753,3.913847,6.3395237,19.803813,11.852944,20.082877,18.180137,23.641065,34.04757,1.0292107,2.3067579,4.1435489,7.0724206,9.1809329,6.9319989,3.1166252,4.2959275,7.6386308,12.129188,1.7705346,6.0543616,4.802438,1.5079732,9.9350388
62,-0.45726912,15.323061,69.927892,78.964517,10.855753,33.486102,24.661141,3.5659748,2.8082528,1.8007306,1.3993389,12.712222,14.364288,16.568761,13.653353,9.978527,44.533008,12.420538,23.21797,23.750192,19.5407,30.229628,1.0264227,1.7540598,3.8952118,3.3424934,5.797755,6.8851547,9.0203091,3.5270946,12.918146,14.55662,2.7718643,2.9602296,6.7552825,9.4976483,14.324674
63,-0.41904435,15.062824,45.748036,115.18294,10.767439,25.313186,14.013083,1.9257193,3.5819242,2.5410467,6.7486207,6.8443467,6.682242,15.344274,3.9190461,12.113373,27.197748,10.547864,32.389772,23.189228,43.316808,55.745146,1.8539576,1.0433677,3.7375852,0.067564461,9.2110496,7.3626341,3.7123613,5.3009416,2.6708887,16.669694,2.7139471,1.6457268,7.2707418,0,8.1612359
64,1.07261449,18.858954,56.683491,111.15824,12.481747,32.226145,22.90053,1.8352592,6.2933576,3.2809155,5.3439122,10.253749,12.202958,16.023968,9.1440019,14.848266,26.456438,29.148271,21.330323,30.560728,31.291663,39.384909,0.44092902,1.975571,2.0860478,5.7224929,8.7700476,7.9881675,12.718047,0,8.4819168,14.800548,3.673262,6.2301763,1.009431,13.749178,7.7695508
65,0.31854303,22.221411,78.139531,106.30785,13.394541,24.869744,18.257358,4.6914959,3.4712054,5.6114726,6.6865314,10.992388,11.802291,11.118197,28.78725,24.98344,34.345767,18.944657,21.821633,40.305886,22.08151,44.636269,2.2861358,2.2859911,3.9338846,2.7221276,8.014978,7.1203074,8.5668787,0,4.2836586,14.26313,0.69906611,0.65955537,5.9444877,3.8043401,17.368203
66,0.71359699,20.911514,57.083033,92.538149,18.877593,47.447897,21.073832,4.2035496,1.9413476,7.3560482,6.7456834,9.4360424,6.4751516,10.980165,19.675241,16.67889,27.982368,33.034088,10.068327,10.615536,26.998568,47.386284,1.8258441,0.88191729,8.8178,6.1750235,10.010434,11.007084,13.482937,10.405364,2.3394866,28.671418,1.694739,0,7.0723192,0,24.236375
67,0.55871921,21.052141,67.179252,86.982407,13.16304,40.840944,22.353522,2.5759325,4.358631,6.1268925,4.027476,13.428183,12.429521,20.287863,9.123198,11.139971,42.076852,22.229257,25.402613,8.2478833,20.870906,43.263992,1.4544342,4.13694,2.5892574,2.8555322,7.868267,13.327901,17.535649,0.4119268,2.0567962,20.975445,3.0303985,2.3276084,1.1168937,1.1571259,27.319365
68,-1.29222475,12.199878,59.058225,104.81739,9.1480118,21.212016,9.9588789,0.48123736,2.3791979,4.5161985,2.7762042,7.9302546,13.092432,17.447037,9.6295946,12.532691,29.063898,26.555062,24.261226,19.701534,22.895078,51.640875,2.6213075,0.39419483,2.5420392,1.9615141,5.5482084,6.772156,5.6752638,2.0684,2.6120049,12.010615,0.61449829,3.7137558,2.4593904,0.36878554,7.361551
69,0.26781071,21.101418,86.295564,97.018068,13.440492,42.287739,15.799004,2.747323,5.9860709,3.5114394,6.8014516,11.127781,15.136536,28.007914,24.578641,20.890921,29.030255,20.338527,39.408519,5.3007902,26.165094,41.324161,1.5357847,4.7830898,3.1453798,0.46765278,9.2789783,9.0829028,9.4290124,19.479615,9.0929835,9.6375448,1.2956599,4.8898855,0,1.334533,16.504808
70,-1.76983423,17.430938,47.89261,76.357033,9.408046,26.475899,12.421223,1.9016444,1.0988226,6.3335526,4.6712782,11.956165,10.223612,11.16265,12.491196,11.059441,21.553401,13.008083,16.76075,17.54878,24.131977,36.607238,0.51754435,1.1576103,0.35246587,7.8542272,4.3767432,5.9003846,7.8890533,4.9751339,6.4666134,11.226126,2.425656,2.9170138,7.6074653,0,3.6660674
71,-0.06538151,14.375323,52.232135,72.641945,10.560282,31.050842,11.613041,1.4775724,2.188368,3.0241834,4.3482635,10.42833,12.232951,18.107785,8.5865575,5.9453577,26.607038,11.852377,14.73772,1.5882472,24.309702,54.814782,1.4882955,2.6446278,3.8497132,2.225126,4.6253784,7.8076999,7.9714991,0,9.661859,18.473077,0.82181678,2.6892624,3.0364365,0.48445905,10.426217
72,2.38666291,26.937674,56.928164,136.56799,17.062063,31.857482,42.80985,2.7820692,2.987843,12.577345,6.98694,13.595057,14.796517,7.6650007,10.569454,5.2166908,43.544617,27.461277,35.745478,33.210149,37.778433,54.25013,2.7042664,1.8693346,2.7620914,2.1000356,16.328043,11.72697,6.9601657,1.6231079,6.6957515,16.425647,2.0793061,10.169663,9.0494538,10.105871,32.481568
73,0.18089293,19.148403,69.248237,93.20448,9.7076227,32.395328,9.4931233,7.0110686,2.3126727,3.7550027,4.3809233,8.6709055,13.552045,13.747644,21.067123,15.828597,32.766256,22.894533,26.105409,13.510632,25.395741,40.09818,3.0869837,0.29072116,1.3801054,4.3533941,4.6872736,8.4563517,6.0856372,11.577368,10.633442,6.6831276,3.6882217,6.6680582,0,0,0.89232551
74,0.78051758,14.870723,36.811711,84.546285,10.341587,26.016728,15.385746,2.19724,2.7005703,5.3595849,2.7843499,8.2339047,10.78095,8.0195246,2.775545,6.5494698,23.561573,21.134584,21.859154,11.252836,24.8272,37.637734,1.4485563,2.6823727,3.3898141,0.79226279,6.447073,8.5920507,3.880216,4.0448206,7.9556056,11.344306,0.7426625,3.6932614,3.0688975,2.2495111,13.516225
75,-0.49987842,11.537429,58.033952,95.793936,8.8606589,24.149565,13.654749,2.240649,4.0182455,3.0902538,0.73861114,5.8022712,14.293037,9.9713625,11.74534,13.872403,31.793468,20.078081,23.257887,17.571118,21.224259,52.508535,1.5139398,1.6875031,4.3072458,0.42581283,4.491568,6.3026538,5.0979955,0,8.1588658,14.84636,1.243581,1.5378284,6.9588935,0.097446823,10.351695
76,-1.38173977,19.045623,55.570637,105.84566,11.499316,31.400194,12.485163,1.3351767,3.1340792,2.247838,8.1188727,13.98992,14.478568,11.235888,10.933041,12.655266,27.929813,19.66353,26.481521,14.011663,19.844811,71.682982,0.50961675,2.5306606,2.0113096,1.5712199,10.960791,6.6756761,12.155543,2.2381065,2.529241,20.199402,0.93517676,5.1428632,3.8916677,0,7.7177118
77,-0.07019953,9.9690985,53.517359,84.120955,10.593471,22.907544,12.774791,1.6747154,0,0.95205342,5.7621417,6.7349622,13.264324,10.523029,14.211089,5.9291504,30.786266,23.606162,13.278861,21.941153,18.352972,38.926466,1.8303758,1.017227,2.7708774,0,10.273457,5.7594991,5.2915853,0.61357177,5.1412832,16.013132,0.96300014,5.9100874,0.56780622,0,11.27274
78,0.48538021,18.05277,85.626917,115.22839,14.80108,39.788559,19.580809,1.7744601,3.369826,5.1589594,2.9270353,13.445448,12.391673,11.584408,26.721267,27.928512,44.748663,26.151537,23.784224,37.357491,3.3433446,70.339253,2.213077,3.0561051,3.7944207,1.8358271,10.599612,4.2176907,8.3261581,22.447056,7.5461991,12.687418,2.0013375,1.4412743,0.39345993,5.9462194,21.029193
79,1.08893312,13.44195,58.512582,87.333629,10.322035,29.923079,20.387569,1.368957,2.0052754,0.7065617,5.8882414,10.458817,10.827498,8.1239143,26.446948,6.1297314,30.883311,24.209096,30.384179,21.2282,17.19859,21.550459,0.83280573,3.2821214,2.4222539,2.0261576,6.3728431,6.0265467,6.5976043,10.816486,4.1167058,13.987481,2.5389457,8.3241816,0,2.5558358,16.140937
80,1.2325578,19.674544,84.908742,109.08792,14.165384,37.294646,37.11982,3.9258629,3.982733,3.8670055,4.0835173,12.268459,22.174088,15.768911,17.340443,11.357097,52.574279,25.656802,28.378553,27.218453,19.44393,48.934648,3.8314175,2.5497258,1.6008264,3.3408471,8.7513849,12.637407,6.7165268,0,6.059904,27.290118,12.045691,2.3078499,4.6292467,3.5401524,31.093682
81,-0.02605063,17.384897,51.411308,65.141785,9.7556263,25.679725,19.904688,2.9955546,2.5657944,3.918482,6.0220867,9.6091419,12.782831,12.389265,6.1225728,8.2184933,32.93917,10.893573,17.753967,9.4177491,23.774813,30.137279,2.528705,2.0017281,0,1.4969701,8.1666888,6.712699,8.4275597,11.046374,0,7.4050929,3.6514971,2.5221507,5.3308051,5.4662563,11.796411
82,-0.14576753,15.303008,63.621771,97.124154,13.613996,38.145268,10.569702,4.1271408,0.4021039,1.370615,8.0405824,8.2768819,7.630284,12.32277,18.729965,25.778424,26.349482,23.17537,15.912141,26.447066,25.88789,43.846217,2.0532348,1.7879003,4.1059837,5.0536409,6.6261596,12.341703,8.6225534,0,13.670593,17.92279,8.0006685,0.6183944,1.7320536,0,2.310403
83,-1.80934954,8.6129181,38.103457,80.056992,5.1423187,32.208751,11.186239,1.3945038,1.9655991,1.8477574,0.29268268,7.124612,11.934149,8.6447946,1.4059361,2.5675058,29.235951,18.743945,18.412684,20.585606,16.994797,35.701485,0.97162232,1.1426,0.012096114,0.25198546,5.3960677,5.9264448,9.9475232,13.522371,1.532049,12.807068,5.1519705,2.8693184,0.40661431,3.3128934,2.6372845
84,-0.36637526,12.435606,63.423214,87.031272,9.8200188,29.751497,12.605597,3.700345,1.146116,0,4.4360271,8.8004639,14.133258,9.5238955,21.165406,17.686902,25.710525,29.580294,11.621499,16.425316,21.168801,40.546719,2.8487616,0.39425909,3.0498873,1.9296009,5.7271159,7.1106322,6.9220881,5.0775205,6.1997605,16.402751,4.2477369,2.4159652,0.38774245,2.9278458,7.6818575
85,-0.12382757,13.353897,49.357937,106.7449,11.239914,24.188804,9.0836295,2.1915334,2.1236668,2.2361485,1.0403903,12.358364,11.284951,8.5921759,2.8287083,21.220008,26.726778,25.169619,18.427768,30.042219,30.408921,43.895831,1.4821041,2.3955835,2.6025942,1.3557867,8.6774882,3.4498567,7.1334177,7.590507,0,16.171522,1.8890518,2.1202502,0,0.97584957,8.4588855
86,-0.33905545,13.926428,76.90743,91.509121,7.2687333,35.484223,18.925535,2.8292229,2.7329489,3.2653578,2.6668363,8.35241,15.220243,11.874777,24.98816,19.766752,36.4212,25.405012,26.321234,25.620332,6.9344082,38.446635,1.6459332,1.1183912,0.38558889,1.6283142,5.9613554,6.2525288,9.5591075,9.5617425,5.6253554,18.778485,3.037305,1.3280884,4.1915843,5.2796996,14.423255
87,0.36810868,18.637965,61.129544,106.88334,9.7091177,28.227651,15.729853,2.6141092,3.4119434,0.31958037,12.807302,8.0598841,6.6219564,13.682791,20.357308,20.535508,25.631941,28.498916,13.311911,24.118312,42.620749,39.833797,1.4561823,2.5194749,0.59547268,4.1483393,5.3396576,7.5203281,7.6772908,5.0261984,3.4313922,15.277763,1.2710586,8.7435834,5.4539839,0.4622784,5.1276666
88,-0.13516936,17.309625,52.284903,126.77998,9.9360348,36.347108,9.2153941,3.7204271,1.0188026,5.9953541,0.60456155,13.978145,15.455164,5.6082741,11.311294,10.595747,30.56914,28.580556,31.032739,42.680542,15.381673,55.727162,1.8916657,2.2359613,1.6783293,0.61966882,8.0312656,13.02654,7.1549194,11.106732,5.5658474,11.074732,2.7747977,1.7614598,0,0.086492522,8.7872394
89,-0.82791094,9.7912852,50.180078,65.929144,7.4441715,33.780843,9.9288757,0.93669994,1.0091206,2.3601326,1.8509559,8.7999125,13.102299,16.343848,6.6897984,0,33.273305,18.722075,11.993396,4.4648573,18.822028,39.00576,1.0824838,0.48525138,1.6139336,0.22055474,8.0725945,12.96127,7.679085,8.9372306,1.0970819,13.820614,2.7055673,1.8120572,1.9232716,0,7.7361461
90,0.38739429,17.034118,59.387078,81.561542,9.4057297,31.487249,13.982669,4.0069489,2.5378355,6.7883677,2.0923044,8.2601588,11.153739,5.4633071,15.164705,10.795658,44.530627,12.168942,20.332568,18.354437,25.725601,38.931708,1.9165372,1.6638511,4.5706846,0.39773711,4.515169,5.452665,10.092138,2.5762107,12.740609,13.310462,5.594258,2.6724727,0,0.72452531,10.432528
91,0.70699401,26.005858,67.825193,110.45652,10.018469,19.185613,19.518495,2.5915235,7.8856546,2.3327125,0.065311135,26.043755,5.4822136,18.692897,11.714067,23.516453,39.243338,20.206064,24.351331,24.945024,24.713624,62.459291,3.2382229,2.0458848,1.2248953,0.28550849,7.2599975,4.8983354,5.7381416,3.1484654,3.1589376,9.4709122,4.641027,1.9262905,5.4423601,0.03947917,16.361086
92,-1.685313,21.206672,52.152542,128.73642,8.3805183,26.418285,17.611998,2.6015248,2.8715926,5.847188,2.9647016,17.283569,11.327686,7.5756822,7.7989899,15.096979,33.447924,22.287918,23.082353,26.217058,29.587911,84.895458,1.7012177,1.5678244,0.87871281,0.44885765,7.8293839,9.1012953,3.3683962,5.1602677,0,19.401788,4.7008317,2.1539585,0,0.081168786,19.456226
93,0.23880031,18.321723,55.824489,117.87637,11.896958,27.632369,22.337248,3.3691883,2.6724829,2.7638871,3.9894097,14.185682,12.098423,20.137594,8.5509981,12.365519,22.904928,27.709787,27.500255,13.931578,47.847977,46.68856,0.51462713,1.7215419,3.1473312,4.6492165,7.890011,10.782931,4.3778052,0,9.5214353,13.179096,4.1667237,4.8707424,2.2459506,0,21.78315
94,0.07501513,27.687758,50.338045,94.864951,10.134121,28.741654,12.935444,1.2778417,1.5110963,10.6831,7.8955006,20.674659,11.599157,11.334735,9.9989365,16.453875,20.373886,17.257162,18.976346,24.290672,25.374567,48.31509,1.3436313,1.590758,3.9258442,2.8843326,4.7790587,3.6117066,6.9175199,0,7.1218704,25.536487,1.8932094,0.21048247,0.53331546,9.4232266,7.5930949
95,0.37425457,22.904392,64.151552,110.9912,8.1015036,20.917657,12.516436,2.7247398,2.2345084,4.0565646,9.6058066,15.670434,9.4711409,14.996112,12.545722,29.493801,24.187187,23.028336,25.388501,23.111268,30.181375,53.634678,1.1113911,2.1539903,0,2.4086671,6.347709,6.1416169,3.1313961,1.5723102,3.7389182,15.443685,3.343942,1.4426943,0.98751466,0.88241909,11.862982
96,0.4904933,21.851058,70.301625,104.33065,8.9099477,31.199646,23.10837,2.8555277,4.6176267,3.747117,11.142177,8.9933617,9.8856937,16.880087,14.822153,14.847244,44.863868,23.73543,17.949414,11.345794,42.109567,53.098148,0.26864385,1.1916761,3.0100687,3.3787405,5.5548901,12.375198,10.490578,0.48774478,6.0694314,11.450021,2.3792856,4.2897799,0,15.322497,12.307893
97,-1.69292223,19.728036,52.00838,89.555392,7.963412,29.91707,8.915734,1.7171337,3.2318519,5.0237228,3.7408046,15.827977,10.644665,5.9057872,14.616367,14.689285,28.526639,27.018479,22.074331,24.082597,18.289978,27.77211,2.1158945,1.9845959,2.2497247,0.97193791,3.5656823,7.6676184,7.4747128,5.2381652,0,21.739227,0.76334087,1.9559049,0.30009226,6.457478,3.6472274
98,-0.93893792,17.103532,54.758357,101.90304,7.0516344,15.427054,20.49589,2.1979136,2.2504103,3.3507051,5.7679538,11.830386,10.459738,9.187103,12.723275,11.722627,34.565498,19.015549,18.190774,28.534966,38.951129,38.039746,1.027884,0.92816412,0.95773156,3.0047451,4.5742776,4.4871231,0,3.0822173,4.7806657,10.05332,2.738881,0.8429392,5.7928771,9.451695,11.553145
99,1.47534786,19.673725,86.79875,88.42453,14.679997,36.482168,30.907496,2.6513595,2.0202343,6.8196623,4.6151538,12.733451,21.486591,17.575684,13.852889,23.789683,44.768211,21.762549,13.554149,7.3010026,26.093413,58.447827,2.8689098,2.1332683,4.7098582,3.2748163,7.8971709,9.5388691,3.3508771,13.980608,6.121278,17.920542,5.1488314,1.4097696,3.874918,5.3605365,31.601261
100,0.86120945,20.348321,65.170905,96.203735,10.769154,50.111461,31.598561,2.2942674,3.7165584,7.1588836,5.0167864,11.17785,10.769843,15.807834,16.939468,16.93094,31.287399,20.319921,24.925031,37.319321,7.4415158,41.127382,2.3313815,3.1145585,1.1416754,3.0636306,5.4501339,13.443391,11.221282,6.0290611,19.184459,19.148361,9.0549608,1.8977411,3.0013436,12.566846,18.952652
101,-0.29338717,14.124437,57.915174,77.643592,12.02696,27.272167,8.1042977,2.79486,2.8746242,2.8178597,3.0737234,8.6488731,16.98854,6.214274,13.391419,17.615255,26.368506,9.9309936,18.898524,28.641242,12.327973,39.930802,1.2265733,1.6364548,5.5829803,0.44221273,8.7641911,7.1637833,8.9348979,2.9507293,1.6503948,17.052102,2.839114,1.5938737,1.4183391,0.28811815,5.0872318
102,-0.28006597,15.021894,62.217658,95.01256,9.4265418,42.04324,13.666246,1.7719329,2.7684704,2.6527683,1.6622836,13.720562,14.560045,11.472782,17.20825,12.916218,30.566418,26.345831,19.636211,20.87145,17.73852,46.162924,2.1640788,1.129296,3.9226046,0.88538197,5.1795059,10.513342,7.6149472,7.7659868,4.7442694,29.160007,5.2210278,3.6591025,1.640684,0.19372595,7.6880926
103,1.76116933,25.370757,80.76221,133.26988,16.587297,33.538127,32.0697,1.9683625,5.4312739,5.2306062,7.0071535,17.984917,15.686912,26.200928,18.298704,26.079215,23.394507,19.181694,40.171175,30.878205,33.13105,63.616602,1.317993,3.9311097,3.7046708,6.3096099,8.9074248,4.7192987,9.8588624,10.820185,4.118523,17.58229,3.5780657,5.2936574,5.3839195,17.847376,14.697703
104,-0.12512287,14.470015,44.661054,99.164978,10.316332,36.213667,9.0375667,4.2617185,2.3333444,1.0225925,5.2958568,7.4484444,15.331247,6.5185974,6.9472661,8.6302866,24.240115,27.749345,21.813418,32.102672,26.998868,23.451506,2.7194776,1.0201581,4.9257086,1.2692127,4.2767921,6.5022206,13.448449,5.5726392,4.9705947,19.892629,1.041103,1.9526965,0,2.6719569,8.0713979
105,-0.70245066,11.381195,70.744243,88.697607,7.7197789,35.53407,8.4305699,2.256179,2.8472722,3.467768,0,7.5117611,11.534769,6.073616,24.298254,32.284166,26.781013,18.842111,20.576234,23.599777,22.411637,37.29845,0.66950035,1.7643399,2.7103084,0.82951353,5.3326538,7.0366005,4.942877,16.638985,5.1910609,15.722041,0.54228954,4.5637096,0.46541972,0,6.5632721
106,1.51516897,21.50311,80.916973,99.682519,14.395076,30.962113,31.121332,3.3567951,3.735389,8.7907544,3.4764954,11.111781,17.002281,15.707088,17.378357,20.388637,43.876781,13.503684,19.313655,21.480099,40.20006,48.839858,2.3720048,4.7174399,4.2633176,1.122772,7.5342307,7.1676936,12.261929,2.3706604,6.0049645,14.470676,2.2555552,5.5199281,10.548916,15.846624,10.613146
107,-0.61887926,14.867157,49.439539,94.951285,7.9420916,30.766534,11.598546,3.096077,2.8522029,3.8231684,4.0041393,7.1602019,10.74832,16.466397,11.72352,3.3577671,25.482193,10.345753,35.606939,20.698758,35.383295,29.254914,0.43250379,0.89404536,1.3204003,4.9424161,4.4436917,9.9039444,4.1149999,9.5444257,6.4556683,11.775216,4.7137723,0.64802938,0,3.3000267,7.7683968
108,0.18510547,9.9738946,54.564028,101.15924,10.796821,32.417144,11.694152,1.8887754,0.45794991,2.5953441,2.5225755,7.3365241,14.239058,12.001557,9.7274573,13.054822,26.589573,20.289382,26.32867,17.511136,34.689028,41.940036,1.8032048,0.8299524,3.2034916,2.3669366,7.735123,6.5805075,6.4287808,11.114362,5.2078197,15.983668,1.7676248,1.3811322,0.56008627,4.9052522,9.0687206
109,-0.65099486,9.436681,41.542574,94.486635,8.0470764,31.422269,10.260031,1.2405785,1.3113943,0.7893148,1.8046861,9.3186187,5.8357288,3.9931277,8.4529609,9.6745641,34.409542,27.670274,22.192003,20.564201,16.888014,40.92772,1.3683089,0.93070623,0,1.803778,8.2554325,13.254712,3.9718373,1.5662848,5.5120729,18.881334,6.4512698,1.0196214,1.1181662,0.37068445,4.0917474
110,-0.16744499,15.374732,82.066726,110.7334,8.1304197,34.081811,10.315748,2.9131811,1.8878491,3.270209,7.5196065,6.4205683,9.3515745,15.629101,18.065506,37.2521,38.234454,32.512551,14.907385,31.013911,30.439827,42.783021,1.0918089,2.0595489,0.52604571,3.898367,4.2516606,6.2862856,10.047483,11.090585,5.498933,13.882982,1.0955854,4.1032616,1.7381783,2.8867344,4.7111234
111,-2.04605091,9.8738143,36.273209,94.46495,5.7542207,33.276747,3.9430879,1.4829454,1.3268272,1.7282824,1.7765142,8.5087625,1.2338294,3.4530865,11.30736,14.011349,25.045097,17.131051,22.648843,24.601989,22.784514,45.181142,1.2106454,1.3768063,0.77723199,2.3494954,2.368288,5.6255337,8.8937489,13.119756,8.5263899,9.2117905,0.67455161,1.3024258,0.75829016,0,2.9379169
112,0.70038063,16.726515,55.720359,94.558088,11.844251,41.026192,14.168769,2.8225307,2.7030912,3.9489489,5.684791,8.9121984,19.967016,5.381265,14.53475,11.505088,24.536436,28.819469,25.972474,28.799531,17.115445,23.325952,4.8430412,1.3356841,2.1082925,2.0809187,5.7043704,9.6333423,13.751883,5.5226035,8.8043128,18.457342,7.2959746,3.7993407,0,3.9499203,2.7954262
113,-0.54417624,16.603748,70.808466,107.83478,8.0070673,37.066796,14.699629,2.6832254,4.7265793,0.15114934,1.9187053,15.065252,14.1131,20.705037,10.656825,18.779721,34.503765,21.669712,19.702493,26.911234,23.357346,61.298332,0.21819152,1.4460877,0.69463789,1.3510545,8.9248419,9.5868755,10.742972,5.8237411,6.2259753,18.561452,0.71970821,1.98382,1.3852031,6.6308585,11.998265
114,-1.27618956,14.376256,60.542648,102.96469,11.910357,25.106941,12.08336,3.26272,2.5293609,3.0003152,2.9002537,8.7894406,8.7251652,10.770876,29.125716,11.019199,25.073004,21.717462,13.318233,27.097007,36.017819,47.527568,0.2617355,1.3582651,2.9290821,4.3670465,9.4124485,2.965443,4.5560489,12.325406,2.6612125,13.254798,4.8669621,3.3325686,1.7951819,1.4012434,4.4238251
115,-0.94209755,15.916908,36.92329,107.14468,4.3958541,26.767817,17.019331,2.1963658,2.5396889,3.1368734,0.72549256,15.332751,7.3455071,12.52915,3.1649099,6.6959711,22.16839,27.11981,32.552956,26.645072,18.442075,39.305137,0.93359148,0.5478963,1.6232382,0.28068142,2.9561514,3.801995,9.0080202,3.2079074,6.977462,15.100285,1.0792353,5.3482868,8.5045965,1.9884367,6.8954262
116,-1.54291826,12.452588,60.28733,92.306721,8.8233832,13.123211,10.052938,1.7606989,2.6890853,3.6374434,3.0370753,6.7173749,13.901971,16.887549,15.371554,18.061202,17.255246,24.305183,22.149655,25.037563,0.9142553,54.877285,1.8858477,2.9236815,0.83946901,1.8380622,4.8746821,1.3962707,2.9653475,0,6.9039723,8.3272027,0.2988221,2.8838346,5.2085548,0,6.0881145
117,-0.9223137,15.922473,53.003559,95.593828,13.375097,33.732506,16.161865,1.5868888,2.7631866,5.7861846,2.5326947,10.63718,10.659734,17.049223,9.8494663,9.6043216,26.197736,23.222424,18.557965,16.418308,30.494863,44.884621,3.601563,1.6737331,3.1308203,1.3561655,9.309,10.402709,9.2296948,2.897412,6.3996995,17.230881,1.4431115,3.5185303,1.6001394,1.7818034,16.341988
118,0.31102395,19.795787,56.609576,101.28393,14.619092,20.826464,12.298198,3.647898,2.8455969,6.2140622,5.0944227,10.432207,13.559487,9.3642178,7.3757532,20.363871,29.600895,29.888249,23.620656,29.636721,3.3572252,50.717512,3.7801671,0.037862062,2.9734199,4.8413201,9.7300829,8.2489676,4.6448209,4.8384518,0.1656844,9.7424521,1.4343321,0.74081252,1.9657333,0.16652475,15.063759
119,-1.59723964,16.2288,59.831933,88.54189,6.4566026,26.033939,4.4270403,2.5261262,2.3713143,2.624258,4.965873,11.470873,19.512622,7.7535165,9.7380319,9.1505403,37.546613,19.761217,17.894628,17.050712,22.161054,47.861013,0.99896259,0.69975427,0.77304972,0.69218209,6.7554681,8.3082923,5.6848562,6.7249439,2.7623468,11.736451,2.2245842,2.3360745,0,0.07667784,0.63205421
120,0.68608147,17.104532,70.918921,96.085442,14.773413,39.421112,15.527589,2.8966091,3.2445599,2.9726941,6.4076962,9.0903152,13.45411,11.540615,18.938438,16.258946,41.047772,33.309744,22.11947,24.519336,6.3203328,41.728388,1.325737,1.2037441,3.3745117,9.289274,6.7322514,15.757631,11.127101,8.1945004,5.1711627,10.493246,7.0157076,1.9134983,0,7.4627392,4.2449983
121,1.15203103,18.457752,68.738732,132.12517,16.777331,33.024337,40.876716,4.6753577,1.5630765,4.0843794,4.2823277,11.932323,19.355835,10.504533,4.6653531,25.152782,37.462109,28.140325,23.911697,34.852549,45.940316,51.086293,3.4340396,1.6588999,7.8323772,3.043635,7.5683248,11.010745,7.5030032,12.209508,0,12.964524,3.048579,1.5408046,29.372105,5.9461771,18.9608
122,0.94095988,14.680598,52.212321,103.89609,10.773296,33.664805,12.824157,2.5222099,1.5257918,3.2003386,6.9403175,7.1060204,15.325962,18.963716,7.6576681,2.4733074,25.551709,20.029313,14.841816,27.165906,34.152279,51.627758,2.421799,1.8979426,1.0329073,2.9991846,7.2347694,12.849744,5.890004,1.3302464,9.3619857,16.605732,2.4385314,5.0261472,1.8332733,0.016499906,8.6793678
123,0.52403505,28.476685,61.095401,110.37345,14.174048,27.407974,18.569993,6.1712416,2.5241744,3.8117082,15.383835,13.111541,15.931878,14.891887,16.596986,13.615692,21.676089,32.436917,28.354198,10.055152,28.771132,51.56014,2.1472134,2.7687716,0.37525734,3.5963943,12.364492,8.5329671,8.0643449,0.099350504,2.8876225,18.542652,1.8518541,0.87705942,9.398751,3.1324114,12.191712
124,-0.83582448,11.221022,58.366231,90.686407,7.7197958,29.812449,14.687243,3.399447,1.7795126,1.3439547,0.44127165,9.1143472,12.051413,6.2285884,10.822984,20.437971,34.955424,25.999209,25.843198,27.692163,16.23269,23.767934,2.0417397,1.9884029,0,1.4120917,5.5967803,6.3374277,9.0750369,5.0506835,1.8256344,19.631123,1.8276425,5.2478581,3.432811,0,10.458287
125,0.44342307,17.156421,65.564035,116.66248,9.611979,33.729551,12.866298,2.5179579,3.6102697,5.8671412,3.307568,9.1004056,21.4957,7.0302995,15.42793,9.7521169,37.338999,24.833336,24.239511,20.572081,33.513371,61.475442,0.82010638,1.35175,2.3974409,3.7173813,6.0405255,3.3083663,7.2522885,8.8350631,8.7045336,21.150488,4.6380828,3.6480589,0,5.7707857,2.9588657
126,-0.63483073,8.8577993,53.011587,108.32831,6.1988328,24.82483,23.351849,1.3084415,2.7014027,2.4704313,1.4971943,4.5089749,8.7886364,10.254982,15.491351,12.204642,28.720209,18.370772,20.612718,23.109253,45.025454,46.547645,2.0620596,1.3016971,0.34741686,1.4582745,3.4682905,5.3833276,6.619033,6.0800729,8.5114404,7.2864125,0.4216646,3.0057987,0.13363407,20.409024,11.83169
127,0.1440286,19.745362,44.753824,103.07043,14.377347,26.501143,15.238711,3.5634627,2.1706122,6.5162279,4.0753358,12.191775,8.6574918,11.750619,13.333547,3.4893441,25.297927,13.343007,20.181571,37.575091,14.072955,62.684651,1.9582311,4.363752,2.5678314,2.3593096,9.3968591,7.8163228,5.9917562,3.3212878,8.2073808,11.044147,4.2592538,4.1845347,6.8472215,0,4.7561131
128,0.48110526,18.23743,58.579647,95.650285,13.494403,32.567627,8.5633157,2.5377773,1.7095556,0.17789029,6.9043451,16.687969,14.050475,13.017636,10.821239,12.971043,30.986033,22.431487,21.417686,11.021266,36.583886,42.157268,2.2636357,3.0628347,1.5268901,2.2799153,10.644423,9.4698736,8.8589163,3.5604407,6.9130563,15.840021,3.3720122,1.7113568,0.72925936,1.1604653,4.7309379
129,1.12462739,16.013337,67.597408,103.45261,10.163054,34.219606,28.418938,3.1199345,3.0746595,2.5738751,5.0677307,9.1295528,16.212304,11.135847,26.34219,13.191015,25.781689,24.420213,19.18291,35.504814,31.125519,30.771968,1.195252,1.8696665,1.6504706,3.5081847,6.8272669,7.2194758,11.898921,5.5415574,9.5494671,12.469645,6.7276086,1.2160191,7.5061703,7.231046,18.511908
130,0.39451929,24.194688,59.731146,126.22859,12.886883,33.755614,20.882348,2.7525316,3.8999545,15.219449,1.8127473,10.188912,11.624901,12.769433,16.658087,21.951201,19.719574,28.611043,22.483412,37.986011,35.436065,50.19291,3.4061628,1.319767,5.9483267,1.6350809,5.437316,4.4066784,8.7361448,16.922402,2.9914444,13.624656,1.6597542,4.7454452,1.7230617,4.8651614,18.668343
131,-0.81583936,21.160949,59.036525,85.71545,3.1549493,28.584151,18.184715,3.3141427,2.500293,5.8535155,7.5080756,11.506466,11.605789,12.252363,5.6826528,23.071075,31.823954,11.230497,18.364994,23.258128,28.358158,41.114356,0.66857254,0.18926556,0,0.021433494,4.0977295,7.6837517,6.6302832,6.0107702,4.3456963,14.836779,1.7998669,1.5868097,0.97580503,0.79792473,23.812703
132,0.18327649,21.331712,51.295338,84.77025,8.3358075,27.027251,16.030165,3.0274472,2.6178855,4.0172611,7.8957213,13.953385,8.7748203,6.354468,17.466934,13.809352,27.040578,21.705779,9.2221091,28.725857,26.16542,31.456596,1.969397,2.0477036,0.16499727,2.7253738,5.001132,7.8881364,8.489261,4.0879541,8.6544193,6.7519661,4.292951,1.5790962,1.9588417,0.30266012,15.562661
133,0.10194286,10.725276,47.073731,89.405628,8.8654744,23.819077,18.020164,3.1112,1.4690607,1.7215167,0,9.1471245,6.6158991,9.6329821,10.714072,15.501312,25.256343,25.922406,20.636378,12.205391,23.800285,40.005431,1.2983592,1.6555213,2.8705815,1.2618947,5.7513213,6.2420746,6.5247864,5.0269995,2.9381988,11.990941,1.4812576,4.6791195,0.81315909,10.256683,9.2916744
134,-0.07731676,23.431617,70.766967,100.0973,13.583979,32.999029,17.545897,2.9358161,1.2727694,0.43051378,11.226639,20.320698,12.337911,14.339177,13.329683,20.92992,40.420449,26.675587,23.825349,23.957986,14.578136,48.037198,2.7015565,1.4316791,0,4.6051725,11.690531,2.9166981,4.6128862,5.52925,19.547963,16.24216,0.74582794,2.3010759,1.9138107,9.5295635,12.424572
135,0.326681,19.358647,57.848407,91.582761,10.314803,33.95197,28.010546,3.8431437,2.0948407,4.4413529,3.1786469,14.811681,12.000144,11.94525,11.121582,8.4251443,39.202628,18.176082,11.897372,28.661678,30.469259,40.063716,3.0823905,0.66257469,1.4004939,3.2008101,6.4667092,12.446179,7.2052495,4.636949,7.9917735,13.262348,4.8579618,2.0275044,0,7.216788,29.051875
136,0.32479865,14.166768,69.117853,100.95489,8.8382451,37.009315,13.932307,2.1000302,4.4597846,2.4126854,3.9350399,7.1294773,12.679545,24.07295,17.171231,4.2769745,37.231112,20.308148,33.683334,27.234389,15.549589,40.457247,1.201176,3.4741117,0.051848122,2.9922661,4.9001693,7.9698239,9.9445998,9.583905,5.3789525,18.363709,2.3298665,7.8893838,3.2343179,0,4.9204426
137,0.71983166,22.643909,65.529499,113.43791,14.572929,48.554204,21.226169,2.583757,2.3933857,5.581452,10.252382,12.588575,10.887889,14.755562,17.728477,10.638373,39.249757,23.729313,30.787803,19.050795,26.226562,58.612346,1.548965,2.5537813,1.8351407,7.2263753,8.3856865,10.543358,8.4227926,12.119085,20.395301,16.012392,5.8524495,2.5837897,2.1209534,7.3231753,12.430697
138,0.47687283,23.805072,68.273264,81.59832,21.700111,22.363896,15.16073,2.8195207,1.1891938,6.843237,4.9013003,20.291244,13.394155,19.610711,20.645551,12.421092,27.462356,19.373663,19.660247,18.619214,16.190677,38.937076,4.4171714,4.010225,4.1507045,9.598352,8.3349538,10.481561,0,1.2068204,12.637906,5.8394293,2.01608,3.8185991,1.5308539,4.9122342,9.8989829
139,0.41058583,21.383542,58.963145,90.753942,10.77145,57.969614,17.339663,3.8215793,1.7674635,5.3213415,4.1685546,16.525061,12.800136,7.9210177,12.050057,20.739606,30.528277,22.426894,21.880667,27.043605,21.917727,29.530162,1.4843209,0.96516098,2.7879269,1.2462821,9.7818952,8.5646089,9.9659734,15.378738,18.694529,30.735771,3.8704215,2.0466495,6.2016133,0,12.752535
140,1.52970732,24.844007,78.162467,96.827379,14.008014,46.917244,22.93245,2.8287573,0,12.658958,3.7258698,17.688316,6.6868533,15.663983,27.70659,23.272724,39.325619,26.871297,23.583,33.067191,3.4697234,43.536703,1.8278563,4.1063204,4.0075645,2.9865409,6.8279233,9.9110244,5.0517187,11.712158,16.453181,23.903644,4.6373172,1.8371485,12.741676,0,13.090433
141,0.23023386,16.949458,50.805113,130.7906,11.402113,39.229424,24.290725,2.4486604,3.5355261,6.1143785,5.8301117,5.8269504,13.717112,12.399451,4.6900505,21.397302,17.45631,22.013613,33.379349,38.45004,33.454464,54.635444,0.68270541,4.1184447,1.6784353,1.6407114,8.6298339,7.7318842,8.9966003,9.2154401,16.799315,11.502035,4.0541389,7.8693497,6.6218148,1.3196059,14.101662
142,-0.3616741,19.66758,75.986479,75.729602,10.969961,39.780845,17.192016,2.0912584,2.3976331,5.3698961,2.8554715,16.866737,7.9715787,10.353528,29.951375,26.620919,34.511861,15.562926,24.086107,2.1943487,38.145461,24.788006,3.2778561,1.5671729,1.6584565,1.8722698,7.161716,13.351001,6.4196215,12.968928,6.0078459,14.585864,3.4534562,1.8337329,3.6946589,6.0016334,9.9321999
143,-0.24508728,14.998257,55.970471,92.551332,9.2582725,33.305165,9.4970732,2.9484601,3.1224953,3.2600119,2.2379346,9.9209659,13.497426,11.59209,16.067806,7.705533,28.752491,12.510797,23.944905,22.647915,32.531299,38.92701,0.57932061,1.2476454,2.4740927,2.8315146,6.8631583,11.670762,9.1538018,7.7394714,5.5441735,9.4826312,0.58663536,1.9120336,0.18943086,0,12.380198
144,0.95424715,16.677034,71.498921,93.503339,9.6634424,45.899129,9.2309726,1.8955388,2.5211655,6.3511008,0.2424248,13.627467,14.673271,11.382841,14.018071,23.346964,38.5669,28.788529,11.386109,10.822794,28.736833,51.65178,2.0985527,2.0941962,1.587749,1.1555927,6.9557128,13.485818,5.7485119,17.607152,12.039675,13.108134,0.08656351,0,5.2546461,0,8.9325046
145,0.93474353,24.856992,65.918804,103.96963,12.197692,28.02251,24.074581,2.417913,4.357693,4.2954779,9.687324,16.086463,10.901775,11.235788,18.51154,19.158262,34.30922,32.350088,20.982795,33.928182,21.201551,29.71899,2.4313676,2.4231974,1.4674664,5.0864629,6.0113015,7.2236436,5.4516611,8.4273503,3.3541524,14.344679,2.4905085,2.7729268,4.3708055,8.7584316,17.859068
146,-0.25094587,10.983915,50.8622,117.6248,8.4663486,47.537106,19.432468,2.7366166,2.2640465,2.4529189,0.69241343,7.4017042,14.285734,13.816653,16.392946,6.8154628,16.309849,20.49294,36.568399,31.578093,25.731855,47.506304,0.3466773,2.304398,1.2682564,2.7744824,5.9785394,10.025023,10.644507,21.576865,9.3367627,12.496944,3.5394196,6.7245845,4.5738028,1.7856333,10.33572
147,-0.73777727,21.143826,74.322124,128.70481,10.74011,24.2508,10.050228,3.8360469,1.8227821,5.005723,8.4309055,11.638303,13.379876,11.409707,16.301599,30.748858,34.192943,24.095225,18.40991,27.508919,71.338492,40.162386,1.9995846,1.1624441,0.80700174,5.4379059,6.4294883,7.7808515,8.9294891,4.3550996,4.5541106,5.8336616,3.3756023,1.7303141,0.12116392,5.2112816,3.3778486
148,-2.39849089,13.50478,46.828879,92.801391,3.6669643,23.249756,5.9883064,1.2409272,1.3283794,7.0941336,2.8129521,7.1456994,8.8812136,10.528106,8.5826574,13.036111,25.450326,9.679458,22.162,33.169128,18.557326,48.769694,0.27273741,2.4961694,0.16235416,0,2.1409185,5.7154607,8.0436258,1.2376578,2.6546121,14.794383,0,0.97305173,0,4.5298266,3.7774022
149,0.01211725,23.899127,73.824556,117.07385,8.1754024,29.707112,15.167563,1.5910326,3.1381219,10.223346,0.83632455,19.956481,17.399388,10.697738,12.590737,21.415833,43.132971,25.995189,24.681642,26.347174,21.860758,65.526285,2.5107825,1.9928626,1.122523,0.96043888,4.7286118,3.7588333,6.3319539,6.2205236,6.6155575,20.538935,1.7919232,0.052438431,8.1988857,0.74550712,11.858754
150,-0.76816594,26.063326,57.173153,130.25342,14.197891,25.149215,12.22871,4.2745287,1.7968338,5.9747083,7.9139641,18.686731,9.6365572,24.466668,9.2474504,17.00541,16.908287,22.384143,11.905413,53.461842,56.248893,38.958613,1.2769677,1.6943571,2.4357958,5.0040737,11.123415,7.1015313,6.7443664,5.4289655,4.4310128,10.405293,1.8155849,2.277747,1.2327715,1.2131536,11.930668
151,-0.51554017,16.92583,46.872344,101.01985,6.2295498,19.612678,5.4441772,2.1537704,4.0060958,1.9764228,5.9673417,10.631032,10.083292,12.443858,12.585407,6.6822462,23.029037,20.933168,26.525815,26.884479,21.112491,43.856445,1.2757505,0.91078192,1.3634104,0,5.6587076,2.5989031,6.6722862,0,7.1882872,11.934265,0.88851413,1.647892,1.3116939,1.8016891,1.8940592
152,-1.08891329,16.281888,52.576342,80.179501,8.7925872,31.806973,6.5157526,2.0849724,4.5477449,4.5873962,6.362837,5.1532609,14.587829,14.059846,10.112539,12.780372,19.598912,32.799331,14.560327,1.7168533,24.541881,34.410262,0.89713697,1.6370271,1.9737325,3.5285927,4.8721905,8.433085,14.800934,2.6045113,2.5474351,13.917951,1.5671866,1.1284609,0,4.1522776,2.3989322
153,0.56503521,16.874286,66.481038,101.90778,12.512834,34.601922,21.210486,2.1060582,2.7561658,4.65827,6.1585073,8.7958462,15.791641,13.939376,14.551405,15.044424,33.334716,27.861058,21.227081,16.06392,31.558102,43.777797,1.4918096,2.5729255,1.3872654,7.1921688,5.5568841,6.1349671,9.5298182,2.8491641,19.813665,10.029826,0.3970408,4.9529696,2.3517344,6.6583617,18.124126
154,0.82949005,12.099903,76.236314,116.4347,12.85643,39.426162,23.957729,1.8819583,3.9233783,3.4572205,0.79495568,6.9307263,15.895872,12.793734,15.357907,31.282745,32.112823,26.312261,25.704987,31.05844,32.490468,44.67801,2.9610557,1.8771009,4.4360839,2.0707224,6.7136258,9.1105593,9.1534211,9.6553334,11.652184,14.657392,4.778764,5.7917965,5.8087186,7.3659505,9.5633689
155,-2.47282879,16.409193,59.575264,68.63125,5.7932087,29.094027,11.885247,1.2820231,5.1496346,2.6915914,1.6368302,13.474924,11.715494,10.724843,16.918965,13.930711,30.848017,17.544572,15.961867,21.281208,12.204113,26.163155,1.5358727,1.1695463,0.72482022,0.08872658,4.860547,5.4919028,5.7748444,6.2690023,9.8064382,13.91571,1.4645409,2.6822095,5.7534071,0,6.9650815
156,1.47424676,17.950869,50.412931,135.08408,21.421881,33.98481,32.349831,2.561303,4.5816776,4.7260269,5.1981243,8.3267989,8.4983349,8.6285015,4.9901121,17.564966,34.237717,23.449323,32.706671,41.635549,36.691178,52.971897,3.1146008,4.518775,5.8792973,3.0550297,14.36232,12.832299,12.392777,4.1584974,2.122687,12.58958,7.2370002,3.577602,5.3986942,7.6065398,23.276602
157,0.70409665,28.528796,62.340369,120.94968,11.584656,46.427558,21.039051,3.9104383,4.7726356,11.060151,2.9694075,18.410226,5.8239703,12.653907,14.195453,17.226864,41.832966,22.128034,26.848598,27.815283,28.942851,65.364736,1.3771576,0.82673438,0.99163939,3.8554833,10.855723,9.0593993,7.9485946,18.156566,9.6787148,19.840757,3.4674178,2.9381841,14.273344,1.2146539,6.9612579
158,-0.24855221,27.627682,62.036592,84.93578,11.285117,24.923451,24.636142,4.8096104,3.6116313,7.149983,5.0201017,19.709896,16.666654,11.334169,11.459435,3.5093006,44.89254,23.874124,22.913565,8.0731972,20.030424,41.864309,1.3985774,0.63771115,3.2490594,4.5295096,6.9906489,5.4740779,4.1373729,7.3097109,6.0126417,12.12096,1.3001531,1.9373567,2.2111217,7.9237861,25.509037
159,-0.98420044,15.534436,56.143527,94.79838,6.8114027,26.216273,12.82219,3.3359233,5.5676417,1.9271614,2.96304,7.6407929,15.562332,10.070467,17.652207,17.068021,15.452172,22.745299,26.010564,20.447727,6.9483183,55.130104,1.2500716,0.27240477,1.5997955,1.6250784,5.4790945,8.0092225,9.9295946,0,2.3222214,15.374242,2.8539932,3.937523,0,4.2827903,7.0109895
160,0.79731492,19.585123,74.656325,79.69099,11.765029,30.115623,34.66693,3.1865674,2.8567917,1.700989,6.2120868,15.20004,6.2960341,11.977901,30.26799,20.575175,38.989242,18.474385,24.830824,5.2388611,25.796304,35.883095,3.1070699,2.7258995,3.1822239,0.88013778,6.3475104,8.0311693,10.505951,2.802759,8.8111647,10.457966,4.5505933,9.8370151,10.612194,2.4623188,21.852493
161,0.36265734,20.750998,61.529193,105.62253,13.274261,34.882989,8.1561461,4.3479209,2.190332,7.468421,4.934069,10.475006,16.146022,14.215796,23.103895,11.063565,17.715471,24.358692,18.632735,22.253629,35.442607,47.120781,3.1986444,2.7201847,2.133503,2.3981379,8.3856141,11.279826,9.2533788,10.814335,2.113367,12.629117,4.2520973,0,0.71076387,0.80851593,5.4894052
162,1.80307408,19.73958,75.972902,139.08964,14.780145,37.862869,26.114976,2.6421207,3.5712059,0.41188428,5.8058026,17.388675,11.581738,13.558299,8.0190865,32.948784,44.736501,30.187075,37.974847,30.954528,40.701817,50.64978,2.9092769,1.8553987,7.1109688,2.6249064,6.1078967,9.3294024,6.198558,11.645766,8.4151506,16.946791,3.6171141,5.2730368,3.7933397,3.6944358,22.425261
163,-0.8073297,21.6811,63.747382,93.376251,6.586263,29.872001,17.705451,2.80416,2.5637907,7.8880371,5.0893295,13.258617,9.5934467,12.434306,20.589024,18.654379,28.960255,24.189477,15.771895,22.039622,26.894728,40.496596,0.70630814,1.4128113,1.5973265,1.4524476,4.5467388,5.5390547,3.6921513,12.642061,8.8186822,11.195507,4.3001646,1.8939372,9.4873644,3.3120034,5.0660453
164,-0.23148208,16.950644,61.556521,88.222062,7.3267305,25.185171,17.308355,1.9577884,1.2852195,3.9337923,8.0708132,9.9948643,14.75854,12.462768,8.9174495,16.506714,34.125906,20.971125,20.038478,15.22681,11.997008,56.075174,0.15317589,2.4586794,0.94784337,1.5146892,5.9482999,5.9457602,5.5459359,7.2652647,0,16.574294,2.4068275,0.74848829,6.6846112,7.9792981,7.3356115
165,-0.1400323,22.050561,69.343749,110.22818,7.9110505,39.593695,28.446577,3.7727441,4.1877962,5.9709241,2.356909,15.542743,18.070354,12.791568,21.88056,23.589294,17.435278,26.440195,25.70883,26.008637,21.542025,52.556487,1.2890699,1.8050089,2.480043,0.2485104,5.5634234,10.298241,5.0084996,7.8441469,12.038348,20.741305,1.601002,0.93096849,12.085725,14.143685,13.543789
166,0.59670187,24.364746,63.015731,63.862562,12.789234,16.693523,18.355817,4.3022909,4.4271335,8.010941,5.9159073,11.745817,8.5870844,17.863058,16.887714,4.0951887,42.630106,0,6.3172058,15.457757,37.666838,37.885551,2.180786,3.0231341,1.5398783,5.0772602,6.4845776,3.2949756,7.7495088,0.51506701,0,11.755192,10.236132,4.1570919,2.5450059,0,6.0302842
167,-0.74961035,16.309332,60.374741,86.628541,5.2329772,21.408518,6.0821498,3.6188927,2.8173156,3.1374553,0.77044173,13.314608,15.728463,17.025376,18.511719,6.8692203,22.929415,22.482065,23.635046,17.338617,8.4473174,47.259515,0.95163442,0.9775924,0,1.9123762,3.9541056,5.2239348,6.5551442,3.5186446,0.56969147,14.013668,1.3903264,1.8061132,0,0,5.625158
168,-0.24217051,19.508291,76.284102,59.683142,15.36766,31.370013,17.314947,3.743079,1.0709018,3.0297701,7.8428663,13.209304,13.52427,21.32104,15.485623,21.74401,34.464384,28.314207,22.584919,3.5359164,3.4367311,16.80714,1.1625748,4.8496105,2.5448834,2.8831215,11.088137,5.5474933,9.6044652,7.576141,0,21.624202,0.70939518,3.4929607,0.12625311,3.2159309,19.732599
169,-0.90006344,14.855537,72.449099,76.233602,10.947263,45.037765,8.2869409,2.1283842,1.7966053,3.3230857,3.4762105,11.369763,8.7391662,9.0128325,24.511312,28.878455,33.491258,11.312643,23.32405,4.122364,31.978117,37.902574,1.4523318,0.94872321,3.1332979,0.62169539,10.419742,7.256506,10.901718,11.991084,13.635906,19.478403,0.91950229,2.9903714,0,0.13310279,8.3476476
170,2.37110994,25.234874,81.691944,117.60541,19.164904,42.077962,47.279464,2.6453639,3.9946589,12.299263,7.0976055,9.7325606,9.8975907,13.495307,29.960684,24.724308,38.843439,22.116439,22.81145,30.504852,41.639608,47.788642,1.8772295,3.0578696,4.2035689,11.396442,7.2981819,12.956642,9.9457103,11.431131,5.4083608,16.744217,3.0102474,2.9827163,3.7833272,35.6085,26.737047
171,-0.82028656,11.761911,56.694327,89.18677,9.4718926,25.793448,17.664085,1.6146587,0.63861489,3.8169515,2.4064361,9.1421277,10.971377,10.29837,13.815701,12.377699,33.372643,11.420385,18.149111,18.589633,37.850343,42.228975,2.1026259,0.92236332,3.1391617,1.3948918,6.0570003,6.4267624,6.1056446,8.399032,0,14.615161,2.2127882,2.4520659,5.9590249,3.2899774,12.013545
172,-0.42896543,14.322184,58.047556,90.265801,15.119473,30.174341,14.913409,1.653546,3.5746056,4.9488407,2.9532612,7.2577334,12.351946,10.074282,15.65365,14.295931,29.349459,14.234579,22.506498,24.090664,16.368919,50.65771,1.3198088,2.6737372,1.0697544,11.202799,6.0099813,8.3277454,6.303958,9.9832206,2.5102953,14.046093,2.0385265,1.3993617,6.5319139,0,12.036168
173,0.13917714,16.85928,56.221029,118.46687,9.3723147,22.328087,21.197435,1.1773161,1.1935407,6.3381012,4.3349149,12.366459,12.258767,12.667471,15.948589,11.098121,25.964909,27.1048,28.741634,34.677603,21.772356,50.06872,1.2037229,1.3484647,2.5922819,3.0242741,5.5662893,5.3257835,5.517284,2.519911,0.35850965,18.362556,3.1447348,1.9574185,3.8605543,7.8043598,14.807067
174,0.39582094,10.842689,53.753588,99.031434,9.3049421,35.201743,22.984255,1.3907883,2.0182426,1.3548953,1.561158,10.034087,13.358163,12.44951,6.4153047,17.818247,24.794602,28.495334,17.177451,29.190158,17.490238,42.88167,3.1682996,1.1044849,1.9301731,1.4894366,5.2502589,12.202523,7.3999035,9.3620234,4.5758238,13.386707,1.7906314,3.4407222,10.62026,2.8851174,14.909266
175,-0.26057651,13.490607,48.292915,102.58208,7.0542196,28.247227,11.768388,3.6165591,1.7098878,1.3591218,2.9358635,9.9036069,10.238383,14.939862,10.558162,11.881324,18.401558,18.250014,23.187587,23.370243,21.181607,59.763733,1.6290751,0.85276097,0,1.6677612,6.4037957,5.5194499,8.0092176,5.809942,2.9225977,17.583454,1.6363789,4.3472576,0,0.32014726,10.953915
176,1.1423645,24.153121,67.540438,98.42517,12.789804,49.136485,18.123528,3.9974691,9.3354945,2.4514532,6.6076722,11.167802,8.0195242,16.174462,7.8633607,20.636545,46.365871,21.016297,21.839057,32.690302,20.163341,39.693605,0.79441978,1.8326821,2.9652104,2.4318772,11.519614,15.211401,9.2025204,12.140799,1.9293595,29.210154,4.7788278,1.6209878,6.2355447,1.3723011,11.719162
177,1.42977836,18.604936,77.180734,104.56189,12.07334,48.063058,30.935782,1.8399084,2.4517154,8.5298373,6.3645018,7.4861096,19.940666,14.276501,24.263436,16.538567,30.594151,15.506989,17.410129,33.823775,15.827675,68.444808,1.1068606,1.4757441,3.7396129,4.0695668,7.5073693,9.7695847,16.641285,11.961352,12.340717,14.061952,11.256687,2.1596039,11.065321,1.5566356,16.203774
178,0.31746486,17.926721,51.709037,103.39193,19.097517,45.647046,21.867829,2.0122453,1.7515343,7.6609009,3.2416317,11.639735,14.828363,10.023222,11.606715,4.9614207,30.312822,27.95758,25.219248,22.88906,20.717744,44.104203,2.0807757,2.3167309,7.4428491,2.3728519,13.949835,8.9203033,10.744519,11.018913,13.278456,19.731478,7.0789409,1.4769846,6.4683621,0.6846965,15.122929
179,-1.49270933,15.466965,57.987961,76.926059,9.6917145,29.016594,15.074115,2.0541141,2.8860833,5.1793863,2.0605862,10.246565,10.385789,16.972931,17.138076,12.466438,22.829367,14.247064,18.831765,26.027766,15.70221,31.506663,4.7292368,3.0377449,1.1730335,0,3.2951391,11.32532,8.9876967,2.6597931,1.2384903,14.203703,1.3228873,2.3974389,4.7721367,1.1086784,13.036194
180,-0.3641163,17.481319,66.638352,115.77522,11.771932,37.625781,9.6056204,1.5451777,3.5619605,4.9077717,6.6167034,8.7487737,12.311275,15.205948,15.462295,20.686985,29.838537,24.856319,22.419759,47.138159,15.110471,49.7623,1.3499371,2.3542846,3.9484392,2.2324026,7.1738946,9.3095158,11.108014,4.1142516,11.01003,16.218401,4.7296152,0.58771136,0,0.81806343,7.2275989
181,0.01966404,16.381771,46.931351,105.5799,11.099427,35.243957,17.481657,1.0483955,3.1653584,3.9000167,7.5619882,8.4314492,12.527116,6.1637085,15.302206,9.1344162,21.953102,19.765486,26.672935,12.278078,27.156134,64.786581,1.0964986,0.94661824,0.7088999,8.8205923,5.0982955,9.952793,8.9171089,1.7625132,9.1363463,19.300454,5.8401328,0.75898741,6.4378268,0.37361473,11.036011
182,1.79554211,16.165244,73.238978,105.08823,19.364731,33.761613,21.119706,2.9719534,1.4627811,6.4573592,3.2748144,9.0209868,15.222185,22.589646,20.308827,5.3685984,37.134917,31.285085,20.528738,15.390751,28.322977,49.226138,3.9099894,4.3839331,5.1349196,3.2215016,10.558945,13.137815,6.7812745,2.2796838,8.2906495,15.070622,8.2496343,1.9730799,3.2561325,0.8542549,15.154712
183,-0.52178608,10.785519,49.008336,95.952005,6.6881576,33.197457,6.0673212,1.0497597,3.0139849,2.6400501,2.1974629,6.7474944,10.622918,13.199445,10.268373,9.6714252,24.296606,20.415906,28.836252,17.927767,21.894667,43.198422,2.1072266,1.3801633,0.15195129,0.79507999,5.1088599,7.4824052,8.6903203,1.0010087,10.54523,19.420516,2.7097064,0.5160097,0,0.95198616,4.3693053
184,0.64792772,15.380196,43.275258,102.11064,12.160596,31.714693,9.6608221,2.656579,3.6415331,4.2410792,4.7836544,6.2141719,8.987565,0,11.63176,17.098359,25.676545,22.021832,28.583562,18.462013,22.575871,50.029996,1.8158443,1.3120117,1.9980329,2.4289983,10.793071,7.8212009,14.755257,2.5030402,0.16073904,17.591754,1.7119803,5.7673239,0,0.15988652,5.5274591
185,0.02349991,13.785665,65.466203,90.946697,12.436409,45.236784,23.36791,3.5664279,1.5032018,2.8676296,1.9925087,9.9367112,17.900313,14.01187,13.545075,8.6320816,36.637601,22.151893,21.801114,17.043718,21.693397,43.208204,2.7496849,2.1688216,2.7442757,0.50516633,9.8025477,13.681363,9.3769457,6.5971665,7.3873749,25.608858,10.054656,2.8294404,2.9374418,0.42910677,15.793484
186,-0.10930744,16.386938,46.722235,98.474394,11.385202,22.329455,12.631192,2.9464875,4.3842265,3.8822183,1.91251,10.087045,12.677482,8.0112644,14.450259,9.3748944,19.56291,14.567949,24.195225,29.740295,34.969442,33.738325,1.4166262,0.42917072,5.8171506,2.0564254,6.9721585,7.2727489,3.3711922,6.5354366,0,13.633538,1.1507379,2.6140368,0.47219682,3.0879912,12.04185
187,-0.29546828,17.174999,65.594574,82.504193,8.9861213,35.10807,8.3201341,3.8358763,3.607961,2.11122,8.1286519,6.3715933,14.106876,8.4487479,13.787544,27.113525,29.645774,22.721209,14.820521,21.523342,23.172713,30.535571,0.77910904,1.1154682,2.1415747,5.5582883,3.6179012,8.7290268,4.8443096,5.4985379,12.038132,18.785666,0.6007789,2.5755516,2.2847955,2.0337656,4.5289982
188,0.98974794,16.147473,46.837237,83.588171,11.868711,36.046031,18.60826,2.5565117,2.9508589,3.2597042,2.5361177,12.394672,1.7381088,8.3502769,9.7073218,12.677618,38.774739,20.224087,21.527443,7.9344908,27.915305,38.620744,1.2469238,2.6067327,1.0978587,2.3645413,10.575977,11.411234,11.546846,5.9507826,7.3614293,11.393281,2.2024974,1.3949537,5.3714587,6.1594228,12.63988
189,0.48645747,16.62725,70.413876,115.52487,7.6019616,43.459341,27.219686,3.9175394,3.7225693,1.576487,2.2010364,12.466339,15.300285,13.134453,15.096528,12.3748,44.215761,35.422732,19.956718,14.259608,20.336594,71.572691,1.7919558,0.91664556,2.3634991,0.41862018,5.4522068,9.763167,10.641038,7.7475224,2.7405638,30.75475,10.684185,5.6253215,9.2028908,0.57627389,9.3676635
190,-2.70389655,9.784071,45.910838,93.666339,6.6892378,22.697038,5.9130187,3.1200407,1.9195281,1.1929427,1.6763655,5.7272565,12.027569,15.672244,8.3731378,11.533904,13.645794,20.250085,20.746294,18.145071,13.970528,59.57063,1.0877517,1.5198803,1.7472259,1.2306701,4.0298848,8.0573056,4.5447844,2.4119295,3.6058202,12.548225,1.8936692,1.1860391,4.2541577,0,0
191,-1.69104063,15.35927,64.889142,81.241923,8.7393113,31.853225,12.629793,2.3601967,2.0102748,2.9765672,3.5240783,11.939293,9.8380672,11.408651,20.278394,19.768266,31.09502,18.380275,17.221621,8.6513131,24.829938,46.162743,0.60746465,0.30194495,2.9245544,2.4227876,7.1616835,7.6370682,4.7065085,9.5384405,4.6031037,18.441286,1.715355,0.47396895,2.4126639,2.4355052,12.454884
192,0.22806889,13.013299,62.996127,68.686792,7.5487818,34.503817,17.820167,1.7685801,3.2351977,1.812312,3.1645348,9.0359573,14.981169,13.763964,16.262947,13.9651,28.011181,9.9693278,12.061367,19.092817,24.624338,32.512576,0.80905455,1.9012961,1.0923034,1.1058406,6.3519155,7.7921893,8.9308653,12.148884,10.694573,6.4972439,6.682738,3.9124025,0,5.6310885,8.020937
193,-0.75371206,14.088059,54.694103,84.997416,10.097674,30.659656,8.2384175,2.9071142,2.3545304,2.2801299,1.3880656,11.705776,11.280811,10.613175,17.316554,9.4595425,27.92569,23.441482,22.071864,16.453843,14.573834,39.427049,1.3325582,1.4073183,1.5858389,1.5616927,9.4125963,7.8846274,4.8567052,9.1744572,5.6301743,15.122495,1.9012239,1.3170028,0,0,9.1773581
194,0.38596768,18.429122,64.179085,102.63177,11.94311,31.664228,20.332691,4.4477735,2.925907,3.2392144,3.8615282,11.858026,9.7896578,11.436408,19.837435,19.589909,30.681938,24.69752,17.545582,33.574438,40.181005,23.523285,1.6815455,1.8835044,0.93995138,6.0228065,7.1336287,6.8267216,5.309939,12.168607,10.849286,8.1826051,3.9733716,3.3115519,4.0964789,4.8228037,13.175026
195,-0.1127478,13.997705,70.066321,108.88334,12.494895,37.599821,13.949134,1.218476,2.9351645,5.1247458,2.7200252,8.3332356,14.263776,13.019072,19.773177,25.607791,24.723241,28.499477,19.376899,25.915848,26.233159,50.798003,0.82217264,1.2185345,5.7492907,3.4903813,7.1583848,10.195173,4.2728491,9.7832809,9.2302808,19.27015,1.632182,3.0236844,2.8787954,4.4864988,8.352802
196,-1.27093581,15.505002,55.432316,122.23852,8.2995023,28.371104,18.428317,2.5500303,2.3178352,5.31938,1.7758352,10.472142,10.041119,11.509758,22.000281,11.417238,21.795819,29.32246,27.142588,37.582684,23.704405,49.405218,1.5474353,0.40071143,1.7150402,3.5826289,5.014692,8.361446,9.9504167,0,7.2428579,13.022725,4.2715226,1.092842,5.3684572,3.2449144,12.768608
197,0.01977063,15.523838,59.009119,80.909317,8.4191857,48.734291,12.453093,1.2194075,1.2091601,2.2138288,5.6230114,13.748718,15.936409,11.494234,9.5985411,17.011389,27.89272,27.951268,21.347446,7.7663611,5.9134009,47.019133,1.5147038,2.4822406,1.4686254,1.5896596,4.8837239,11.497449,9.9387594,16.639414,7.7220447,21.207006,0.80482362,2.3015728,2.3832628,6.5475608,6.4488094
198,-0.65096215,17.519125,70.032686,113.80689,8.5462729,30.077498,8.8632793,3.5392841,3.876909,2.1020782,1.8423115,14.09947,11.801659,20.851703,10.547602,18.312779,37.285279,26.349903,14.149747,36.35177,18.390949,65.57065,1.3949014,3.1652322,0.91089218,1.4446877,5.1899219,9.6421048,7.9083366,4.5245616,4.2222855,14.488688,2.9576484,1.1716731,0,3.2551198,5.1968368
199,-0.35639202,18.907138,55.852727,112.57719,15.296421,28.116503,18.204003,1.9064522,3.3335942,5.4692479,5.7199008,11.217864,12.106495,12.95709,15.167344,3.783453,34.350062,20.679368,34.346699,8.5373388,27.765504,68.428569,2.6250356,4.4703558,3.3620461,2.6689683,8.4101179,11.322004,5.3369027,3.4338344,1.3859954,16.681241,0.91480615,1.0663857,9.2589396,4.1468061,11.820545
200,-0.09046857,13.767235,59.652713,91.715765,8.6359371,32.105844,13.469616,3.0385689,1.9134198,2.5838586,2.0492697,10.45298,13.874457,14.628041,3.3922921,20.76266,31.41368,20.159526,23.198905,9.8613384,27.974384,47.665112,2.1193399,0.57314201,3.2435746,1.6996743,4.6320566,7.117225,8.292277,9.1633352,6.7172633,12.74693,2.9738732,3.8238585,0,4.1780966,8.2531531
201,-0.03131726,15.565327,67.627226,87.563053,6.3878459,41.018261,13.352755,1.0417014,2.1444395,6.3187415,3.5867668,9.9115246,18.01659,12.664352,13.575695,24.691116,23.980803,20.573153,18.549097,17.166235,30.023007,35.046971,1.3775498,0.91470808,0.97490591,0.7740878,5.3947067,9.3728248,7.7471691,12.903124,11.708009,14.781251,4.3041005,0.57054876,1.3557779,1.3690454,11.986858
202,1.17539815,22.341737,70.991786,94.381498,10.824884,52.686482,13.678906,2.8331734,4.036214,3.2880198,5.691598,17.362093,15.889034,13.844306,18.277335,17.388203,33.658203,14.571191,24.302271,38.80086,26.33811,24.939926,1.2553251,2.1145669,4.8616415,0.43961969,6.9169435,10.865123,14.538133,11.337247,10.426708,26.060328,3.2772126,3.1303154,4.9061358,1.2381927,6.2466837
203,-0.56893494,10.813999,58.056618,96.346543,10.752049,24.914077,16.397138,1.6464286,2.8232205,0,1.3781344,10.345141,11.84157,15.330205,2.101826,23.621006,29.34112,18.447252,25.489883,21.879636,23.256079,45.189971,1.6058988,1.9204887,0.68322767,5.5680316,6.0134484,6.3919523,7.1941781,6.4857259,0.47784441,13.595001,3.2963964,2.503487,0,2.6224028,16.269485
204,-0.73990178,12.379075,57.718856,78.555181,7.624298,29.868474,26.098973,2.8443273,1.4926349,0,6.082457,7.7160795,9.9055088,10.691192,12.938427,16.512205,32.705414,25.131975,21.984693,13.417626,19.68054,24.053532,0.84173354,1.4809125,1.9999536,3.3550964,3.3404425,8.1248534,8.2628251,2.9830904,12.664963,8.4601898,6.4194282,1.0469221,10.141489,10.225283,8.6386619
205,-0.50217766,16.249744,47.095599,103.6367,8.9237997,35.043948,17.59004,2.6887312,1.8669855,3.9956023,3.748174,11.602286,11.479406,13.043056,3.4462752,8.268205,30.061353,30.205142,20.130283,14.079223,30.429762,48.313635,1.9981958,1.1918336,1.9410804,1.188705,6.6485165,10.09405,11.086788,8.7697699,5.7737387,10.657195,3.9503814,6.0560858,1.7671549,3.5575593,9.0430724
206,0.31929646,16.302496,55.884184,108.65646,10.287764,42.067922,12.450999,2.2364886,2.2865169,5.727398,0.095586712,13.732821,8.5128315,13.887021,9.5873921,25.080492,21.900731,19.831648,23.039955,30.542254,33.260841,45.237856,2.1151521,1.4030056,4.1526023,1.3690893,5.5009164,8.3356972,5.5623346,17.811875,8.7238546,18.449466,1.3116592,4.7295233,1.4183144,0.61622552,10.088838
207,-0.55655936,15.544931,54.224848,71.372964,8.2057635,28.775575,11.472604,2.0456689,2.3639646,6.7313484,5.498357,5.3250903,8.6164623,13.872109,17.524541,14.612538,20.709768,11.831724,23.163395,6.4468743,30.20261,28.141165,2.7903085,1.601897,2.5519569,0.64653486,3.4309485,4.9304692,8.4219736,7.870745,8.8777108,9.5667576,1.2425517,3.947998,0,3.0635292,8.665565
208,-0.11984101,16.345078,50.409139,108.11233,16.648919,22.233646,19.493197,2.8858279,6.4443835,1.402285,5.3623564,6.4616945,9.6504022,9.4134597,3.2836254,17.214281,33.84694,25.507178,17.844648,14.904766,40.091832,54.657288,2.375649,3.6725876,1.4507298,9.7275223,6.708709,7.2649849,5.3279303,4.6159186,0,13.134391,6.1412097,0.86337258,0,3.8318256,17.943703
209,0.44804691,25.992793,43.376701,88.408021,12.443226,28.758318,14.223708,4.652416,2.9345655,7.2086144,10.922617,11.450893,6.4896971,6.7147827,6.7481984,17.334979,26.216757,28.434754,16.118819,21.947464,27.860783,23.928656,2.2435785,3.2431759,3.4117609,2.4825493,6.0467884,10.805178,6.8463584,8.4113644,1.313648,10.292471,2.7545173,5.4608804,0,6.2183025,5.2177565
210,0.08944849,15.997244,62.96304,105.16538,9.6654668,28.820044,24.272627,3.9813788,1.143865,6.6489291,5.1171479,5.2856476,7.8231972,15.52902,23.661742,2.2640017,40.575003,23.772218,21.846668,29.396336,26.482208,43.821864,3.1296288,0.84645774,2.8267313,2.3307109,4.2171066,13.939089,4.1314194,1.8045709,7.3423791,10.81662,6.0771686,2.9854446,11.452686,5.7239909,6.7263116
211,0.5687852,26.435951,60.276155,123.04349,13.994459,40.768988,23.193031,3.9035405,1.7509682,5.0242257,10.410698,18.36333,16.733914,16.181603,13.455054,14.53736,20.120941,33.783679,15.314754,28.751065,32.485186,61.625735,1.7113977,3.607788,0.84878169,5.9461043,8.3392907,5.8962267,10.842688,10.468305,7.7629275,22.960632,2.4003185,2.9445824,7.9352273,2.8336198,18.428964
212,-1.4031986,12.568157,44.277983,80.197328,6.9764463,27.498974,12.750828,2.1326609,3.098195,3.8280496,1.2149949,7.5539967,14.218415,11.842961,7.3416484,11.485311,14.160769,14.151106,17.545996,18.702677,26.806602,35.766343,1.7592333,1.0644879,1.7576668,1.0557064,4.2820983,5.4174485,8.0482321,8.2183697,4.1435294,12.028994,1.3993612,1.0015678,3.1008548,6.1597883,7.3788367
213,-0.7275888,11.296477,63.804542,75.953052,9.9664825,30.896134,10.835881,2.5736602,2.084151,2.5814609,0.86045307,8.091791,11.160293,16.422492,18.865692,13.024384,29.450013,19.472708,20.21981,2.2394431,24.380536,39.810802,3.0369159,1.6273119,2.1716625,1.4083953,5.6310458,7.7427728,4.7536698,5.401652,6.1829998,20.009111,4.3639029,0,2.278343,2.1805443,6.3179244
214,1.14763283,20.474158,63.292995,112.80005,10.244891,44.674257,35.057601,4.8616599,3.9519909,4.0304728,7.0727664,8.637858,18.527225,12.946438,3.6158457,16.641451,36.955305,19.638079,26.325389,30.197551,29.720121,52.346485,2.2689831,1.6085038,2.275417,1.4952801,7.1121024,9.6381883,3.7591899,12.749453,7.8433179,30.694213,0.81013413,4.4655436,9.1134712,19.672819,18.562404
215,-1.06991259,14.79039,54.972236,100.54111,10.081136,21.595037,6.8660493,2.0379744,2.2127735,5.324962,3.4178291,8.3685106,11.081776,12.939756,14.123504,15.899674,22.230812,24.980187,21.476569,30.037075,20.221072,40.810249,0.74960627,3.2702249,2.8175925,2.6852532,4.8774295,5.4491267,8.5280904,0,3.5464398,12.195557,1.2189607,0.46878721,2.5897782,0,5.9603924
216,-0.3515746,14.437874,64.610649,117.37675,9.6281957,32.754208,18.195084,2.573454,1.3688024,3.625827,4.1098872,9.4719161,15.491719,14.450846,12.947294,16.35834,30.458638,22.582247,19.136949,37.54107,25.576617,61.000484,1.4804882,1.3390526,0.91846286,1.2891507,9.6228241,6.1982366,12.315643,1.8403724,8.9853877,16.287327,1.6095424,2.0370418,7.0450701,6.1624782,9.866081
217,-1.40954705,10.182628,49.006469,101.38329,5.7921682,25.489339,5.3122864,1.0568833,1.3500918,2.7905632,3.8137906,6.0545832,12.402773,14.67853,7.9398244,5.7192622,26.759814,21.500988,26.517283,20.98379,22.955978,48.932285,0.95490309,0.89402373,1.0714727,0.50227017,5.263326,9.5299109,7.2794088,5.0191682,0,11.878042,1.4082148,1.6378713,0,0,4.5129262
218,1.11526166,25.159969,62.59042,106.99795,12.951552,41.801999,26.938623,2.9524883,3.9336636,0.87428169,12.925671,17.020744,16.102623,6.1686233,17.325552,19.328083,28.896589,21.553589,22.286833,15.698256,39.954133,51.908195,3.2916139,2.1974214,2.381088,2.8368348,7.6249368,13.46097,7.3808321,0.97684806,13.24479,23.433744,5.3810569,7.5561367,11.560583,2.0449812,9.9269081
219,-0.21571327,20.8628,75.632189,108.59435,10.619841,54.035317,14.868291,2.9132685,3.225638,2.4538533,8.5759747,13.684058,19.239955,15.335335,18.476903,9.348398,42.905196,20.076403,22.856269,29.41634,29.178476,50.993106,1.3699507,2.5617927,1.9831215,1.623404,8.047068,14.168893,15.531528,7.4515887,9.9897132,27.111171,2.2095424,4.0007231,6.5426642,0,8.0291103
220,1.07003437,22.105384,78.268275,90.976358,11.846976,38.886262,25.405934,2.7576467,5.0294779,5.4915509,10.444888,7.5906853,21.032145,14.616201,27.656228,20.250153,21.821543,14.284505,27.821829,32.173596,14.974279,35.721708,2.2122496,1.5930626,5.6369236,0.22006117,7.1479226,10.987962,6.8923418,9.6143714,8.5458404,17.496025,3.2100707,2.1974112,9.9665209,8.3466066,13.227899
221,0.95292267,16.21027,66.899366,93.231714,14.109101,39.707343,22.344624,2.6998679,3.9121934,2.7841069,4.3259816,9.5145097,17.26427,9.4892446,24.783013,14.068938,26.230391,15.305473,19.36218,25.161784,26.832856,45.35153,1.5195817,2.7740727,5.0479517,0.23046719,11.141134,16.749143,7.1911232,13.484972,0,14.072607,2.0900259,3.8936789,7.6059405,9.5900589,8.9873648
222,-0.14944604,11.452483,50.563998,98.318135,8.4332639,29.997881,9.21197,1.0756851,0.84074934,4.3850163,2.6482124,8.1984992,6.6416619,15.790005,21.086767,9.7731424,15.868042,19.011568,19.630049,25.820284,23.384087,50.795022,1.5757353,1.8631129,0.53335318,1.6847255,6.7499866,9.9295398,8.9343022,5.7684421,2.2791166,13.073239,3.1799811,3.614214,0,0.96667538,4.5341522
223,-0.19681011,11.066023,54.347387,115.98104,9.2935477,20.763133,13.161772,1.7573007,2.927235,1.3845869,5.2009312,4.4285166,16.328259,9.9341274,14.81357,13.731276,18.694503,30.689547,21.478672,22.797796,36.096689,49.285681,1.4492794,2.018515,0,2.6567935,7.762867,7.770493,7.0544083,0.79107968,2.3401588,9.6445731,4.4164719,2.6860128,4.6757222,0.94779343,4.7707404
224,-0.09419222,8.7933597,67.065439,104.16866,13.414346,37.598494,12.188335,0.87195023,0.38828431,2.4989231,2.0258004,7.7132562,12.624318,15.305671,17.686377,15.566801,32.873908,25.145071,19.823441,34.51611,21.790655,41.643667,1.9201197,0.99818763,7.1588523,1.9955612,7.2021069,12.257592,5.2530866,7.0071574,6.2477112,21.46615,3.0579883,2.4947925,1.3207601,3.3799184,7.0606171
225,-1.33734555,11.031335,62.532569,107.76726,10.039617,10.938384,8.392567,1.9918342,2.741177,0,4.2435051,7.0851204,11.392656,17.29921,14.376843,16.760139,27.143863,22.414589,25.084984,28.227957,14.96173,60.192994,2.6267103,1.981468,2.1864602,0.53234426,6.8663676,3.2873032,4.6693953,0,1.6963812,5.0458224,2.076972,1.0990249,2.5578245,0,6.3467258
226,1.20012136,22.254686,68.73421,128.00892,11.620264,33.017764,19.090843,3.6538567,9.1923665,3.0825895,3.0202987,11.919443,20.090549,12.964831,11.699456,14.912179,35.479356,30.125789,31.540255,21.545254,37.89871,55.965885,2.1323587,2.2234661,2.6217691,2.9417105,6.7385436,11.071205,7.41328,0,4.2759379,23.519085,2.7463681,6.4806501,0.75415883,5.9368254,11.493505
227,-2.2745574,9.9103447,43.360217,79.655364,6.292884,22.353168,8.0949257,2.2456887,3.5970477,0.29867185,3.8566068,3.6009641,8.3480665,9.593976,11.316672,13.071589,18.251699,16.479627,18.383954,21.798929,12.178442,42.502896,1.1601461,0.69991541,0.62934684,2.2207043,4.6913617,4.6167094,7.1104133,2.4585309,3.348556,14.008273,1.1194113,4.012985,0,2.6568611,3.4354116
228,-0.49006066,11.870014,65.694366,100.64486,7.3478228,32.755943,23.156079,1.300979,1.6489233,3.1431883,2.7217903,8.8911387,20.34848,11.673873,13.870273,14.174925,29.83589,32.973535,24.625471,16.633803,17.219817,44.150128,1.6663663,0.77181909,2.3118638,1.1352058,4.6848819,10.807684,6.5993746,4.7703914,1.0810844,22.245032,8.1201887,3.3859264,0,13.379332,6.8028532
229,-0.04845188,19.117444,52.276927,81.887796,11.810763,37.826305,24.477211,4.4177628,3.5941278,3.0439333,4.1668469,12.035378,11.677109,10.59806,11.131853,10.669162,29.633809,30.523536,11.671672,17.446704,11.048601,40.32711,4.4936004,2.3100465,0.79657301,3.3864519,5.0116905,8.1376697,5.3826623,8.0662494,6.5913559,26.448142,3.654033,3.6527753,5.8631196,6.1649963,16.502789
230,1.27163435,22.540758,78.305927,107.05843,14.766918,29.777827,19.229111,5.6147825,4.7241199,5.1935189,2.4274363,13.613424,13.673665,14.979254,13.486021,22.155319,48.626812,29.617487,18.602586,35.734176,18.669436,43.179952,0,1.779248,1.4815824,5.134643,15.014639,8.8936717,10.36095,3.3875678,8.2807902,8.5566477,1.6902433,2.6916611,8.7403932,0,15.30664
231,1.02977997,18.738158,69.956836,119.40935,9.87312,40.495852,14.714746,4.9445041,3.9609377,2.1258817,3.1130426,12.379661,12.041482,17.554438,17.678651,15.639979,35.458841,30.960559,28.658699,30.7616,19.989197,52.621237,1.0633232,0.26517759,3.4562134,2.5850875,7.5678495,12.855157,3.6843648,8.7999167,8.112234,23.303093,0,1.9137867,11.190549,0.65028885,7.6217615
232,-1.24623073,11.210025,54.723313,88.484527,9.9439636,29.157373,15.098821,1.709031,2.8026941,5.2548779,0.12268625,5.7673667,17.675839,6.7423083,1.0976158,22.758786,28.802499,21.39673,16.751842,28.366692,22.14471,32.605165,1.8212434,1.8316575,2.5053076,1.1159761,7.1300323,7.3261647,5.0528474,5.4891469,6.7512648,16.550434,8.829624,1.7536165,4.3181749,0,3.8791975
233,0.66489065,19.350547,65.282343,104.70545,12.537323,37.340133,15.048206,1.580546,3.9400456,6.8917929,2.8471109,13.063159,18.09948,8.2884092,5.6435527,24.038683,36.719816,21.853945,21.090142,34.16857,23.091135,44.937672,1.0052636,1.7770629,3.7641915,1.7953311,10.547684,4.4070948,8.4218547,10.663288,17.091448,12.202095,2.7268644,2.0776715,6.9427148,0.17074047,9.5553393
234,0.85850914,17.062162,73.84097,141.96466,17.222972,42.670878,24.722582,3.3768914,3.1196314,6.2229966,5.1868644,5.7245945,17.765637,16.038231,6.6300572,14.458839,50.350309,23.389185,29.881846,43.405808,51.215258,50.208301,1.6883159,4.4096399,6.3805685,3.6716503,8.3247171,9.5553712,7.4865779,7.006725,9.0690011,28.021687,7.5734769,2.9223999,1.1944659,8.5084297,15.004877
235,0.92247571,12.997014,54.539977,109.16883,13.880034,34.629273,14.862744,3.8033733,3.199312,0.89923417,2.3158451,7.9494191,12.254352,8.8326117,16.470347,9.5475784,29.598504,27.541713,26.476444,6.6322487,34.859404,57.349186,1.6107292,0.19966197,10.014384,1.1571713,6.9568011,5.3596621,8.9498143,0.8797788,17.509854,17.176534,5.308953,1.2891269,3.6557252,0.6215883,9.9024466
236,-0.97450878,14.006696,56.435803,85.322027,6.2060932,32.54132,5.1780853,1.1097925,1.8182485,4.3924337,4.2153689,9.3347103,9.0130368,11.670981,17.057161,12.38202,30.015407,15.966398,14.238812,31.110149,16.91598,41.750936,0.70743368,1.4587521,2.4927454,0,4.3295266,2.6537137,7.2611491,5.142203,12.195626,20.879757,0.95285921,1.9131057,1.1891638,0,3.1936031
237,0.66874577,19.278676,82.196844,106.77383,12.699787,36.682455,16.293085,2.2082026,2.0115175,3.7911037,2.7372827,18.680805,13.493936,8.1859622,14.568984,36.008001,48.180548,21.112199,24.040368,27.896518,10.882346,67.017779,2.2196895,2.849631,2.2190336,0.22216145,11.10319,7.1136111,8.4838461,6.1554114,7.2219804,23.452924,2.5410715,3.0116213,6.2842193,0.79415724,10.773089
238,1.58575478,24.536651,61.05547,107.92202,11.184605,43.738153,20.865139,5.1252982,3.5877398,3.5919875,7.8337164,15.319934,19.005232,8.2577464,10.804433,14.761235,32.085617,22.245282,25.150664,23.553161,28.523806,51.302489,1.5448358,2.4966264,0.77935721,1.734876,10.206985,6.467287,13.856678,6.0885896,16.495935,18.568065,4.0793823,6.4915652,4.2085133,0.27468704,14.393051
239,0.20269216,19.589089,70.386506,106.53254,15.768574,46.182213,35.954819,1.6942786,5.5633684,5.4651152,3.2756086,12.315929,10.230854,14.09057,20.241557,16.529317,39.698959,24.191365,20.372987,28.768979,17.413693,58.501018,1.8981147,2.8383606,3.2871589,5.3467741,9.7453107,9.161911,5.0489944,7.4853054,7.8741574,38.761464,2.2242096,2.3795705,14.722702,2.206921,33.317618
240,-0.14240235,13.172319,55.961913,90.015078,9.5122442,32.472639,23.208528,2.2402425,6.6060775,2.2783767,2.2862845,4.1891331,0,13.17995,25.073602,10.63307,33.101617,26.798033,27.462804,24.49785,11.491223,28.415924,2.0956585,2.3737642,1.7880185,1.5288415,5.6410285,7.120461,7.8105678,6.8981504,7.122301,16.431298,1.9370196,7.2160763,3.8176289,10.509574,9.7455025
241,-1.56729838,16.132592,54.183124,93.774097,7.9342595,27.879861,19.620931,3.5570563,3.8311849,2.4387678,4.5375642,8.3423738,12.098849,15.66078,15.27057,10.037637,20.590991,18.354782,28.481178,35.229277,18.256156,25.609159,0.72866718,2.1023822,3.0222747,0,5.6380177,8.9719681,9.863814,1.7960248,4.8323947,11.810358,5.6997137,1.8717593,7.1637645,5.0433993,7.1749219
242,-2.12373858,15.169382,45.537556,60.802833,9.0222732,18.466172,9.7279705,3.3938323,2.7522213,0.99576323,5.1376799,9.6235654,8.7670892,16.140474,4.4757647,11.69914,22.200554,11.332566,21.825375,16.669054,11.143397,21.412192,0.90648542,2.420439,1.3034009,1.5901035,7.1585522,4.5934511,8.0528754,2.4597188,2.5013455,7.0424969,1.305603,4.9708929,1.2182318,2.6844588,2.9751538
243,0.35417358,16.770957,71.485124,108.30585,8.2065832,33.408674,10.966188,2.2340627,4.0528358,3.7975701,4.3936393,9.6531275,14.01787,10.928121,13.098951,25.763228,38.662503,20.210366,24.513526,40.529903,22.772196,41.187191,1.9000645,1.1555739,0.45048769,1.7599726,6.8695329,15.179216,5.4370332,7.5974969,0.20607438,15.528443,1.0196279,2.6035167,4.1564789,0,8.268718
244,0.65106473,19.358129,64.367397,96.073035,15.910531,28.858343,40.033856,2.9877724,4.2819038,7.2926221,2.2965197,10.491146,10.639377,16.126355,20.569331,12.907707,29.6336,28.949575,22.535982,20.172004,2.8827622,57.302632,2.2640505,2.0564762,3.4387217,4.3685137,11.414976,3.8175119,11.407403,1.9686284,9.6962965,13.754341,2.8526368,16.177486,12.125324,5.3829959,19.536081
245,-1.12733775,15.411677,45.642321,75.249875,11.116615,21.338513,15.9644,1.1510791,1.1611946,3.2317184,5.3664719,12.743239,10.483634,14.527929,6.1649004,4.6222208,27.750329,12.036955,18.625124,20.755111,13.847189,41.136873,0.48513865,0.99899062,2.2606442,5.978042,7.2541566,7.8135604,5.6975957,0.67081676,6.5875547,7.8344745,0.19536781,2.3990199,6.4179449,3.8344967,11.199646
246,-0.75655613,12.796193,55.064409,70.334571,5.6664721,24.962826,15.455535,3.3397623,2.8029991,0.21644094,0.39763988,11.903642,17.953928,11.718057,5.8616476,13.089104,26.797267,27.102329,22.589485,7.1376139,10.185762,24.684237,1.1265225,1.013062,0.67283878,1.6325767,3.8462802,7.5670316,6.2493501,3.1473248,3.8627208,13.553324,3.9239845,2.1734659,4.2610666,2.4919675,8.9903525
247,-0.20579408,27.402667,68.712411,104.6021,8.4442747,25.960716,13.451291,3.111412,5.1873666,1.1558241,9.9933545,21.741142,14.838611,15.731263,10.524982,8.4927126,48.495357,29.824752,26.78067,19.590288,22.301793,43.383543,1.1813508,1.9150887,2.5325376,1.392873,5.1341671,5.5348546,5.2441448,6.6260695,2.440191,17.088124,1.1601781,7.7188151,0.36459765,2.1818255,7.3871988
248,0.61811734,24.385614,61.50204,54.999172,7.9043406,44.092792,22.356127,3.359812,3.4559329,4.7597546,3.1487468,21.81502,10.589709,12.499324,13.572714,9.8452554,42.171599,15.30201,22.851495,2.3741716,6.8769033,26.601491,1.5171997,1.3513147,2.5589242,1.787409,4.0073326,13.703824,5.1997295,9.178729,9.5481629,23.847571,12.502224,2.7012623,6.7467553,0,6.0458957
249,-0.85632186,12.19981,51.558862,64.680163,8.7020366,26.874878,12.007296,0.77214277,1.5320122,2.8164044,0.59768436,13.238468,12.343136,18.505309,1.2923136,12.861593,26.140841,20.169956,11.652688,1.8021327,14.860328,42.867878,1.2631644,2.4708565,0.68449985,1.9065771,6.40502,7.2389519,6.1350588,6.1956231,7.1553617,9.956225,1.2815343,2.3907962,4.4364618,0,9.4810734
250,-0.54237543,13.067336,45.496378,80.18876,6.1577833,32.223998,8.567802,0.9382908,1.892939,2.2400403,3.4978257,11.413673,8.9721903,9.0407164,8.0724737,11.74448,27.227926,21.721045,19.512742,20.897055,21.603197,24.130998,0.50975343,0.98726373,2.0665665,0.96257219,4.6884582,5.2387425,7.6144453,4.9846982,4.3287679,24.783582,1.4057433,2.9451151,1.3231854,2.2633326,4.0920261
251,0.93082255,17.286518,83.642568,126.24553,15.896549,37.825962,21.756145,2.8994135,3.8203443,2.2087187,3.2039185,13.133511,24.872313,20.233101,11.485438,16.596878,41.375531,38.783154,18.457004,30.476244,22.105884,64.219568,2.1837288,2.5832672,4.4504236,2.3114779,11.811607,1.197144,10.716114,15.88497,12.507045,13.438411,5.4045367,6.5003868,0,8.9143996,9.3341916
252,0.99083033,19.483013,75.294721,120.74131,12.619812,34.469206,13.917581,3.9011598,6.1323601,2.2132705,3.7484089,11.410644,19.139704,16.317368,15.716263,19.27402,33.453881,31.94632,29.852819,21.891961,19.803062,62.990345,1.825832,2.5336747,4.1570719,0.75255657,9.0052675,8.0118554,10.544101,6.886281,6.623964,15.139581,3.6618623,3.6772514,1.1719295,2.1811045,8.907454
253,-0.16613175,12.134981,79.150472,114.44578,17.985331,32.290347,31.963329,3.0009214,0.94898745,3.520089,0.40348886,9.7703786,10.790014,17.38337,20.990203,22.170244,41.783319,18.720893,13.237593,32.170589,34.543418,67.110144,3.4009349,2.8021041,2.7917824,8.1948157,8.6168039,6.5177308,11.845907,10.968419,1.5316852,12.55006,1.9078183,2.1974282,6.1157892,18.765815,19.556895
254,1.41027054,19.942108,71.548798,113.35873,13.86847,31.445439,30.677344,3.5508806,6.6687447,1.8124495,5.5257387,10.4982,15.018605,14.714605,14.860927,8.9886488,48.451054,31.167493,24.489145,32.877591,19.075093,46.269988,2.4345188,3.6874855,3.0968593,1.908969,8.5752262,11.947885,2.0420009,5.3887966,0.39551781,24.628751,9.1375484,4.4583971,0.88428355,7.8999735,21.54598
255,-0.15287632,21.777016,53.452072,98.791035,7.3882824,30.681488,14.054393,4.050123,3.6093957,9.4846285,3.8829802,9.3341171,12.025002,8.6473564,11.543262,10.150842,33.886028,22.174224,20.038974,25.147309,31.652185,37.617822,1.8380315,0.52465844,0.5382255,3.9165513,3.9408471,4.263783,5.0133459,15.650151,9.3752463,8.2599862,0.66228452,1.5460224,1.3933914,2.672183,16.036131
256,0.01556955,14.978787,66.753959,120.42889,8.7085579,34.816698,21.35721,1.5972888,1.7782287,1.8800726,8.7473883,8.346814,17.603655,6.9632414,24.562062,10.129168,33.694136,24.260361,31.525939,29.180841,39.062768,41.488195,1.5371129,2.0296022,0.72688405,0,8.6745943,7.74468,3.9821304,12.289312,9.1729393,15.740561,0.629889,3.6278338,3.4164923,7.2680883,17.849926
257,0.03679581,26.021414,71.290843,124.29589,11.799668,54.281529,20.77233,6.7642082,2.6646448,10.100685,5.4818875,11.016488,10.932693,19.674697,21.501566,12.228234,35.508702,37.150347,22.137997,38.973571,17.740141,52.533301,2.5962612,2.7648165,0.51922403,3.2934891,7.7956492,13.183877,14.46319,19.530233,8.9166862,16.621584,4.502382,8.5680179,4.4941735,4.3963124,5.6211796
258,0.97347879,16.082823,55.445302,105.33715,13.526169,29.104171,26.70551,1.9417867,2.9869466,2.9383498,3.0655649,13.01328,6.5041631,12.047293,17.783288,14.418136,28.567555,17.33548,25.049846,19.442215,25.494695,63.35495,1.1192596,1.0356495,4.7056077,5.8336856,7.3804397,8.2024865,3.2796149,11.278121,7.0692993,9.9492347,3.7082832,6.485897,6.3165423,0.82801487,21.620714
259,0.80622192,17.336902,71.384679,112.34118,14.054504,22.72022,12.673147,2.6754774,2.8953738,5.7191721,2.8255988,10.889564,14.147484,11.869786,16.200737,24.065704,34.971241,21.591634,22.13519,24.032623,23.710807,68.857325,1.0374914,1.5527929,5.6326786,5.7949888,6.5570247,8.5738487,3.575886,2.5764701,3.4528103,13.101247,3.0545159,2.3843252,0,3.1424814,9.9178844
260,-0.97120666,18.526385,56.743696,102.2997,8.4072694,35.247892,19.643961,1.7318138,3.5904052,3.8687477,7.3249814,10.697221,13.726833,12.299138,11.346299,14.211212,27.345354,14.28819,24.446204,37.653999,4.8845228,64.086288,2.2267036,2.5284596,0.038247552,1.2457265,5.8576205,8.5396423,12.530075,7.2768925,4.5673969,14.64841,1.882626,3.4871022,7.1914342,4.108194,11.970435
261,0.76338528,24.17382,62.014286,89.949382,11.742928,47.374455,22.295428,2.4151001,5.5536548,9.4728803,4.357295,12.722636,15.881787,21.480173,11.309734,8.1967516,26.755492,17.280904,30.931512,21.715642,11.195915,42.247657,2.0540983,3.5613501,4.3272884,0.49788084,5.7850087,6.1579569,14.109586,15.802301,9.2779826,20.757034,1.8404231,4.216566,4.5725929,10.539361,11.587725
262,1.11186799,17.753453,70.176638,113.22352,15.803272,37.800446,19.640756,1.7655788,1.8932673,4.872237,6.9217589,10.912839,23.32273,11.244819,15.947145,25.531887,18.018153,26.834711,17.716819,30.920732,30.971841,51.52158,3.2203884,2.3123334,2.6719562,3.9778673,10.76648,10.735886,11.607132,4.5069135,6.8183808,17.768356,3.8874261,3.8563563,5.1417233,6.9807914,7.6407411
263,-0.23534306,12.982277,57.529479,82.177605,9.9281239,35.730275,8.1165834,2.122621,1.7309435,1.0938614,2.8587327,11.786008,13.566109,13.8645,19.727289,14.130097,16.297689,20.631167,22.260952,14.30449,17.833426,37.855474,3.2232457,1.2995496,1.5649288,2.7333494,5.0105316,9.6752467,10.014336,5.5479866,3.9867911,20.036474,4.9473702,1.8610836,0,0.53092086,2.8273503
264,1.01673173,20.526721,54.830413,119.36963,12.21144,50.99134,24.566188,2.7366578,8.5470471,3.2379631,4.6799997,9.2883548,8.8608192,11.006041,14.523991,22.277909,20.560854,36.997034,22.729137,25.930826,36.637864,38.791481,2.8873547,3.0742396,1.5410685,1.2206637,8.6394681,8.9233546,8.7434144,8.0001457,22.842551,24.675275,0.8345826,3.558685,3.7246398,9.2676475,20.43754
265,0.53398204,17.26664,57.196907,89.045115,12.293879,35.833084,17.860851,3.2637404,3.9455937,4.6908916,2.2491278,10.303018,16.010159,6.9116244,9.3130107,16.253989,32.357393,20.769868,23.829902,27.920166,4.0282792,45.447368,1.3215501,1.3791116,1.1137164,2.2542998,13.009614,10.642778,13.611232,1.3047825,4.8633575,17.971501,6.2641771,3.1374427,3.5252598,3.4320302,7.8946591
266,0.38464619,19.98882,63.36818,103.16444,10.428642,41.755881,23.611399,3.0310976,5.1133271,3.4486977,2.4968559,14.924066,11.354839,6.8655996,18.763306,16.893947,37.639401,20.723235,22.089353,31.437203,7.0233556,64.13476,0.66581906,1.2507856,1.8083946,1.5197903,11.012168,5.2290449,11.63738,9.2046465,11.305785,22.184047,1.598284,11.776536,2.3142121,4.2641488,13.432962
267,-1.20745174,9.0391816,58.94946,114.51244,8.6018304,21.836773,11.96204,1.773156,1.6036621,2.8359465,1.4273196,5.2476416,18.003244,9.5584623,14.551809,14.417417,23.945158,18.765673,18.785598,33.56729,33.018754,59.303421,1.463609,2.4160045,0.6891914,2.8036685,4.9853166,7.7853677,7.1796534,1.6923598,2.9356388,9.4663746,1.8010465,0.96533415,1.7327871,7.2889267,5.9118712
268,0.13037532,15.706002,63.466694,91.659229,7.9013826,17.628337,10.324187,4.3151525,2.7507323,2.7746841,4.1636962,7.9414337,16.346685,15.702272,17.322438,14.84125,21.618587,28.217951,22.256651,19.963976,11.056527,42.468036,0.53826206,1.159376,0,4.9439334,5.4500469,3.4475801,6.2851971,0.15863585,6.3024392,8.5789298,3.462046,1.7491151,4.9407265,0,3.4728887
269,-1.77741478,11.036471,48.401708,72.954068,5.8013175,20.62665,10.64951,2.4343248,2.7427958,2.0422027,2.4360621,5.855646,8.1358298,12.497897,8.1962472,11.188999,29.075541,18.712984,27.257915,12.459222,6.2946304,33.458412,0.97681079,1.7914468,0.39262461,1.3673581,3.8649019,5.2957402,3.7181395,2.5405775,6.2721649,11.403889,0.32698505,5.8065552,0,0.29492681,9.2037761
270,2.05657156,26.098665,90.322809,133.09895,24.652622,54.990736,37.354455,3.4312817,2.0429377,6.2698445,10.484648,16.478366,18.253367,18.568228,17.703545,29.723302,42.958867,26.395337,31.156786,36.408656,40.278386,49.686542,2.51778,5.2450958,6.1165826,9.7731088,11.932865,11.613965,15.157258,9.1689139,17.334536,22.897834,8.3334059,7.173827,6.5773863,18.229545,11.591738
271,0.25879411,13.211726,73.107073,148.93154,9.7406944,34.026706,32.953847,1.5714618,1.7627771,0.269732,6.4052182,10.059631,17.628726,14.123163,19.49209,20.876409,28.676787,32.045652,26.909061,55.714052,29.78479,61.119399,1.8702532,0.93721911,3.3233,3.3448257,4.4419259,4.1698937,9.8786231,12.363295,9.6052328,11.163404,4.3930726,2.936132,12.835417,15.373794,11.644921
272,1.66044663,22.310698,70.922831,105.72408,15.933769,34.5629,42.291184,2.0462721,2.6910771,5.4155406,11.157877,11.645653,10.352447,16.274007,21.402346,14.419426,38.252092,10.786521,28.174496,35.88829,30.630413,43.534219,2.0168739,2.7887205,4.1767808,3.1349903,11.269462,6.84987,8.8310677,10.512769,5.0965367,16.697794,4.4932937,2.5140874,29.547735,8.4153113,14.725785
273,1.7045913,20.512962,84.414932,121.10137,12.612059,49.03949,28.392788,3.8564249,2.5033076,2.1134795,9.2980432,12.238907,15.067653,14.499176,11.085108,25.393075,56.848492,28.385966,24.403363,25.127773,30.212447,61.150835,2.7614951,2.6001627,2.8573516,1.68927,8.0062216,15.075809,7.9373744,12.67206,6.7754675,24.941918,3.9481327,7.4645406,5.4238085,0,24.765287
274,1.52962247,30.055158,103.70585,95.412641,13.645715,53.422315,32.633726,3.7715425,6.1400725,3.5153962,7.039119,24.205448,17.609754,25.339115,24.526595,15.748289,64.230782,22.181359,28.35336,20.976973,5.2468861,55.00677,3.6758089,1.9319712,2.506745,1.8595488,9.5070022,8.7728319,17.172336,9.7255881,12.636943,26.44659,8.1640249,4.9578062,7.204642,4.2363679,21.864496
275,-2.28532291,11.227762,44.05732,82.232867,5.4707482,26.096342,11.369397,1.5982318,1.4136432,3.0218878,2.7799138,7.7519624,4.1956114,15.298782,8.5258669,7.9974156,27.142391,30.514624,20.551753,15.891794,8.756681,32.955369,0.63287528,0.60328441,1.2346046,0.43180787,5.509016,6.2709787,9.432468,2.8771037,8.4918667,8.1600616,3.7984756,2.2449558,0.84645692,2.435853,6.5100064
276,-0.72698004,17.874985,48.816667,81.945813,6.2840947,24.490774,13.916895,1.5639331,2.6714622,1.9968105,4.1823148,17.021613,11.244707,12.822475,11.77897,8.0962965,23.390444,18.959558,20.223667,5.7530261,16.921309,54.720768,0.6111693,2.1941821,1.1321236,1.5689345,3.5359273,7.561048,6.5540888,2.2255465,5.3868102,11.783322,1.9277277,5.5503204,0,2.3977056,10.230404
277,-0.64627755,12.072004,67.109734,80.689195,2.3431932,33.692913,10.766417,2.4388947,3.6055623,0,1.7268422,9.704016,12.272711,25.012014,13.960285,16.003174,24.038855,24.446588,22.438814,8.399242,12.35102,42.625998,0.065450267,0.92022475,0,0,2.6270883,10.744965,12.832775,2.4513697,3.4436595,15.428411,1.1565073,2.2565878,1.4515075,3.1717972,8.0507183
278,0.39805943,14.84997,63.943583,113.43732,16.621768,52.613006,21.289083,2.534428,4.0506071,0.04641658,1.8519709,13.483604,9.5402469,19.393612,11.198399,13.689845,36.939981,27.966635,25.527082,19.759141,20.555657,64.798479,1.9085543,2.7308766,1.3130392,3.4466369,15.934081,9.5819342,11.422228,7.052713,0,49.398294,2.271624,4.955571,1.6959927,8.9683841,13.534353
279,0.73700577,16.630403,69.201013,103.9333,9.1478473,48.516476,26.13809,1.5275446,3.5627392,2.1680354,4.1852113,13.497045,11.175035,19.680054,11.414134,20.209796,35.297387,21.018652,20.807831,29.237581,40.665428,31.840703,1.606063,1.8265243,0,1.9800253,8.2866342,9.2963263,5.1829743,6.121736,24.633219,25.251835,1.580118,8.4816984,4.9882427,4.7563295,18.471179
280,2.02628089,10.231705,75.362813,147.1006,17.096188,25.598907,21.351053,2.77833,2.9190514,1.5387349,2.3980255,4.3682528,18.029607,15.94751,16.792297,17.294657,36.705982,25.876696,31.326847,41.421025,61.531539,43.895105,1.7744581,2.0259947,4.4230905,6.8446747,10.229114,4.9424718,9.9047166,2.124415,2.7024286,16.210428,2.8666734,4.8425947,5.4522726,5.5743958,11.947639
281,-0.3496913,21.296835,60.582959,88.158303,14.545504,41.252443,24.564867,3.5571218,3.4618262,5.1936769,5.4284075,13.160082,12.992419,14.395011,7.4179692,19.095839,31.522145,26.247459,22.211759,23.576345,8.2401445,38.321826,1.670919,2.2366516,2.0509227,4.3636916,11.529833,10.375303,5.457497,12.245779,8.4457675,21.299807,1.3764187,2.2701753,9.9594643,4.3469682,19.079857
282,0.61708025,23.681121,71.052957,98.944969,10.355515,37.317621,26.739471,2.6331428,4.9015904,8.3065169,4.6972321,13.544375,18.017627,21.843403,11.224799,6.9456236,39.710796,13.608375,29.771698,27.645795,19.690727,47.95376,2.8632492,1.9220894,1.6419566,0.7860384,7.5120205,10.22111,10.406596,14.504105,4.3110146,9.6814277,3.2660048,4.2372881,6.8898939,9.6511894,14.932018
283,-0.71523025,12.504264,52.152659,78.460716,5.7631974,19.028414,5.0922824,1.3474117,3.236731,1.0903438,2.2887612,10.72227,13.572212,16.474695,1.3617513,9.6545505,31.573254,22.70786,20.86111,6.6279805,10.762156,47.811459,0.1584851,0.36777338,0.9497039,2.9088719,4.6658269,4.1374929,4.1267933,1.7474448,5.0815675,12.27466,1.2966116,1.2123775,0,1.4678448,3.2802604
284,0.40603637,14.006238,66.925794,111.57407,10.72024,37.426922,9.8785231,2.4211239,2.9659792,0,5.9351863,9.2335484,16.554044,6.0966071,11.040849,16.567544,46.619917,29.565845,24.642973,19.524138,23.794095,57.029335,3.6587897,0.83092083,1.6248132,2.1259108,6.9316973,6.5638404,7.7963883,9.9172575,12.18349,16.266154,4.0312376,0,1.1692966,4.03314,4.5155268
285,-1.25942818,14.090709,45.666165,72.565696,8.6675516,27.530104,14.98721,2.645102,3.9990697,2.8475624,3.0408247,7.2455864,12.093007,5.7295805,15.483993,6.4132171,23.923861,18.833447,19.011957,15.569063,11.292715,34.70451,2.1706161,2.5596585,1.1865321,1.0274067,5.1463803,8.6390652,8.8136307,5.2179455,2.9851641,10.992964,4.0895469,3.0808359,4.5649535,1.7443132,7.115351
286,0.24996566,21.728503,45.908674,121.10375,12.367488,47.390569,22.506898,5.188045,4.0678508,2.7169883,7.6410884,11.099306,15.33182,7.1233505,6.0875692,16.724292,17.513628,32.593645,37.149871,33.936993,15.337392,42.201935,1.3011389,2.892563,5.0610791,2.8387982,5.426945,15.315159,9.520238,19.115371,8.0286781,9.9808417,7.2557624,1.0500903,8.219491,6.2542568,8.0889677
287,-0.19157059,16.228696,54.374031,85.879506,9.3701651,28.168483,21.476392,1.6042408,2.9859927,2.08991,10.020419,7.0661122,12.062372,12.499559,15.648238,16.491752,17.71279,13.272025,25.450557,18.455104,25.215674,37.759581,1.5726024,0.69091433,4.6719776,0.83366331,5.7498372,8.1563295,7.0345532,13.59263,0.6833592,7.3295809,2.2684815,2.4131502,3.5920793,14.084823,9.3196312
288,-0.28661504,15.163789,62.911607,82.806871,11.047958,28.424193,17.540491,1.8076425,5.3531889,3.3975909,2.7305495,8.1369776,11.841133,13.016701,28.772792,3.8089619,29.541765,17.035265,19.31673,31.569154,20.664714,23.882862,1.6308524,1.7091899,3.466061,1.8694687,7.4235006,5.7850895,5.9441559,8.5880617,6.5246909,12.845608,8.1861419,3.9355465,0,6.9270908,3.5947485
289,0.67166707,18.406325,50.359956,100.0247,12.806667,40.798435,16.007813,4.2230687,1.9853243,3.8388362,5.5694145,10.83005,9.0154451,5.5189457,16.373427,2.8983579,39.849564,33.268061,12.84067,6.0892261,28.579838,59.720998,2.7556468,0.79198818,2.4690838,0.97664143,12.174779,11.889542,9.0176861,7.6329087,8.4622054,18.908778,4.9804329,0.8990307,2.0571042,0,15.54054
290,-0.34339461,26.665864,62.269379,102.02785,8.9254396,35.937472,15.345379,5.0850675,2.3708511,13.767042,4.5155839,11.648276,9.7248872,19.127799,15.499906,19.72766,22.018703,26.579295,24.939928,24.514762,16.943635,46.544506,1.7117402,3.4245767,1.9802789,0.85805655,4.2833531,2.9850487,4.6940172,11.4448,18.947446,14.248056,1.2684538,1.0108895,4.4509653,7.3361395,8.9575459
291,0.22412378,15.673583,71.046626,96.191281,8.8284007,14.130818,10.28281,2.7875853,2.1935492,3.4697267,2.6696766,11.879036,10.350802,8.859462,30.636346,9.0226162,43.348255,25.305844,20.867477,16.811812,26.602016,43.23344,2.0342735,1.9366128,2.6134868,1.4821754,4.2092663,4.0662014,3.8685475,5.3301065,0,5.5707998,2.9922302,1.1809429,0,3.4492191,7.2729818
292,-2.28598351,11.536525,58.441195,87.351482,4.3668316,28.441633,10.074222,1.4216999,1.9275757,2.4711793,4.2790197,6.8423511,11.051343,13.382273,12.947486,18.122341,26.523341,22.244039,22.45074,22.969116,12.997567,38.358621,0.54366747,1.0065071,0.023151237,0,5.2105365,6.1949237,3.6774178,10.230585,9.0331878,10.544845,1.2724936,0.59282082,0.52614833,2.7728897,10.643483
293,-0.38928723,15.357386,58.851737,86.989281,7.0889424,29.64743,18.419853,3.2976905,3.0393306,4.9731349,2.3989346,7.7652463,12.58513,15.367147,18.623893,18.287366,14.698695,22.47751,19.07323,5.7723913,39.628958,33.876957,0.70165086,2.3474312,1.5241308,1.2695007,4.3885097,11.941198,7.2670052,2.3813977,4.5978954,13.308272,1.8941295,4.9799483,10.856093,0.78720617,6.8974306
294,-0.11268725,19.657733,67.091938,80.084399,12.298933,24.566904,16.147232,2.0951363,2.3800047,4.122745,5.9085568,15.013493,15.815685,14.405382,12.981865,22.49402,27.300202,24.181018,11.769442,18.314864,14.821224,41.810441,2.6934861,1.7894014,0.47847001,3.9274596,9.2017091,8.224308,4.0349968,0,8.5608338,13.553551,4.3879753,2.7631371,0.47287585,0.75106602,15.309011
295,0.09469428,13.582136,52.371774,101.38298,9.9959756,36.151839,17.479989,3.3115955,1.2698712,3.5450818,0,11.695257,11.097178,14.067478,12.196263,13.469356,21.354352,20.984638,14.856665,37.566561,24.158495,43.981093,2.4352967,3.3355509,0.29006074,2.5981262,5.2554909,13.106229,7.8925008,4.37424,7.4748732,15.893984,7.9208286,1.3539926,3.4315114,1.8266313,9.0634083
296,-0.69391594,15.324985,56.899469,122.93577,7.1240562,35.728868,7.1834026,0.75494511,5.8824429,2.2344033,6.1943768,6.9038922,10.991475,11.484349,8.6302665,14.866677,35.741777,29.659617,29.029078,29.203425,28.374856,52.68902,1.1400275,2.3048845,1.4752877,0,5.2976064,9.3656665,10.328323,11.309722,0.12550635,17.173186,2.1830534,0.69739325,2.2709217,1.2576016,3.6068077
297,-1.3458565,15.191037,53.260684,69.910682,6.3727733,22.211674,10.448416,2.4309423,0.7751971,5.8206556,4.9084251,8.1580464,9.6918276,9.8103664,18.498826,13.411678,23.216249,11.515321,20.994368,12.362349,19.323564,33.975078,1.9892862,2.1697733,0,0.77704713,3.8363215,5.2233563,6.4998837,8.4216694,0,9.8094756,1.9073096,3.4294714,0,0,9.9625401
298,-1.26009222,23.698483,49.526823,67.514765,6.1378102,27.316179,15.918729,4.0649261,4.061593,5.3865004,4.9409557,15.891888,8.7191099,11.000748,6.4246982,15.301469,29.785815,24.516292,13.507468,17.198441,7.4848175,27.149566,0,0.10185366,0.8773415,4.0895435,4.6564912,6.5983219,9.4058031,2.6484273,5.0586425,13.916025,1.4718623,7.2061608,0.59543379,5.0441018,8.3032717
299,1.1145196,18.360683,61.324209,97.796077,11.583619,29.026728,18.580385,1.0525708,5.9648445,6.7352077,1.6091479,10.952631,7.4875519,13.881635,20.599889,15.592655,29.552082,19.602712,27.402737,18.829226,20.230339,50.355874,3.8473134,1.8113005,1.6641387,0.79827143,8.1575366,4.3623029,5.6381213,8.2860272,7.7966546,15.493773,4.6897697,5.4970958,6.1099161,0,8.8450171
300,0.93817643,20.075018,82.589155,118.12216,12.223125,41.73184,36.568274,2.8932828,3.7311352,0,8.4815517,14.853597,13.761576,25.963187,9.752075,18.496226,49.087309,20.188807,28.549731,19.502985,37.068809,62.565028,3.3127139,1.6614074,0.54247122,2.8314355,9.4251135,6.1061716,9.5575255,4.3788545,12.54199,28.360074,8.0556354,4.0627442,0.91492835,14.254756,26.635658
301,-0.43510069,12.519822,68.852676,87.867316,5.5757256,33.199719,12.60067,2.282927,1.3267345,2.5479154,2.0216181,10.430394,16.694258,12.465062,17.893507,5.8236993,44.14278,23.51636,20.832411,6.3133222,17.395731,55.487189,0.55273439,0.73466551,0.85842771,0,6.5761671,3.4122579,6.786762,6.2927559,4.780859,28.331647,3.7362939,1.6121409,1.0965171,2.5430354,9.1515333
302,-0.58345726,17.763699,57.017838,97.670725,11.370982,27.104252,20.469195,3.391889,4.6649118,3.7856426,0.89768863,12.582743,7.9839738,13.580996,15.679171,8.0535914,36.517264,25.437331,24.480728,22.185669,21.831363,39.050661,1.9590194,3.4121947,1.0273058,2.3398204,7.5932164,9.4520812,8.2036807,4.3250222,3.6197858,10.257655,2.6177978,7.226458,8.9477564,4.452539,4.2525307
303,-1.80057801,16.034122,67.869943,105.46571,5.8769088,16.391195,11.947399,3.3874459,3.698695,1.1757006,3.5351318,11.338075,11.91578,10.987836,14.429841,19.716602,40.866684,22.215032,11.59731,32.175116,19.362973,65.690673,0.73454405,0.95481222,0.88669101,0.4666228,5.9406881,3.9571125,5.1215959,3.749062,0,9.8063795,1.8187494,4.4769623,1.5083725,0,9.3235461
304,1.67271484,14.716563,66.620407,103.10028,11.08737,36.455887,10.980121,4.38519,1.3050349,4.6147126,1.0018308,9.419975,5.6596207,12.427567,16.922883,18.881682,44.388035,18.784891,18.679353,19.935812,35.384962,54.537671,1.9430093,2.3193432,3.146332,2.1060116,6.276476,6.1131071,6.6640316,13.168284,9.5143733,15.832243,3.3906798,0.12792603,0.44996288,2.0258703,10.427784
305,-2.18241879,12.481103,57.936557,78.795864,11.908623,27.720998,10.054668,0.92425722,2.1555156,3.1774043,5.7092815,6.4177827,10.727479,9.2035474,7.8662992,19.907318,36.435374,24.209643,17.795277,25.12366,3.8458925,34.854312,1.7648277,1.5810462,3.9406029,0.95418512,9.2815461,4.8095735,8.8423365,5.0431489,7.1165852,12.901439,1.4252683,1.7032251,0.76236913,1.4058755,10.04281
306,2.01757741,28.595622,80.965299,109.9511,15.595917,55.537509,21.628287,2.342047,5.9685709,4.5233451,6.1101457,24.000539,15.091569,8.2917279,17.318321,34.513485,41.648996,25.01113,22.719962,30.311517,24.70614,49.595551,2.3838384,3.2545241,3.1996024,5.612452,7.913965,7.3381913,15.341335,10.693301,12.700812,33.582535,1.6970441,5.6256227,4.4849081,8.7324051,10.835408
307,-0.16044058,13.135838,44.510172,96.361491,10.862416,32.230166,17.133805,1.7866751,4.9105313,1.7637572,2.5432926,7.6156639,11.84099,12.520829,7.893383,5.2781887,23.610014,22.198631,34.49735,14.773168,19.132876,40.175178,4.5405785,1.9346611,0,0.87747008,7.6369763,8.5551088,8.5211586,8.778619,4.7787745,13.024815,9.1363821,2.0760697,0.45087257,0.48087819,10.795206
308,-0.29702919,7.9232845,54.483557,97.253192,16.350494,31.866253,10.608426,1.9983668,3.8858671,0,0,4.9458323,13.901397,13.369107,16.239626,9.9877112,20.32249,27.925965,19.084572,20.144826,26.129705,39.757203,0.72001921,3.7545893,1.6100917,11.074677,6.9870336,7.9428174,4.6445698,8.4187149,10.261514,13.134153,0.88254997,2.8652238,4.5044506,2.0143747,4.7901508
309,-0.56186619,13.226574,52.446171,84.865467,5.4086197,27.116475,17.221831,1.1610134,2.4885878,1.5729564,4.0493747,10.714268,10.701097,13.523621,11.572219,12.263959,25.003819,14.244358,22.168702,31.832697,25.228489,22.314893,1.424498,0.65916684,0.37285144,1.6922063,3.7471532,9.4895157,4.4299107,9.8790384,2.2601172,10.078304,1.5488584,2.3753932,4.3354677,6.9647065,10.338712
310,0.99697953,20.576146,55.907923,91.967099,11.667528,26.186904,25.080657,3.3358339,2.9833558,4.8730726,3.2222845,15.834524,16.979514,9.989583,22.213767,8.5628101,16.736347,23.353391,26.943145,29.173097,13.301946,29.986222,2.7323076,2.6105897,3.115716,0.86913822,7.0308394,11.452647,3.1496009,3.3147498,0,17.880467,5.3044774,4.0119904,0.90397687,1.4324165,25.948514
311,-2.32719481,11.337884,58.218651,70.080492,8.2788623,28.298483,14.892709,2.7488869,1.9591965,0,3.5817213,8.2462983,14.566565,13.943795,8.7653282,17.276259,26.015042,10.447424,29.405862,14.433213,2.2647674,40.62856,1.5335088,2.0798587,1.834366,0.85674175,5.544259,10.043435,4.4870917,8.0541397,4.9206746,10.438779,3.5979469,1.4769644,0.24258377,9.1095216,7.1597996
312,-0.24613559,18.403022,72.183534,116.23777,6.4347505,33.453811,14.718433,2.982715,3.4164807,3.7442403,3.4458586,13.264279,18.977848,20.039198,20.568534,6.7528481,31.137311,24.832271,22.604163,30.156673,24.466757,61.16102,0.93148057,0,2.9236453,1.7099576,3.9301958,4.8604081,6.3584545,11.888803,5.4796159,19.274036,3.4026204,0.62461539,11.104211,0.80263239,3.9544969
313,0.70427231,19.530907,74.852027,124.75976,10.685537,27.148845,22.045094,1.8917934,3.1691969,5.0614393,4.3534427,14.572836,10.756778,21.470051,23.541431,14.932668,33.706618,40.19651,27.925737,22.395658,23.031636,55.261883,3.1431586,1.0906523,3.0902909,0.86093927,6.8976585,7.3212937,4.5015404,5.8287718,0,21.060531,5.4551889,3.400336,3.2641747,6.6745584,12.588027
314,-0.13288956,20.192143,72.285114,118.36085,7.4863791,31.654999,13.095183,3.0097025,2.5753653,5.1537933,5.3315116,13.555525,16.823905,10.020195,42.256216,3.1626757,25.591606,37.368,22.744913,24.987582,30.676079,44.338879,0.74764035,0.45322843,1.7023479,4.0016868,4.3691033,6.8800866,8.7236494,3.4971067,9.4714978,15.777191,1.8410607,0.40200301,5.0934825,2.1681513,10.080878
315,-0.1058573,18.195088,61.071475,90.598446,10.982854,32.969719,10.766289,1.8410388,3.0416582,3.3792128,6.2948644,12.504167,13.410749,15.441478,15.425169,9.8167183,30.563567,22.018891,24.471178,17.271744,33.39869,25.669445,1.836181,1.7202879,0.72305872,2.1001162,10.159258,8.2886395,4.9085445,11.011747,9.1403503,12.089383,3.4492321,2.9940052,2.7140407,0,5.3592417
316,0.38390103,19.057889,43.401856,85.950661,8.9969626,28.700557,16.002605,3.4232413,1.6555588,4.5162137,8.3237065,9.7223853,15.286903,6.6366066,14.82565,5.2659587,15.887869,9.9328642,30.91674,12.92136,23.159318,44.705232,1.3030481,1.1874605,1.0538858,3.4889333,6.4106454,6.6258206,3.4657446,4.9756245,11.809938,14.088592,3.5455005,3.2986184,4.6865425,0.97188418,10.100701
317,0.35389791,11.773572,47.607078,77.157717,8.4994998,29.255271,18.648556,3.126923,2.4900339,0.67022798,2.8166751,7.6653355,13.436447,17.254908,12.384895,0.64483549,19.239577,25.736452,18.5008,0.062704623,18.848357,43.331539,0.58697597,1.1291534,1.1729199,0.58175645,9.8858468,14.787379,6.0433776,0,11.763914,4.6504409,3.9796763,0.8300059,5.8413147,8.8312949,7.1183989
318,0.44389945,12.22892,50.723209,90.917638,10.587219,15.10726,12.226134,3.0111972,2.1601199,2.4938921,0.939717,8.8973348,5.7055164,15.122871,7.602992,11.705784,33.314686,23.160831,9.2804071,34.293971,19.240934,40.271766,0.99593832,2.5808207,3.1921179,0.063223,8.7847473,6.3987794,5.8828501,0,5.2491276,1.3483944,3.1146771,3.2346311,0.27524397,3.6624987,6.9906617
319,-0.21154909,16.460083,62.657031,106.22202,4.0335263,26.428716,18.854558,2.1024991,2.481853,3.3076348,1.3264227,15.595169,16.248923,12.255411,15.354378,11.03463,31.984676,23.442914,15.625989,33.023479,21.579903,55.821726,0.65913688,0.41054116,0,0.7314161,4.4895008,3.4782588,6.5415963,8.8734954,2.4419454,16.474024,2.1054202,2.1465317,3.5734539,3.1954853,17.731692
320,-0.15669639,17.485448,65.732165,119.04381,10.785298,48.194088,14.125918,1.5873845,1.6767194,4.5469679,6.7757527,11.615876,11.643142,21.633149,8.4462995,14.933241,35.569942,26.144584,23.820806,25.238938,24.363367,68.428665,1.6448568,1.8684364,0.84517881,3.0944344,8.6499986,6.9573173,10.564356,17.276689,16.778384,15.618396,5.6388577,3.3329218,0,0,10.450909
321,0.58841809,26.518119,65.241471,78.053387,15.558448,26.794451,19.95466,2.6705059,5.2088632,4.7603883,11.582778,14.599734,16.21918,16.99596,17.320238,10.693809,27.658632,20.41835,17.585977,7.9729862,19.797768,43.522873,1.7766093,3.0792263,4.1739413,4.2392787,9.3693733,10.470334,6.5660222,2.3431694,0.44758039,16.473965,1.6738196,9.838175,0.97036975,0.017499695,16.286621
322,-0.91765783,17.215051,59.542375,80.886503,8.2369714,30.593934,12.162649,2.5517631,3.6734952,1.6716509,4.3146192,13.196517,14.192946,17.154168,3.0569881,17.968533,30.723155,20.007713,15.616026,21.586741,33.075968,19.774092,2.1674861,1.5047254,1.934145,2.2614911,3.5723563,5.0448524,11.228572,0,4.5051534,23.26117,4.5678691,3.0091297,0,2.4003396,6.5946793
323,-2.11082388,11.777688,47.338447,79.013051,6.8610055,18.919908,11.386556,1.6384343,1.4080965,4.5048826,2.1968605,7.4201755,20.835344,7.8469074,4.0033046,13.613447,16.349033,12.538749,24.928577,18.601742,14.935934,39.342828,1.3730013,0.96537134,2.0156257,0.80831569,4.7878289,6.5096889,3.6350229,0,6.9612357,9.062673,4.4502858,2.7082447,0,4.830762,3.1369343
324,0.22613564,24.837089,45.472973,105.53122,4.1119222,40.984626,30.531869,1.7790651,2.7992628,7.4409052,9.2813648,15.757532,8.83713,11.684722,19.19566,0.74969708,22.036787,23.830635,26.111317,22.869024,21.576614,52.042841,0.9241053,0.75520733,1.1681016,0,3.0745863,8.6043784,6.996118,28.922369,0.55176111,9.3162871,1.4573459,3.4998847,9.9033806,0.71459671,31.4792
325,-0.54644874,10.911149,46.886474,96.014296,9.2585773,35.887151,17.331788,2.3506649,1.702402,2.3802784,3.0494325,6.1267507,6.6099106,15.27595,11.069368,9.7418978,23.018098,23.584372,22.645159,17.941788,23.630593,45.056617,0.81391841,1.2608759,2.4773303,4.0482332,5.1079457,8.0817775,8.5408938,14.217437,1.6788655,16.588019,3.6572452,11.739048,0.47882242,0,6.6466231
326,0.2829264,18.761984,66.87203,90.533691,11.442015,31.908122,21.00909,3.2627444,2.6982019,7.2001941,2.1029334,11.607787,20.940395,16.769751,2.4011823,19.187265,32.514346,20.704266,29.931176,18.714043,15.440666,38.262513,1.4681931,1.7179578,3.4018921,4.5568993,5.4048497,13.577823,7.7682748,6.7059334,6.0461001,6.6865971,3.6169295,9.0004787,7.6395165,0.62181318,7.1402693
327,-0.83718849,11.148701,61.148687,80.091401,9.6106392,33.822455,8.2134615,0.90456414,0.50860705,6.594585,0.12028159,8.4788713,6.0563714,9.3600564,19.193443,20.401292,34.247842,15.566976,19.9709,24.832114,4.8831563,46.814488,1.4913467,2.245134,3.2458417,0.47987058,6.2862575,8.355326,7.0745409,2.3579712,10.238704,20.017079,0.37231303,2.7786224,0.24457217,2.3340348,6.6781039
328,-0.80322518,16.546894,58.345165,100.50686,8.7616074,24.181381,14.853919,3.0059611,5.2844096,3.868152,6.3603661,3.9717846,13.185917,15.148833,5.9093329,15.689801,32.073561,23.523023,21.943143,24.550374,30.018882,38.302189,0.86159745,2.7046906,1.3297205,1.5405665,6.4099985,7.3104258,7.5974452,0,2.8038682,15.834007,5.1891108,3.4435464,4.8733535,0.16944151,6.0237917
329,1.01010788,22.271387,65.140297,125.7732,11.510024,42.967595,8.6593656,2.5058449,4.6394974,6.6391832,3.306046,15.375802,14.68162,16.229136,9.4031399,8.9976686,42.82911,27.636621,30.324145,37.460057,24.526356,52.812147,2.4646492,3.1661336,2.2119241,0.10023015,8.4004357,9.402297,6.0862867,6.8597778,5.5063383,34.91214,0.86697388,2.202077,0.11249301,0.74060732,9.4167676
330,0.00827469,15.179549,60.181824,79.028518,13.34776,43.036742,11.47665,2.3493978,1.8830966,2.5774706,3.9134234,11.895308,16.742783,11.849139,24.334025,4.7164191,23.387412,24.296525,17.646297,15.686864,8.8892109,41.517965,1.8399608,2.9434165,3.6867694,1.1791682,9.7531987,11.277882,6.9307179,13.40642,11.130886,16.364259,1.0720479,1.3658317,2.5208342,0,12.845703
331,0.17478401,15.515498,60.787791,81.616303,10.086565,38.562849,18.179787,1.2931801,2.3940402,2.6102322,9.9115707,6.6485864,14.057167,14.877868,4.7545172,12.179119,40.606351,26.696858,20.391463,6.0022492,13.71477,45.012626,1.0366565,2.1510806,2.3887784,2.1176757,7.182829,14.969192,6.8649654,8.9189735,4.4555928,16.168254,0.8298883,2.5943647,4.1386513,7.6208777,12.299673
332,-0.82950998,14.156848,44.375559,117.01893,13.795504,24.913996,17.957541,3.0649538,2.4662354,1.8329327,1.9988511,11.293577,12.331301,12.288082,5.1453257,11.569288,19.337382,32.141264,20.999984,19.319842,15.804662,76.534612,1.5269998,1.4506338,0.74099661,1.5416318,16.397492,3.0336083,7.6436322,2.6781711,6.7538444,16.003188,0.94427209,3.8719063,0,2.9482402,20.271702
333,0.06294132,17.939472,71.895609,78.850414,11.500707,35.880874,24.611773,5.9605393,3.5980755,1.2768692,0,14.483614,18.144504,15.290172,25.650397,6.9209417,32.074142,22.979225,21.337087,13.251004,8.3156919,41.801191,3.2583884,2.6015279,2.1041683,0.47398292,7.6444408,5.7881928,7.9110187,13.283964,8.2616213,14.873869,4.8985832,4.1096136,2.549788,6.549572,17.855856
334,0.94088852,13.439157,56.00703,110.8557,11.040649,34.421734,15.888572,2.0063005,3.3957196,2.7994065,3.028147,8.0710552,15.957489,16.466595,14.794134,4.458638,23.318118,22.488439,27.678034,36.301186,22.320793,43.283488,4.1707513,2.0120736,1.0320743,3.7939033,3.8683029,11.01941,9.9704712,8.5682009,2.5373816,13.593695,0.6664708,5.3415193,5.8171408,3.7035642,7.0906326
335,0.62964423,18.045531,45.595422,110.38191,12.015827,31.213919,15.177136,3.6552798,3.497077,3.2592148,6.2386235,8.9645394,6.8044863,12.210308,11.691554,11.830844,21.713111,25.415383,21.769474,31.479843,30.386006,43.194709,2.0302156,1.4825188,2.0788574,4.7728276,7.2422085,3.6838359,6.722555,15.772162,1.9388102,15.910737,7.6272145,3.0041392,0.076479796,0,9.5597375
336,0.40192279,22.926347,76.165908,116.44026,17.381594,54.190285,25.144511,4.928934,5.2664796,0.71572605,8.8755134,12.981724,14.711079,11.733619,19.826678,28.96669,32.336553,26.078009,27.872439,21.525889,42.195069,43.101573,3.0812688,3.2572228,5.6158963,3.1184247,9.5993766,13.582642,10.136995,8.5400815,24.389225,18.384624,4.6308086,8.0047411,7.6235267,0.52702347,14.080348
337,0.5445401,16.81285,76.438977,120.11698,8.4397185,45.537398,22.504735,1.3093597,2.3909279,1.0362283,4.4855158,16.882978,10.87839,15.455958,21.144205,19.392013,42.677978,27.202864,23.30085,24.887418,23.858237,70.318978,1.7454315,2.0928623,0.1805867,2.6621874,5.5179602,13.93157,7.5654641,7.1273294,9.0968615,25.691193,1.7775936,1.731818,1.2987532,11.924175,18.095259
338,0.5547517,17.333986,45.647563,110.8426,5.5326015,56.323235,12.169349,1.3375136,3.3397121,4.5917542,6.3231146,9.8646042,6.3798601,12.416595,18.736889,4.5965095,21.441406,25.968822,21.245022,23.546588,34.372662,49.334187,1.4603817,0.87905791,1.5991947,0.70104806,3.1484911,8.2122594,9.7674321,22.68217,19.211245,19.030893,0.93627492,0,11.727689,0,4.4751457
339,1.59731371,20.04503,75.752819,100.9809,8.098003,35.028993,20.227429,3.8926323,1.3449922,3.611217,6.1834034,14.627477,15.353323,12.567319,17.086788,24.611982,37.770711,17.054424,26.839075,21.621671,25.069633,51.63577,1.0122344,1.1979478,1.3759178,2.41566,6.1284595,6.9215979,8.4209872,6.7048733,7.8540878,19.642639,1.7831595,4.9680451,0,0,24.528209
340,-0.76426067,13.381082,51.261539,120.32683,13.547784,31.024888,9.9929926,1.3259503,2.5343524,3.0793676,4.7448818,7.9813244,15.629657,7.8498992,20.542606,4.6576882,20.469997,25.141283,26.073554,38.246666,28.472135,48.081394,1.3050914,3.9235388,6.0001017,2.0850949,5.6371255,6.5819075,12.420704,10.870078,1.5939036,9.5487487,0.69595506,3.7962329,5.897111,0,3.1781184
341,0.39715418,18.481776,73.941437,108.58115,11.081144,51.803584,15.327851,3.7953096,4.9075524,4.407285,4.2095225,8.3316661,13.210237,18.248307,25.319732,11.198668,34.779535,19.599558,20.503303,34.318434,29.728493,48.261225,3.8736085,1.7209818,1.4627841,2.6270763,5.5948819,7.7649033,11.857944,12.467543,20.437953,20.582608,5.9173117,2.3341525,1.7538276,7.1855909,3.1719253
342,0.56673418,15.518467,52.186281,132.92149,11.554121,28.676222,26.570744,2.8359729,2.2728648,3.0937593,2.7996752,11.754589,15.31528,7.1500605,6.8219983,18.017737,25.773461,32.552256,26.122215,35.619512,36.398467,52.102782,1.5606214,2.688452,0.72288871,2.5680916,9.6760062,4.7585831,5.0905334,1.6918378,8.6741801,22.340851,1.6088929,11.01571,4.0917804,4.0736049,17.485374
343,2.86760889,19.070817,74.664693,130.13099,14.191569,52.603556,26.719331,0.33848967,1.2292383,6.431638,8.3561598,12.76424,7.8575091,21.412652,28.40233,14.455295,32.471008,21.959427,31.903667,28.504907,39.035347,61.910757,1.568654,2.5845754,1.9626492,8.2759921,6.3286171,9.0333529,13.45984,17.84988,14.308607,17.797133,0.90509541,6.0891893,7.3120713,9.6741348,15.457831
344,1.35750773,24.860668,56.671301,89.865084,13.349868,40.568223,28.6894,3.0884775,3.6120884,12.518245,6.776906,9.0223886,12.770657,17.243181,14.717284,5.9058113,26.849089,23.708833,29.377971,22.482821,5.5661587,39.504976,5.266017,1.9362234,2.033181,3.2068846,5.5782305,10.609051,6.5975096,3.0860142,15.786006,21.442923,2.0527194,4.2053473,11.935706,9.5614471,13.960485
345,-0.56476505,16.956846,52.330752,87.537976,3.4014105,36.277519,12.552967,1.9006856,2.2572045,5.2673709,5.8262409,9.5689233,11.836134,8.5895412,6.1872794,19.551671,28.554582,21.524105,15.482405,27.157011,16.441951,40.494042,1.2128287,0.076329621,0,0,3.8358563,11.926029,6.8679774,7.2848525,4.9065826,18.631703,3.0739088,0.010340558,0.54267409,0,15.892113
346,-1.42475354,15.732561,48.648559,103.01298,5.2849446,28.304249,9.7831072,2.5564147,1.4415604,4.4145834,3.7019123,11.05824,16.243184,0,8.7426178,12.500008,32.077262,21.152592,21.227289,42.774352,23.670637,31.52706,0.81045092,0.86791927,0,1.1847254,5.2419968,3.6058874,8.267339,4.0439758,12.840612,11.436629,0.83481216,2.4562959,0.91407126,0.060664443,10.770508
347,0.59029482,21.077613,62.642075,115.1742,6.9897639,29.405709,19.001801,4.0639996,1.9255328,5.8058929,3.3361223,15.726424,6.2076713,11.155657,16.28852,22.790987,34.984836,24.409967,22.612873,31.448566,20.223187,63.144188,0.86997309,0.27946907,0.33727404,2.2506572,7.2546527,4.5720678,7.2299423,6.5775465,5.4052304,18.391143,1.1842273,0.7815539,6.0576534,0,21.792412
348,-0.6705755,20.95744,65.30224,111.6199,9.1604629,34.057856,9.6067491,1.8840077,3.0459785,4.2555989,6.1786326,16.14347,12.608972,12.052872,14.630614,17.325125,36.350593,29.993358,22.421571,36.533777,19.270578,43.271466,2.108301,0.25143553,0.93451266,3.1519605,7.2629017,8.9233431,7.8643592,3.4522868,8.8327228,18.611541,1.310873,1.7691128,0.45106945,2.4014327,8.646334
349,-0.99407999,14.612332,41.51155,90.23136,10.072987,18.958101,5.198099,4.386261,1.1030586,4.7471763,1.6753138,8.6047406,9.3776898,6.5320984,9.570187,15.892742,16.833447,25.068448,17.714223,18.494693,24.639052,38.025628,2.5148099,1.4565974,1.2818412,2.9621358,6.2507204,9.3744387,6.9952576,3.3464725,0.16249544,3.1806087,0.21464691,3.4542881,0,0,3.7022041
350,-0.41068353,16.38042,60.376102,98.359062,9.671461,37.888291,11.360837,1.2393533,1.852197,5.6620052,5.6021815,9.9592094,10.9635,10.768122,20.465562,11.89898,31.153841,33.202959,21.113279,26.610583,7.8781925,42.795492,0.30585514,1.9265364,2.3495459,2.3633117,7.7206567,10.58869,6.0112716,4.8203738,15.644026,15.737873,2.1164186,2.6517245,1.8212552,3.5380757,6.1152598
351,1.60270172,19.555851,85.81147,148.63106,20.728351,51.176072,39.008667,1.8143921,4.8830689,6.8137328,0.22959769,14.747143,16.443348,15.346419,29.238388,21.932139,36.943347,12.83389,16.519404,64.148237,47.836297,74.685359,2.8482041,5.5365225,10.884213,1.685283,7.4260377,12.267331,11.839891,14.69706,12.694303,18.326301,2.8902651,8.6243746,10.583595,9.8743273,25.26626
352,-0.20905235,9.3267655,53.148688,91.198323,7.7365049,27.738822,17.228652,1.5503255,1.2994918,2.6661424,1.0168976,7.1872864,15.727492,12.957638,13.131146,1.8433187,28.78886,35.301677,26.562498,3.6546048,16.88481,38.411703,0.44536051,2.2374548,0,2.1562096,6.9548578,10.99527,2.5200295,7.6012975,2.1324373,14.449641,8.4286662,1.4297792,0.81544725,3.3440284,9.314526
353,-1.61939012,17.061296,58.359853,87.91665,8.292064,21.363109,13.839738,1.047068,1.5471761,2.1064459,7.720789,13.935614,10.365704,9.1565575,17.470052,17.357704,28.588831,25.199271,11.182205,21.465766,25.354467,38.551681,0,0.45891161,2.6972983,0.9215747,9.102739,9.1107393,5.1175214,2.1059671,3.8301161,7.9424431,2.8875466,0.3513153,0,5.1495724,12.775288
354,1.64926429,17.195623,71.961767,101.53131,21.450411,41.621276,36.354141,1.6033845,3.5970452,4.972984,2.5512902,12.596791,21.726386,14.629818,18.560615,16.2013,25.97268,15.326066,21.903812,37.505683,16.85867,51.493293,4.7557145,3.1121035,2.8261101,6.0262948,14.306942,11.785458,7.060785,12.020928,1.5656203,25.439084,11.271731,3.1035187,7.1599538,5.784437,24.204113
355,-2.26655246,8.599664,47.413117,79.872362,4.4194694,23.734881,9.6737956,2.1441992,1.4314915,0.89468254,2.2710481,5.6517507,11.129195,11.639162,5.9852057,12.84115,24.814758,21.2129,20.85503,13.864171,24.221445,28.403128,0.50381409,0.62874547,0,1.6767867,4.0323786,5.640678,3.6067052,3.8586879,7.311224,13.467431,3.008545,1.2952078,0,0,9.8843344
356,-1.58325148,14.473495,54.119125,94.826624,13.155971,39.348686,10.719887,3.7552622,3.3065842,1.5350061,0.35461655,11.776865,13.177587,7.1359221,14.427887,11.986089,29.648568,24.792952,23.985556,23.835394,20.545495,35.310598,3.3104448,3.2688073,1.6529289,2.3030245,7.9470911,9.0295857,13.248592,9.6897524,6.8524457,14.228156,1.2119685,2.1808124,0.99235889,0,12.101556
357,0.12855037,12.072827,59.169641,96.833995,10.541446,34.523634,14.447831,2.1243491,1.4383809,1.3349832,4.0953518,8.964621,12.432619,12.231608,11.901358,13.299572,33.917399,19.732842,27.47419,16.237797,33.517639,36.78419,1.1837623,0.93639374,3.5666357,3.8913307,5.9646418,13.772515,10.249142,7.5991331,0,13.054833,4.2194821,2.8868137,1.8873187,0.50571021,11.018633
358,0.07245886,21.126608,70.202348,102.83686,12.917392,18.679487,20.479024,4.0779418,3.2835666,3.5338355,6.4993537,13.18534,14.768494,15.284008,17.346745,17.403366,33.211941,16.392766,25.017654,23.660272,38.606187,40.659855,1.6605874,1.2316153,6.263287,2.2350576,7.2962596,6.6033324,7.7503108,5.4894192,0,3.5179119,8.0885096,2.6275287,3.1718506,2.0788527,12.135528
359,-0.63110127,13.32499,69.455525,97.251765,10.087637,30.335124,6.9553043,1.715925,0.6181747,5.8474597,2.6722127,8.8141925,16.331997,16.443002,16.38178,19.851605,26.319763,21.962406,29.714789,18.681905,25.069739,37.224493,1.5962808,1.2397627,1.3546173,5.2605854,5.3613174,5.0714007,9.6643796,4.5821063,12.112043,10.745724,2.3209737,3.5029025,0.21417528,0,3.0272911
360,-0.45262116,19.445181,52.270763,84.764545,13.423728,31.26927,16.781318,2.4624941,3.8416402,5.3297471,7.4105545,8.8198569,8.5279992,18.081813,6.6690261,13.545035,26.439769,22.586854,22.917384,24.731952,22.242293,20.204239,1.2418948,2.3908081,2.1680589,3.8971237,10.463042,6.9743267,2.797883,8.8102918,6.4805784,19.990917,2.3314555,2.0595175,5.354556,1.9439176,13.149275
361,0.41218963,20.00365,81.501388,127.06737,11.593228,27.371184,19.126606,3.6100961,7.1785831,3.6175292,5.1059583,7.9961906,19.522712,22.873746,19.250913,20.794554,28.008838,28.987334,33.236427,29.404203,36.93406,44.992045,1.1454286,2.0823788,3.9526713,2.2108106,7.5945772,11.380832,4.1287626,1.965728,10.967774,8.0904236,2.1179873,2.9394955,11.795256,2.7012925,7.2891703
362,0.43286804,19.666373,66.107329,99.756271,11.771566,37.091257,14.797426,2.0493765,7.4758241,3.326771,5.0517813,9.8916284,13.468095,14.939149,10.949495,17.645945,36.563692,30.902089,12.082648,15.697471,24.188505,56.91843,3.5648443,1.5671809,3.890879,1.5311878,5.6478611,10.339277,12.03111,5.217325,7.9526603,14.431815,2.544371,9.3386105,0.42959051,0.7877764,6.6899322
363,-1.65145926,11.166273,53.728883,94.101815,7.5286909,25.612537,9.0618546,1.849511,1.8049005,2.8414291,3.2385085,6.414061,11.375397,10.949115,10.155903,14.212928,29.331515,28.224664,17.394562,27.12624,31.137227,21.945083,1.5573263,0.98877839,0,3.8118026,4.7465476,9.9334774,6.0183079,0.67069953,6.5205263,11.38167,4.1832443,2.1955942,0,0.7299988,4.9825909
364,1.40118896,17.858607,45.850174,100.45144,11.645245,39.475824,21.942343,3.4429065,1.0763918,5.8445163,4.6450654,10.927168,6.4835366,13.680794,5.0832875,23.215633,16.122137,25.98092,22.718612,19.93338,28.702564,40.515393,1.7492902,1.3688733,2.1775343,4.0807106,7.8681605,6.640426,11.380353,11.25904,4.7597986,21.211437,3.0516308,1.4010815,9.6142231,4.0615898,13.969449
365,-0.63863448,9.0840419,51.230261,89.003014,10.555824,30.628576,6.6674277,1.6309693,1.9654631,1.5486821,0.88801056,7.2592774,14.373475,14.327831,7.6933517,10.300878,23.093212,17.683472,24.759918,23.212838,17.081934,40.214999,1.3015133,1.3393819,2.4414266,3.2105884,7.4120377,8.1309513,5.7370933,7.6866349,2.7645156,18.522136,3.5262442,0.5013867,0,2.9566719,1.7658197
366,0.58357113,24.634034,61.779699,110.76138,14.157986,39.41294,11.916433,2.7231794,3.0825642,10.348196,7.6674633,11.685269,9.0205239,10.298887,16.094719,18.181693,35.703143,28.849948,23.445298,27.232768,20.151799,52.867694,4.5128314,0.47308261,2.8068179,3.9715384,8.3652753,11.35668,6.0834649,8.8203523,12.654235,15.339031,3.9422772,2.4179865,3.1640994,0,6.7827193
367,-1.26934065,13.166554,58.958961,100.98671,6.7644038,19.205679,21.328191,1.3136701,1.2517628,0.83100964,2.7786413,14.467061,11.607772,18.152912,7.2206205,7.2380739,39.199498,28.003144,10.837419,33.383425,20.712138,47.015632,0.66438537,3.3210512,0.64236964,0,5.029716,4.3122002,3.1918959,4.2082993,5.242567,10.344978,4.0293125,3.820972,5.3221075,0.77204792,17.058166
368,0.47093609,18.627362,87.134412,98.303442,5.5980051,24.225828,23.963297,3.7324249,2.1516517,4.4767853,3.9954991,12.706702,20.030158,19.443198,12.09164,23.959316,47.026739,21.394909,22.320938,12.448659,19.40804,64.471922,1.2751431,2.6097237,0,0.22533093,3.6518639,5.2763727,8.8839109,0,10.137295,9.0861687,7.5335797,4.1679077,8.8847055,0,11.83473
369,-0.98730593,12.006451,51.719875,102.54185,9.6275429,29.767588,20.132341,0.54890848,3.4056712,3.7396367,4.3330851,5.2822633,8.3301462,10.363993,13.974573,12.171913,29.040476,21.526238,27.039077,24.46644,19.866289,49.212301,0.278914,0.90094983,3.274626,3.2343974,6.9938155,5.328983,7.5660999,5.2791205,5.3955228,18.979964,4.9227587,2.4246561,3.912619,9.3055465,7.7946133
370,0.30835324,16.401356,79.542667,77.601277,10.139757,22.209539,18.516171,2.6535159,0.52591763,7.8392983,2.463634,10.414889,15.099789,13.616742,23.630392,13.859999,46.951551,22.575362,10.841057,16.057223,28.981337,28.404923,1.6637211,1.5859516,0.90925293,2.1757961,8.872105,5.6206353,7.598594,0.37717942,1.1819825,16.536694,2.1375924,4.8272969,1.4126107,1.7364104,17.684226
371,-0.2089159,15.764831,59.722936,76.594398,7.3474385,41.384741,20.709127,3.7274717,2.050298,2.9944776,3.2856442,10.660497,11.27798,12.26431,17.685423,11.866427,30.973171,13.497999,26.807072,6.3317045,12.304022,49.44209,1.8691231,0.36187615,0.35611573,0.8502363,7.7160412,11.753166,10.000812,14.363922,4.1734529,15.089747,2.852252,4.3373877,9.6876454,0.82125395,11.60125
372,-1.09862763,10.432967,56.601268,55.590896,12.913744,25.569452,10.9015,2.2945862,1.1205782,2.2332057,1.6296643,7.998367,13.799691,13.323243,16.783312,10.446466,22.940917,20.94733,10.345894,5.1235231,14.257175,24.577441,1.8894166,2.4230807,3.0284606,3.3571238,8.0574527,8.0223307,2.9781191,10.897208,0.45267545,12.556876,1.050554,2.0822005,3.6067259,0.36762212,9.1282817
373,0.5844768,26.920632,50.187622,76.853218,9.4371583,30.561076,17.41286,2.393208,2.9788257,6.2951738,5.691552,23.530268,11.88539,2.9481601,10.749916,16.193333,30.813762,19.411694,21.456607,2.7827054,23.224979,40.306079,1.666084,1.735274,0.91284897,3.2530366,6.2556217,6.0390437,8.1074323,12.539612,0,15.358055,2.0165286,2.1783289,1.3894605,5.6122461,15.416828
374,0.8676361,12.723646,69.132101,86.023068,11.225993,38.129233,17.550403,1.4999965,2.6589256,3.6975126,3.8567522,6.6363182,13.511533,15.642156,16.432464,17.094096,34.369013,23.747918,27.360051,10.06539,21.907795,33.047175,1.2388152,1.0642573,4.5147588,3.7591409,5.8163431,6.5399791,10.07911,9.9159198,11.418548,15.142257,2.3139489,6.5259859,5.3038529,0.37792656,10.016384
375,-1.15274051,16.827649,75.591365,87.113851,11.372991,36.356943,10.164058,3.8827114,3.6975486,1.6953338,1.1566474,13.917202,19.519902,12.115825,17.681933,14.054931,42.647852,33.369069,9.5143804,11.228188,24.618188,40.339585,1.9236793,0.75586783,2.390769,4.207098,7.5847177,7.5569314,10.13489,12.896886,1.1115548,18.263022,3.5962113,1.1409112,0,2.6869167,7.0403639
376,-2.02073071,9.1431278,39.296818,84.365021,5.9748759,27.136459,18.801445,1.9407395,1.7493867,3.8852504,0,5.1879763,9.9194868,8.08957,8.2184533,6.6494815,22.088277,19.694769,18.421263,22.132442,19.876822,36.323227,0.73520627,0.38313885,1.31138,0.5858983,6.243035,7.5650016,6.6480985,7.1053429,3.1035136,12.562191,4.2330194,1.2882754,4.44033,7.8014432,9.2465817
377,-1.0233646,12.972359,43.500058,105.08612,5.0753977,18.994413,5.560897,2.0791649,5.3503442,0,2.6479303,8.3431097,9.4896932,10.854724,12.334456,13.184461,13.51195,31.569554,32.165971,13.704424,21.447073,42.226513,0.98782289,0.85660284,0.53016161,0.33699236,4.9137082,7.5628587,3.4755062,0,3.5077452,11.658116,0.29380557,1.4624377,1.7669108,0,4.7912022
378,-0.47050549,15.5782,48.910536,83.551606,6.3228247,27.190649,10.834084,2.4302535,1.8645832,2.5149893,1.8988967,14.805512,12.993358,7.4353803,12.804709,10.174925,24.754599,16.46064,20.46651,9.4159151,26.504632,45.702856,1.2973445,1.1593332,0,1.4118773,5.5667364,6.6904532,7.4947903,5.7560367,6.6353594,10.577872,4.6212274,1.3260442,0,4.0461089,4.8250834
379,0.0738834,16.663307,66.205626,105.99425,13.379571,36.231006,17.537665,1.1535324,0.086456326,10.091135,2.33525,11.157767,11.923714,15.085035,15.403587,28.104245,21.648389,16.157381,24.550612,31.866151,21.04194,56.419217,2.5742057,1.2628066,0.52291026,2.9996488,12.946296,10.489137,8.437296,11.003089,4.9519056,13.890905,4.7685097,2.4781423,6.4039981,0.26108532,10.570112
380,0.80005903,23.265752,65.26569,92.145909,14.874425,30.795939,19.486866,2.7158378,3.3964514,6.3937523,10.220071,11.040093,19.275752,19.600477,5.1943082,14.62189,30.041454,18.368827,21.643146,28.832367,13.829867,45.436169,5.6561976,2.5128448,0.46487208,3.4717554,8.4090631,5.8839856,9.4759915,7.4593781,6.0374744,13.705626,2.526807,7.6617853,5.0024759,3.1727801,8.6129626
381,-0.0313343,12.807878,78.921301,95.397805,8.3014022,31.260513,13.213112,3.1214742,1.3504988,2.7699525,3.0538263,8.1284612,14.764254,10.547552,22.55063,27.924563,36.340319,24.046355,17.287451,5.7415042,32.827331,55.831889,0.92558403,2.848076,1.5228819,1.7264269,4.8764944,7.5263386,6.5990219,4.2334438,12.246761,13.044374,2.4666234,1.328102,8.1296459,0,6.6066156
382,1.31572832,18.536734,49.075602,84.403188,15.555807,34.525472,17.253078,3.6427909,3.3464719,3.4434146,4.7706378,11.442457,12.303763,11.979784,12.119231,4.4359857,27.019992,23.740252,20.704196,0.21474759,31.586656,41.197385,1.4172364,5.0185832,3.9034186,4.0358062,7.7708999,9.7054761,4.6082828,13.180976,3.7545516,16.227842,4.0033476,1.8924292,1.609982,9.5930198,7.6796452
383,-1.824289,13.864975,50.553621,107.06453,8.219394,27.470196,19.716261,2.6186088,3.1026072,0,3.7448584,10.939801,12.378647,13.196851,5.5121327,19.313941,19.31995,23.550732,23.199884,33.198162,24.144545,43.333414,1.7065802,0.84230488,0.27645467,3.0534914,6.4059251,8.4778251,6.7265852,5.3311252,7.4539926,8.9247333,8.406259,6.3235795,0,1.707064,9.5404982
384,-0.92361001,16.850759,57.247656,121.02975,9.7917859,29.255697,16.450966,2.4222032,6.9444981,0,3.8474597,10.795408,17.261648,11.865242,15.031783,14.146182,18.685247,33.626243,22.631229,37.354351,23.754375,47.149954,1.331447,2.3299534,3.8700943,1.2173717,5.1159377,6.4420021,7.5758029,9.705752,0.19030297,16.619393,4.4461493,2.8728041,0,7.6063879,8.4789257
385,0.48409238,18.380412,58.708713,92.533935,8.2249133,36.759735,8.5451392,4.6622837,3.549116,0.39598479,7.826427,9.6876672,16.140017,10.767295,17.854279,10.825011,24.652104,25.975853,20.320852,16.475599,20.227886,44.310347,1.3213404,1.4100483,0.55163799,1.4375005,7.6890314,10.201441,11.710214,8.1166378,4.3672645,14.915825,1.9474557,2.4456205,1.6940614,0.22640936,5.7683038
386,-0.52744074,14.934644,82.13996,97.167664,7.4395227,32.598735,19.325904,4.7487997,1.923941,4.1499469,0.17920147,9.851356,22.428681,16.35519,33.529281,8.907764,29.074153,27.528779,19.382545,25.174594,27.010945,32.516824,2.1423953,0.23997954,2.603572,0.43281837,5.2590544,12.846868,3.8646623,10.931833,0,16.006568,3.8718395,2.9653899,13.173694,0.46272585,5.5581369
387,1.88268563,31.060338,73.521467,114.943,17.967617,41.631107,20.652887,5.474155,3.8312384,5.990442,14.363737,15.159408,9.6047176,20.091682,23.737631,19.779218,29.528391,34.651027,18.339456,38.172487,7.3826585,58.570257,3.3383601,2.4922382,8.0578627,5.8359465,5.1514285,9.9786163,6.9803257,7.9750809,10.395216,23.602242,4.2004852,5.1559224,2.4562654,8.8525982,8.3094215
388,0.36830439,19.235844,51.785826,89.327955,10.071014,36.384945,32.637513,4.4966778,2.4866744,2.7956818,3.1562678,15.113563,9.2839763,4.5548319,21.25246,9.4032098,29.785642,23.888796,21.207312,28.901407,23.038189,22.168009,1.9995037,1.5608331,1.4821001,2.2462545,7.463577,10.538568,4.1789938,6.3746728,11.270306,18.794925,4.9338021,15.063131,5.5374828,1.1248563,18.326568
389,-0.86884998,13.910956,55.350572,74.20325,6.9139324,19.264026,12.20862,2.170147,3.3205029,3.5679453,2.4803785,8.3674046,12.14424,10.044624,28.682899,0.14370748,24.645963,13.140262,18.227598,16.085089,17.831052,39.582057,1.2521224,1.6607517,1.0678994,1.4591406,4.5505,7.4524335,6.7814867,3.1461548,0,7.5368997,1.7520195,0.98771869,2.5505972,1.1018671,12.281589
390,1.47229689,20.607564,66.234764,92.54704,17.090162,45.532568,16.10449,3.9389888,3.0749264,3.1280899,4.3583009,15.726312,6.9481709,17.23901,9.7224639,15.709361,47.530148,24.257128,22.35816,23.272415,23.922496,31.502356,3.2954138,0.96249771,4.7147155,4.1348172,11.988202,6.1463768,12.464504,9.1457136,2.5740805,35.835631,3.2484909,3.2415465,5.2255614,2.1272727,8.8504361
391,1.18986683,25.059578,73.640914,79.5027,14.597489,38.587036,14.299385,4.1820411,2.8642475,6.728895,6.8363449,15.889939,24.409945,15.96963,13.980827,13.778774,31.169914,13.538293,7.7171953,28.385553,30.858427,32.683332,5.0515171,3.3753162,2.5020688,0,8.9867279,10.899107,8.7273611,2.8496788,10.862531,20.444586,3.7565019,4.6837718,0.042621604,3.7048169,7.7002746
392,0.81355343,28.499197,79.54259,100.71363,12.809817,29.372322,24.101271,3.2049929,4.0709228,3.6443268,13.077505,18.443028,16.993671,26.159684,4.0433836,19.76791,44.294524,14.604584,24.563271,19.432012,35.028785,49.834455,2.9872289,3.9629326,0.43806997,3.170215,7.4467588,9.4451096,8.9317406,3.325468,7.0199063,10.534742,3.3598482,4.6245897,0,7.1098258,21.214255
393,-0.58610473,18.050251,62.436564,74.859433,7.8527202,34.168689,19.311507,3.4244768,3.6009224,1.9663323,7.2310594,9.7013507,13.078309,20.881236,8.9723349,15.233384,27.781955,18.135683,24.768858,4.925172,20.391485,34.762842,1.1746626,2.4804253,1.4252585,1.3434758,4.7921048,9.5513476,8.1267145,3.6357887,9.4581476,16.509528,0.44740209,2.9318371,9.2346159,7.009299,8.6338272
394,-0.12920775,15.037042,57.665423,107.59798,8.1832777,35.874099,6.3716653,1.6878723,5.5953822,2.8530941,1.0993222,10.281574,15.516323,6.7986205,20.545285,9.3453897,27.728198,20.912161,26.821618,32.157765,10.790222,59.57136,0.90779787,1.927246,2.2143879,1.5038388,5.3807807,7.1719027,11.283082,6.1689252,10.605268,14.245141,0.075177559,3.0573859,1.7124737,0.10904676,4.2516054
395,1.01472552,16.293712,64.060399,103.4293,16.614602,31.196509,12.935531,2.0023184,1.9110363,4.8390767,5.3674366,9.8232543,9.184098,17.39683,25.691978,13.760582,22.232464,28.972316,19.932461,21.569574,30.749129,40.42135,4.6325303,1.5995712,0,8.3997257,9.316045,12.297728,7.8148935,1.509061,3.812052,16.577683,1.0246007,0.84966134,2.1586644,3.3016931,12.881661
396,0.22451713,20.302297,66.738099,100.8334,12.608189,34.387257,20.181318,4.0576491,2.2307293,4.1054413,8.5375295,10.299362,11.995808,12.660219,16.981547,19.029469,34.035597,23.08531,21.02109,41.870248,7.2528143,44.607468,0.68553501,4.4977149,2.2927737,2.0193649,8.9410228,9.4048021,6.9943398,9.0095284,13.342282,7.49835,0.94505277,2.7206662,2.1248855,12.088225,12.856344
397,-1.13354118,15.232531,59.877465,77.43489,8.7974935,27.588765,14.456697,3.1203341,3.1525658,3.2175407,0.8909445,11.567612,6.673454,14.331405,12.430562,20.468064,32.543113,19.834689,24.317958,20.089498,21.465604,16.817023,1.9939504,0.63223106,0.90077968,0,9.8631762,8.1772091,9.4622606,0.91564751,1.0975285,18.42442,5.0127553,2.6640151,0.66392868,1.125553,10.938305
398,0.82902573,12.755025,66.539395,123.66354,13.702911,38.341278,26.835813,1.2203812,0.63966712,6.0606616,2.5953878,8.4170339,13.095167,14.679052,16.397658,16.721421,32.445672,32.599951,28.344478,30.805646,25.328366,51.654096,1.9692443,2.6729958,6.4525458,0.57542462,7.7360788,11.586501,7.8817831,6.293347,9.9745733,16.805595,3.933551,2.3201539,5.2735262,12.106113,16.018602
399,-1.46399876,17.008269,58.360442,60.01594,4.6542998,21.15054,7.849937,3.4525611,1.2700622,3.2099447,4.9643915,12.147743,10.26369,11.412794,11.282201,24.659719,25.163624,1.3145015,0,33.82521,24.111575,30.318125,1.8401002,0.026047662,0.8199119,0,4.0316722,4.0960222,3.96561,11.437992,0,9.6213188,4.5239676,1.2600961,0,3.4215092,0.55471996
400,-1.31410905,11.135679,34.480459,98.684542,7.9089778,27.965191,7.6455991,2.9344706,2.3120719,2.4376963,0.85674886,7.1146088,5.4060938,13.05109,0,7.5927377,23.303849,19.2118,29.525451,22.352252,26.122614,38.466889,1.1538408,1.6510346,0.28157395,3.1817527,5.4630127,6.4084719,9.4753117,10.999888,0.97118254,9.3127236,0.53611233,0,5.6012313,0,5.1687681
401,0.58389572,19.079095,75.484106,118.40756,9.8843612,31.77328,15.359731,2.1509244,2.708199,6.4060172,3.3345791,13.500502,14.164839,16.701138,14.689878,22.672477,38.555831,25.33805,25.260733,27.250395,26.258994,61.946198,1.8671109,2.1857925,0.8067288,3.456509,5.9685004,6.546651,7.5316449,1.2430767,7.0295489,23.74601,3.089901,4.7916079,2.1103448,4.9993263,6.3502831
402,0.61814243,19.599114,66.588191,140.0476,9.980161,31.525562,23.302469,2.8998743,4.288934,5.360932,0.41759477,15.558867,16.484789,12.069788,9.5936224,19.319825,36.487605,30.519537,24.087867,30.852777,31.865251,81.313048,2.2227228,2.1654117,0.15476887,3.2960264,6.5974999,9.5572513,5.9152108,8.7554212,4.318379,14.461577,10.535026,0.044818897,0,1.6946686,21.065582
403,-0.44060738,21.186836,65.711664,114.68593,10.014851,25.967024,18.538679,1.8950507,6.283166,6.8538225,2.1572669,13.205384,9.9452604,13.783474,22.287753,13.352863,33.645835,19.359104,29.240346,31.389174,30.905161,49.05916,1.3386653,2.0407427,4.1335294,1.7634053,4.9469782,6.0050949,14.10332,0.60416412,3.7039542,10.040384,1.9261048,0.88846722,10.566267,1.8226696,12.007349
404,0.45290766,21.751684,77.326584,99.609643,11.211407,25.245683,16.680512,3.267321,4.7497044,2.0908372,9.3021223,12.131352,15.689935,16.006763,12.800725,28.461117,36.138312,22.072759,25.036516,28.877484,12.786888,48.591368,1.5655341,1.1218588,1.2194645,5.0893717,7.8423259,4.3264981,7.7613279,7.56258,6.1278382,8.93163,0.73236237,4.0444773,1.166911,7.3868241,11.864999
405,-1.2419793,11.404498,68.118353,95.431821,9.1426249,29.082672,1.7254141,3.0967763,1.0276512,1.5382928,1.0779784,10.002569,11.486836,8.585267,25.733442,15.048443,36.382683,24.743914,20.791699,26.733479,10.667071,48.336868,2.1637758,1.4365567,4.3489074,0.35131577,4.3296542,7.919906,5.2757775,6.5701642,3.8692353,17.046651,1.044519,0.33421991,0,0,0.83036385
406,-0.19844787,20.224648,76.19756,109.1313,10.452102,38.231001,22.519274,2.4323068,5.4071349,3.5701979,6.1718097,11.583902,16.160482,17.430022,7.3584989,28.496895,38.273149,30.564067,20.372444,23.932756,24.590119,50.895094,1.6529894,2.0799344,4.2254447,0.97823045,5.9021814,8.2746185,7.0901123,10.475836,8.7037215,19.124557,3.2001703,3.0719256,3.6659236,9.0544509,14.236587
407,-0.74686353,15.744938,59.2247,96.721268,11.059411,28.039934,20.209446,1.8447036,4.26042,2.6952893,3.7060509,10.389617,12.119597,19.42626,3.0864474,11.842856,37.082931,25.922139,22.354894,23.99118,18.641266,40.975009,1.291822,1.7714475,0.58172894,3.5192546,9.6622454,11.53368,5.3020806,7.103196,3.4943996,9.2975506,2.713816,12.772622,0,5.0119614,6.5321234
408,0.22672844,18.979576,49.030238,100.78519,10.538074,29.51475,24.359736,2.2310119,5.0835497,7.3253095,5.0675815,6.7683197,8.2745143,7.8662867,20.330517,15.560157,16.30538,21.80229,24.212924,21.815716,28.826265,43.062709,0.40958809,1.0543214,3.5122159,3.2652928,7.7829007,4.9369613,7.0228198,7.6204177,7.8443077,14.25,2.4553454,7.2516948,9.4832513,4.3973789,10.565955
409,-0.74408047,12.033778,51.681875,80.88787,12.836382,29.494524,19.527875,1.5355377,3.1736363,2.8432029,3.2640964,6.4233705,6.1409092,12.167957,12.305973,16.620962,26.998333,23.51956,16.761173,12.048885,31.763223,26.076612,4.1859429,1.867078,0,4.2678357,7.8701489,13.574438,3.0888102,0.02914129,8.4609199,14.977014,4.0790053,9.4986128,0,5.0894623,7.7537834
410,0.98588757,15.165252,80.124984,85.752776,15.470383,37.948899,19.168862,4.1655028,3.9510559,1.6088601,2.8552256,8.5019064,18.131763,30.363381,12.856908,22.2901,23.683947,15.434051,24.78155,20.470983,5.7490269,54.360182,4.6440863,0.48598654,3.6164286,2.3597334,11.154832,11.187026,11.950426,4.751444,7.3104975,15.967754,1.5440298,5.2922506,1.7194879,6.9026012,12.898132
411,0.13970163,25.13669,59.338183,91.752197,8.479508,37.979669,26.913125,3.3267606,4.7234778,5.7216419,3.5839342,19.662207,9.890988,17.766031,5.8041529,16.295307,34.72181,30.731743,17.061653,2.2267263,18.959318,59.385077,0.40333262,1.621468,2.7908541,2.4378777,5.3377845,3.7144418,13.370471,17.795318,5.9971627,10.894137,0.82128426,5.7939307,11.449367,5.0748162,16.293081
412,1.81314252,28.340404,75.220061,89.103596,16.930481,57.271273,26.259595,2.285577,6.6681382,10.706364,6.3299921,14.663849,12.2215,29.000973,17.700145,25.535616,16.881875,19.378152,16.689678,27.398925,37.154214,21.320058,3.8096163,2.0654897,4.1367324,6.7065307,7.1996436,8.108362,12.829644,11.74514,19.260471,30.17046,0.97974224,2.672134,4.9385834,9.7348728,22.279138
413,1.2668993,26.459629,68.812029,96.891481,22.050743,66.516914,20.594777,4.6617189,3.7876347,6.6905466,7.2563565,15.786212,18.917982,9.4453134,17.575699,15.126196,34.79259,24.332661,17.332118,31.183617,3.4694556,58.80393,3.9596187,4.8468754,7.3466561,2.02146,12.951131,21.877421,8.3681272,22.999697,8.1098682,28.786031,2.7715475,8.6449313,1.9549053,0,16.076337
414,-0.16004219,20.808772,55.147637,88.904675,7.3824532,36.063158,17.559606,3.6577781,2.000118,1.1676939,6.8844524,17.653125,5.7776939,10.96915,18.066134,18.809586,25.448584,27.504408,24.444604,3.5440245,21.436946,44.828463,2.0624579,1.3043107,0.87693205,1.5162172,4.7449465,8.7435607,8.8952169,3.9915705,9.6435867,19.258865,3.4623842,1.9844416,0,2.1110899,19.305902
415,0.89031039,19.254652,61.4699,109.84002,14.873384,21.853106,32.380619,5.2232431,3.4266573,2.8579975,3.3040838,12.434343,8.063247,11.947224,20.959744,13.776928,33.19558,22.731045,27.941162,28.029566,29.838052,42.770765,4.9172671,2.6154355,1.4949589,2.0276025,9.7524373,8.4751777,5.6415961,4.7531551,0.16340424,9.8340104,13.085936,5.6516615,3.6240609,9.5046972,11.294872
416,0.76691418,18.22263,63.904554,99.879816,12.20177,26.313308,20.177692,2.7519821,1.6371838,3.9642555,4.0187026,14.906801,12.080115,15.943009,10.999389,12.529879,39.274482,16.813456,13.342272,30.084455,15.816772,68.877004,2.275864,5.154516,1.06316,2.0678747,6.3112474,4.1685647,0.71151312,4.6773199,4.8973732,25.908172,4.5414294,1.9064033,7.2341863,4.0952824,10.86944
417,-0.92058802,15.851557,72.599926,89.959835,15.002323,42.06603,11.035132,2.5153342,1.2064727,4.2218132,4.625216,10.862853,15.196329,16.18882,27.732664,11.043214,29.417012,22.967764,17.836217,27.367191,13.247105,42.329816,4.069695,1.4860735,3.1676508,5.1236259,7.3262236,13.98341,7.7088279,7.8690441,7.6620313,20.199205,1.2206207,2.8607038,0.98455964,5.0967139,5.9848299
418,0.71987985,15.7187,75.946075,109.96727,12.124392,40.659068,24.540334,1.3617202,1.9803351,3.9406224,6.9444479,9.1214117,24.093994,12.238067,13.38158,18.796746,35.954502,18.620976,28.907954,32.470011,25.42368,47.475274,2.6380594,2.2253965,0.54830811,2.3692237,10.038198,12.452029,6.0515665,10.358862,8.8996219,18.045821,5.808288,3.2572039,0.23670569,12.148799,14.130176
419,-0.13225352,17.270246,66.157065,100.6117,9.0493899,38.761814,19.690229,1.155076,1.3066065,3.2825998,3.1059159,18.152401,14.471976,12.094366,18.113478,26.052737,20.653466,22.175753,24.360629,27.034227,18.742286,46.71971,2.3746148,1.4437937,0.35726293,3.53,5.2788096,14.042765,5.5776734,4.451251,5.2784536,24.463408,3.0599857,1.491149,3.8751455,0,21.759389
420,1.77562366,15.581385,81.457766,123.20149,13.167876,30.536661,16.551563,3.7028394,2.4131751,6.1316276,2.5864605,6.7227019,13.221258,26.624669,18.871598,21.574051,32.192204,16.775321,26.791983,27.864996,35.542851,70.239774,2.5201045,2.551453,1.7264122,4.3094632,7.8813783,5.1950428,17.057035,9.2790441,0,8.1157402,1.6768549,5.1607862,2.2346741,5.9923955,8.8095949
421,0.15403293,19.883459,77.644908,117.20082,10.591507,31.932063,16.919121,4.3617572,4.0150998,1.579013,4.3609766,14.45179,16.37089,12.829024,22.073671,10.48528,48.574867,23.465761,33.2361,29.753375,23.245526,51.86671,1.5656121,3.3444651,0.98192432,2.8543699,6.4674158,14.814143,7.23829,8.572789,0.10300458,9.9577304,1.2009884,0.88200287,2.8532683,0.53006362,21.545324
422,0.05561357,15.868267,66.097327,82.616359,13.098979,33.976958,19.2422,3.1247794,2.8851725,1.9006518,5.0143983,10.047487,18.487918,11.7632,18.678968,10.391822,31.527333,23.658545,18.168742,7.3380316,9.2978021,57.895038,1.5395271,2.5399909,3.3876678,4.3189546,7.2297306,5.6426213,7.2521539,8.305542,9.0769924,18.138924,2.7615526,4.297133,7.4225079,0.015940248,13.060045
423,2.78669101,20.423249,85.845197,144.8794,11.811301,62.424145,20.661743,2.1608756,2.7298718,6.1084449,6.226828,12.865947,13.925205,12.600806,40.064043,17.958495,35.692219,33.035845,22.878026,46.256414,40.431366,58.303614,1.5182012,2.8784944,2.3256282,3.7751209,6.5468621,9.7387757,8.8173933,22.035978,21.735244,26.287818,3.9023808,6.9450413,2.8641244,6.3226121,8.6003973
424,-0.72016797,9.049867,55.368269,92.609643,8.092202,32.131925,17.980399,2.4625381,3.0342069,1.4094107,1.6776033,3.6469346,14.611921,10.960061,8.0004743,14.161311,29.758794,25.048429,25.12578,18.221596,18.270162,39.143057,1.3066551,1.3306506,1.4910899,2.2651415,5.4920315,9.863848,10.843348,8.1006837,1.841828,11.671283,5.6135077,2.6826223,1.9820551,6.6526144,8.091287
425,0.46643798,18.200349,70.915199,87.789744,11.661444,50.304756,11.146705,2.5980743,2.4799922,3.0134146,2.2264126,17.128081,9.4776122,20.958918,17.195026,25.958678,25.380238,25.117531,16.298441,18.723126,23.453768,36.841716,1.2456141,2.2150368,2.1236627,2.4490912,9.3950165,7.8402918,14.456137,6.6082684,25.375538,16.091623,3.4000751,1.7705837,3.5271837,0,6.7493769
426,-0.16824796,21.791409,60.254641,123.09075,8.4476921,25.257217,21.102214,1.2115677,6.9975487,6.0718802,4.2831622,12.902224,14.403257,14.378651,10.649472,9.9988014,34.901372,19.313017,31.900257,40.405021,37.302378,41.152027,1.8721649,1.6880733,1.5729938,2.2297774,4.6375322,7.3471536,4.3248355,6.5182384,2.4429602,14.464785,3.6916355,1.8545393,7.0052094,0.90210317,17.714456
427,-0.62396714,15.17972,41.049812,60.663375,7.3809042,26.785922,6.3899159,3.3388891,2.6908044,3.0899334,3.0544715,9.5191425,12.006798,14.942461,7.3761729,0,20.598271,17.915968,21.435326,7.7170012,14.142669,19.227731,1.643352,2.1067698,0.91286356,0.74008738,5.0985847,12.183645,9.900909,0,4.6721635,7.148716,1.1722453,0.24929288,0,2.6068627,5.8651219
428,-0.46561966,18.865473,63.613722,131.57479,12.318789,18.001254,11.401651,3.4197581,2.5784277,0.091739545,7.7481953,14.3032,12.082626,12.598739,6.0601905,6.2449176,56.725024,32.087738,24.891982,25.932682,43.100084,56.934578,2.3528927,2.5076713,1.9958425,2.3848734,8.5852368,5.0195193,7.4850032,0,0,12.242259,1.9918146,1.3529221,1.7846965,3.4770139,8.3220856
429,0.70729005,16.874945,51.059405,113.96709,9.7585606,39.666926,14.567793,4.5609706,4.2603956,3.5148917,2.0639044,8.8357687,13.86712,10.695955,4.4270104,13.932572,28.741743,24.45694,25.63737,26.931865,30.579744,50.835334,1.8748339,2.1833463,1.7572972,3.239631,4.796094,11.123621,10.761652,10.178637,7.0345586,14.147989,2.9921873,7.7879305,1.5007821,2.2355426,4.757526
430,-0.08664802,13.4725,69.196329,81.697683,7.8899908,37.382397,15.178495,3.0587164,1.488068,2.6103349,4.5974919,7.6313261,11.121757,13.85641,19.864423,17.502032,35.990115,22.15046,22.3152,20.490042,8.598493,37.153219,0.55811721,0.80017985,2.9208735,2.6364641,4.8639199,7.8127168,7.6800789,7.6354791,3.5675654,26.905035,0.76976085,1.7330286,2.8319316,7.1957361,10.634722
431,0.16440228,16.044753,58.361695,79.936818,7.7589877,49.431454,24.341025,2.1803237,3.7153639,4.378634,4.5246378,8.1050566,10.222281,17.980596,1.2514334,27.108435,25.842053,5.589195,16.736306,21.429551,39.368073,32.457968,1.8938524,1.415112,1.4057929,1.8077644,4.5025054,9.4347029,14.622679,7.353699,14.328512,23.306511,0.82037483,5.9995923,5.8815617,13.239631,9.4861335
432,-0.41110829,17.548281,66.213145,101.38466,10.448612,35.22542,12.218261,3.7056663,3.0488744,3.4259595,1.5682925,13.696377,13.608889,15.780115,8.0217684,9.8393532,47.761292,25.588383,28.632189,16.056722,16.690782,52.724207,3.4503855,1.3958188,2.5837677,0.64039752,6.465604,11.19205,8.6461346,1.4795017,6.4647644,21.046034,4.0045201,1.6132987,4.6182475,0.54038555,5.9014194
433,-1.78591499,13.585161,45.874226,104.47168,8.6665816,35.336108,15.098341,2.8031181,0.639511,3.0088336,2.9158795,10.802698,11.721844,11.918219,12.94256,6.3901446,19.372908,31.676468,24.581132,17.767474,27.747722,39.524493,1.8164103,2.1081375,2.3421656,1.3620808,4.5121974,9.533326,12.982594,6.5132096,6.899176,10.941457,8.127319,0.71396623,0,7.9869627,2.8731139
434,0.46939615,16.984909,66.699158,90.862617,6.9619587,35.903278,37.928233,2.8611752,2.9258762,3.2536688,3.3252765,12.492743,9.1966253,14.833258,16.811816,13.766139,41.434937,18.034693,22.083898,25.477351,31.770322,27.276876,0.8050034,1.9389755,0,0,7.8911929,11.44387,7.2930498,4.9851539,7.2200932,18.454075,2.0266822,8.7413375,11.177833,11.154944,22.449994
435,-1.03857817,8.5755725,49.978989,61.153585,8.4614561,27.753331,1.9823561,1.8663075,4.415309,0,0,5.4825649,9.4413426,13.678068,16.748764,9.0519457,19.689205,11.009686,25.241814,16.851435,1.582667,28.193873,1.1678023,0.46425265,0.78396123,2.5265988,8.1503946,7.5257451,0,9.4214084,12.526948,9.4992174,0.83041253,0.23870251,0.33451739,0,1.3414151
436,-0.80453842,17.44971,78.265913,85.884111,7.626298,21.125386,7.5315422,2.0708244,6.06548,3.5517535,5.139723,7.7026646,19.512829,13.653762,29.519547,8.6750338,36.196348,11.394366,22.04934,30.92349,19.773793,35.954677,1.3886894,0.51965549,0.11981205,2.7339398,6.9099719,8.0372383,8.6920449,1.9752717,1.3149835,7.1561628,0,1.5983167,1.9471193,3.3580483,4.4531631
437,-1.2369233,12.162011,52.549795,81.238704,14.511624,40.813117,14.025102,2.1998941,2.3238262,2.6661352,2.3529709,8.0323847,6.498636,13.803191,7.8927464,16.933515,30.796291,19.20506,18.778664,5.2227441,28.037262,43.377929,1.8397446,3.5319805,4.1298989,2.6324193,8.7140779,9.8279606,6.5645378,10.246135,9.9400523,20.696517,2.1797366,3.8107853,1.9709712,4.231367,7.9371406
438,-1.24931272,9.7199048,26.700825,98.237584,6.8090563,21.855927,16.156395,1.4028002,1.1857888,2.4210332,2.3230871,7.0903575,6.4187848,6.0422433,0.56962647,9.8326495,15.166622,19.81998,21.060409,28.330709,25.236073,42.145512,0.84131804,1.0621919,1.1103525,3.6489568,3.3398325,6.3977539,3.550708,5.0025917,3.3144875,12.209844,3.4965338,0.3466793,5.2944837,3.017908,11.535069
439,-0.39871799,10.218912,54.502562,93.3814,10.815692,28.216787,9.2975881,1.2552174,1.6312854,1.7385548,2.1812358,8.5580562,12.081802,8.6007481,11.61351,17.793395,26.991292,17.211702,27.917856,22.867077,27.359554,32.857228,2.5600325,0.73135745,4.9218678,2.3973386,4.5216429,10.39794,6.9915509,7.0116987,0.6343924,12.330297,1.0079369,2.0760888,0,2.2107087,8.9237484
440,-1.33247709,11.570284,43.220257,70.018259,6.6922381,32.891221,7.4462596,1.706166,1.1221107,2.6522435,3.6974137,8.0086516,14.9033,6.6056995,8.6207986,9.1348054,19.68297,26.632158,10.011272,19.972053,2.1271325,35.498376,1.9090076,1.0931005,0.80717527,1.108895,4.6577041,13.934073,7.7570115,3.968172,3.2653916,14.478624,4.4150557,1.1346052,0,2.8155752,0.91469416
441,0.02679829,16.242383,60.550064,79.256604,7.8647118,44.264523,8.9935032,3.5140264,1.7030825,0.54128125,4.7524399,13.731266,6.1484297,9.5239956,26.850689,9.6171313,35.327535,22.433355,19.613792,26.620648,2.799556,35.169754,1.2800913,1.6018415,0.87541033,1.7898403,6.0723008,11.400728,12.858055,12.924286,4.0125445,18.496009,1.2423349,3.8550604,2.0434084,0,5.4506943
442,-1.44871786,12.381801,59.392413,84.885664,5.5917134,34.471017,12.957156,2.9403358,2.3726586,1.8822428,4.1786052,6.1079427,16.245798,7.3043182,10.539226,20.802514,28.519664,17.20109,21.993338,18.386042,30.106974,29.351725,1.3937452,2.056964,0,0.30234701,4.1239983,14.05692,7.705913,6.3844961,1.9548252,15.470067,1.9323716,4.9724132,0,2.6798974,9.0410139
443,-0.01725326,13.955446,60.610867,96.629009,12.877149,31.682076,17.44914,2.5340868,3.8800354,3.7511234,1.7886973,7.6272811,10.375772,17.083441,12.598891,12.43906,32.865945,23.746211,30.446299,20.760016,10.945803,45.545516,1.1636871,3.0916055,3.7682123,2.0971486,8.6818176,7.9820848,10.653307,6.6829153,2.4861017,15.199561,1.1098295,5.2484893,5.5780015,4.236447,8.8716202
444,0.04038448,14.44062,57.686708,87.339219,9.301117,25.410072,8.9680148,3.3469903,2.3111254,5.2216062,0,9.4884282,13.371813,11.530842,17.838718,11.78711,25.149444,18.013861,18.750977,17.946611,20.270752,48.364546,1.4810575,1.2500482,2.43236,2.0910822,6.3933836,8.0767607,3.6463396,9.9743998,2.9587446,9.6114427,0.40018933,1.1324811,0.063317499,0.44351323,12.574829
445,-1.39919222,13.952207,63.270315,80.798988,10.014682,40.26289,7.2692754,1.4886427,1.8942449,2.2293066,2.116908,13.605477,11.322929,11.408878,12.894368,28.554165,25.435971,25.976847,16.838996,17.32494,24.150574,23.849987,2.0774268,1.1853356,2.3466215,3.3005434,5.5067398,13.155759,8.6300498,9.6041737,4.9542813,18.006404,0.23358678,1.6062889,0.99287414,0,8.6080793
446,0.6497895,18.098601,62.065164,57.585091,10.32251,18.18521,20.664204,3.1390628,3.4689947,4.6494471,3.3343806,11.416364,15.399826,10.795295,16.163515,16.975459,26.700651,25.719478,11.632051,18.305695,1.0389842,16.889697,2.0569879,2.1926794,2.4080809,3.1740257,4.7084595,4.5499173,2.8111498,5.7730175,0,12.594732,11.719158,0.90445471,0,0,15.357013
447,-0.37366132,19.122654,69.398126,98.270354,12.12983,39.199546,17.600915,5.1181013,4.4262095,4.897666,3.4453304,8.2512307,15.127108,13.147479,23.079016,16.735851,27.839912,25.19544,18.392458,20.69168,24.517452,47.878324,0.81505591,2.2794864,5.668055,1.4659894,7.4286487,12.27117,4.0829541,18.607033,3.6140564,14.19272,3.0099704,0.93465833,4.3722815,7.2633948,10.324454
448,-0.70093299,12.061423,66.321669,95.625165,9.090287,31.467073,12.907802,1.7292357,3.606447,2.1751902,1.0110277,8.9194262,11.329225,15.78544,22.822485,10.251515,32.486651,19.238721,22.37771,27.739637,15.640999,48.273048,0.68396612,0.38880013,3.4464179,2.972067,6.2433149,3.4104368,8.4171007,11.323586,2.9846456,18.800378,1.1099144,2.2439464,5.9173584,0.49742921,9.1621995
449,-0.59792473,16.26232,57.388243,91.154473,12.872066,32.05391,14.865255,2.0234009,2.8869904,3.2577288,6.0935861,9.5356805,11.229622,13.763441,11.597847,15.160469,28.934335,25.431332,20.163025,18.589237,5.8678341,56.488742,0.86044993,2.8617985,2.0925772,3.6593872,9.8275575,3.8596883,7.355845,9.7254093,8.8438085,16.021315,3.1539034,1.201463,0.91107113,1.2168847,16.205058
450,-0.29835527,13.922771,50.275952,105.5105,10.04757,27.074507,20.524368,2.7792437,2.5704155,1.6593818,3.1261374,10.155212,12.39048,6.6885279,4.2863125,12.398433,37.273276,21.976072,29.875978,20.132331,13.595949,62.01311,0.92744993,3.3046948,1.0411653,1.8097393,7.7030437,4.1324856,8.9033762,9.9661852,3.2115426,10.981484,3.7498894,1.267153,2.5169473,1.672411,22.241008
451,0.17028817,15.682295,63.729665,115.85944,3.4808451,34.127821,18.802667,3.5545789,3.1521156,4.9318362,3.34703,6.7420908,17.621375,13.726636,10.787102,18.909879,26.480602,30.220882,25.534195,35.699876,19.73404,46.249676,0.41335662,1.0656204,0,0.82659938,2.9079221,10.724665,10.066471,9.0047376,4.3037124,10.897628,6.1757399,3.6586157,1.5679043,2.2671471,12.6603
452,-0.29916303,11.857145,65.570934,93.858659,7.8196391,26.434103,14.403035,1.8744106,2.2286377,1.5040348,2.4806023,9.4783453,19.081069,11.939216,16.212842,12.602063,30.07212,24.424658,21.151024,28.276588,25.66264,26.927534,2.1577894,1.655564,0.9948034,0.66744315,5.6448766,8.8621399,2.6992152,5.0375937,6.8358467,13.295793,2.5588775,4.1360232,2.7842555,0,11.23815
453,0.42002858,16.795301,83.034454,72.904849,12.276716,43.190333,18.796353,2.4113829,4.3352018,4.8285067,3.2173426,9.0415002,14.848613,16.499556,19.127538,32.853756,33.582678,13.566494,18.818151,16.867482,4.3723639,49.976688,3.0729346,1.4494377,2.3403442,3.7780164,6.8741781,8.4730083,13.300662,5.7479776,5.8392952,27.629003,2.8304036,4.7509882,5.2208115,0,14.317084
454,1.74179141,21.737862,81.11488,141.27809,12.682558,78.311873,22.050966,4.4811577,1.8543265,8.4797586,6.1747834,9.7508085,27.078388,14.192197,15.299466,17.834533,35.935732,15.530992,26.360412,58.585362,46.618814,52.474555,1.8194122,2.0691416,3.8824427,3.1948978,7.3833212,20.292515,10.383891,29.462568,18.581095,28.597769,4.1267026,0.40331181,0.65543751,16.231394,11.474031
455,1.13876547,23.984814,72.393203,106.81572,8.9692663,55.828995,37.313807,5.8772362,2.6084953,3.9490636,12.842384,8.5162643,16.754581,14.794262,6.982808,17.3355,47.572839,11.197817,27.998567,29.335339,24.276741,60.330603,1.9752432,2.0017521,1.5875425,0.60306658,6.7225773,16.014844,11.654343,6.026469,2.9411415,42.383936,5.5341051,6.7032457,5.1236509,5.6979268,32.463192
456,-1.50600476,8.4381355,45.939016,97.470211,6.0584014,30.349986,10.646716,0.91379016,2.6653521,1.9367607,0.88652917,5.824422,10.558113,3.2145417,24.348669,3.8292577,22.109061,22.896492,24.122121,21.457492,22.796496,43.052137,0.74315424,0.9458854,0.81016528,0.3038762,6.5258031,16.376075,6.2721954,0,6.4444774,9.7845839,4.8480678,2.1069722,0.21228982,0,7.3481506
457,-1.19414161,14.326953,54.823186,101.0695,5.2262211,32.901544,21.642866,3.3446197,4.7731279,0.013542206,0.83895231,11.480135,10.168356,14.795227,12.806274,22.871328,14.649605,19.676529,28.959927,15.991036,29.576895,46.689111,0.32051622,0.2990268,1.447268,0,6.2059266,9.7316657,7.9451389,2.331749,7.8501012,17.771537,1.4965311,2.2237775,6.2091324,8.4001538,14.168857
458,0.59116586,21.60563,64.475518,113.62691,9.2143954,23.571423,23.975559,2.9085885,2.1792701,4.0943468,7.4305124,15.646549,11.675866,12.612189,16.777443,19.790388,30.175145,25.680474,24.753996,12.494446,28.737081,69.763516,1.3580999,1.9124722,0.31856601,2.0542859,8.2033887,7.4635402,5.7762721,5.064486,1.7328852,12.00251,4.6402527,1.7413349,3.7062305,6.3540038,19.282932
459,0.39342955,16.278701,64.760407,92.426082,11.02645,32.849531,14.976549,2.9637067,2.6025207,0.94485364,1.8047815,16.191122,10.41784,13.099826,16.000594,6.2924877,48.054581,26.632633,19.567536,20.11447,17.679483,42.439089,2.0574498,0.58872763,2.2888025,2.7149226,8.8215112,6.6055049,7.3178171,5.1945038,10.621051,16.793434,2.6685633,3.9665348,3.7716083,4.2721851,6.2543342
460,0.22015454,12.753982,48.592867,72.909505,6.791632,40.876383,18.066714,2.0443373,2.2148151,1.891243,3.2568612,9.3945088,13.203103,9.8134798,7.5529375,13.764006,23.112243,11.273748,22.042648,15.584253,15.089221,38.664863,0.47648961,1.041578,1.6864985,2.4671005,4.530403,9.7458347,4.4588875,12.479785,11.163462,19.71996,1.3139565,3.1570301,1.6891082,12.185514,8.5142788
461,-0.78157743,12.815546,38.757919,103.01209,8.6231167,34.123933,13.032596,2.2377203,1.3057592,4.7378094,2.7038145,7.5187344,7.0974723,14.342112,6.2798973,2.7245476,23.658645,23.730341,27.64355,16.513727,38.170872,35.15973,1.6476143,2.8229157,1.7891284,0.14207164,5.7604403,9.2426861,3.9353235,11.845913,6.2194505,16.137237,2.3127434,3.620083,3.0823985,2.5994684,6.7463232
462,0.67577331,17.386234,108.63181,115.88677,32.529056,50.3557,20.309149,2.1222131,2.9756026,5.3814396,4.5506406,10.223351,16.665458,11.606628,24.794762,37.071753,69.157021,30.675365,30.182142,3.5881553,45.969177,49.960592,1.9886501,1.9537677,9.8455217,8.7851209,27.175183,11.078582,12.078261,14.152663,17.39488,13.890032,2.3578799,3.2197143,5.5446565,9.1328434,9.1626372
463,0.99559874,21.677492,86.8701,80.982409,10.003785,31.522682,30.012512,1.8788094,5.5933693,5.8859378,7.0204852,10.79899,12.326472,16.349836,35.785436,16.700651,41.456869,18.321816,29.950021,3.791675,33.149518,24.689654,1.575362,4.1520521,1.3838956,1.3579374,5.4917733,7.8143392,10.818336,5.2645195,4.1217681,14.909539,5.7211508,12.299943,9.1105258,0.79299338,12.408267
464,1.09021012,29.143515,72.686034,123.05673,14.224858,48.916131,24.121768,10.394776,2.7774126,3.268576,10.079465,13.85526,19.098641,12.900122,13.771921,31.814486,22.292194,25.664984,20.950901,35.774341,27.142797,63.683382,4.0662204,1.731048,3.6086737,5.5581577,4.6270973,8.5278786,9.9900859,9.3616064,8.1478349,34.782962,5.8482605,5.6395191,2.7955322,8.7336907,10.620624
465,1.64851307,17.968062,78.176627,82.740772,15.979983,45.584185,25.693886,3.6770019,4.8418145,1.9022056,5.7604201,9.146932,14.493381,21.243763,14.035203,29.140094,29.787908,33.553108,22.562379,3.2342032,27.674896,20.89304,2.02064,3.4694427,1.8278933,2.1236069,14.466577,16.569683,13.889203,10.069727,9.3820408,8.591845,4.8890423,7.6026373,4.3084503,4.0543878,15.379941
466,0.45457665,13.882876,67.864108,96.442004,6.5239455,32.171626,16.656826,2.9869954,3.2675296,1.9153813,1.9548618,9.7706058,13.446597,12.668629,15.280713,18.754518,36.089819,10.992148,21.864842,25.381682,28.075232,52.403119,1.8706335,1.552345,2.360807,0,3.0399725,7.8138439,9.0955489,9.6424889,9.0012761,7.3718677,4.154838,1.432907,0.038924984,9.6195613,9.0191164
467,-0.13131589,27.505311,69.576703,129.36043,16.454388,34.379047,9.2328414,4.5279166,1.0219005,6.8142144,1.269435,28.213381,20.410617,13.504539,10.227176,19.472364,32.382779,25.955479,25.748779,37.318242,35.261906,56.1278,3.8372686,0.78363666,7.9349623,1.9345344,8.7305016,6.8185457,11.274514,12.4611,4.5232288,11.194736,1.1131866,5.0478962,0,1.6832605,5.0715268
468,-0.0461575,22.589031,67.299265,112.20042,9.1005694,39.477315,34.864259,2.3695984,3.2012103,2.2534268,2.8296163,24.192233,10.972821,16.576093,18.777207,16.353751,31.83467,21.777304,27.300281,22.411438,28.54965,57.674076,1.6198421,1.4302883,0.83928072,1.9565023,7.7320054,6.2835956,12.478058,9.8239299,5.7523263,20.921844,1.3703964,6.6809609,3.1627459,8.303351,34.445942
469,0.1440932,17.896456,67.995158,108.42817,10.66597,33.175147,43.377039,1.8747822,4.9454951,4.060339,2.5467685,12.611324,12.791474,15.582418,19.375599,16.807942,30.285908,22.752218,15.603657,32.827415,34.663477,46.267735,0.91028777,1.7001289,4.355521,4.9398586,3.3293567,2.9246956,8.3171042,8.667645,4.7105753,24.00286,3.0365482,6.2649135,18.780856,17.539852,16.879807
470,0.07403983,11.788589,51.870432,94.950384,11.810401,22.448755,11.837171,2.6358987,2.5727624,1.6245371,2.1209988,7.9296508,5.3526648,18.010298,9.2582351,21.246394,18.985698,16.603944,19.111018,21.100304,28.958704,49.289305,1.4543377,2.2067141,0,4.5579733,9.6324812,12.412547,0.75339005,4.2997054,0,12.163787,0.58189765,3.3171106,0.038128891,1.9106829,12.467342
471,-1.50402003,14.28784,60.030225,89.224829,10.022738,29.332694,10.233085,1.7707462,3.1182928,2.9027664,3.8531989,9.2170815,13.916667,10.586948,12.129771,15.208602,32.925208,21.284634,23.927359,24.485818,26.664487,23.751428,1.4747017,2.1235227,1.5056191,3.5334074,5.9454976,7.3165596,3.5308464,7.084317,9.3382546,14.102271,1.9314251,2.6429386,1.8288361,3.9639503,3.9560458
472,0.92106119,14.972469,59.088408,145.34958,7.6586596,30.190621,23.594911,2.0713417,2.2893006,2.5427089,6.0523905,9.057969,17.42922,16.669741,9.9002218,9.4307849,26.509857,30.528054,52.151662,20.230459,35.58166,59.9845,2.2663633,1.9391045,0.93842929,0,5.5836679,4.7270785,10.384215,7.0474306,4.0160014,16.007345,3.9191351,4.7621184,2.591591,9.6576987,13.22248
473,1.26691668,20.124427,58.074973,99.916326,8.2258975,56.349873,20.617658,2.134317,2.6595353,5.5477555,7.0972797,12.228719,18.955481,11.299929,15.550952,13.237053,18.580525,26.192412,18.719862,25.833839,14.297509,53.632772,1.1573069,0.78672602,4.5190028,0,5.4407879,21.872382,11.150849,11.627041,8.3243015,21.680856,0.36713552,2.8094554,6.1544761,9.4026944,12.332068
474,0.84344247,22.764115,69.445893,129.24998,19.074633,54.181318,28.818236,4.0916255,2.3325557,6.126459,5.5558499,15.079872,14.074701,13.627988,13.983865,27.416187,28.354863,22.545532,23.853989,35.818509,43.818843,56.274478,2.1740643,1.5455597,7.7497355,6.9689832,9.3134955,11.782947,5.2920607,11.728989,15.392138,34.098413,4.2397709,8.8892189,9.1127787,3.6441335,14.318231
475,-0.78440184,6.0490981,59.467805,70.959174,10.529688,22.7077,10.346819,0.96732331,0.069149488,3.4097256,0,4.4782521,9.8390579,15.251033,14.403628,11.850146,32.745508,20.630799,18.806557,8.4894251,21.665592,26.702727,0.89693325,3.378997,2.179372,1.5236163,7.3555893,6.6228096,6.6196246,7.1211229,2.5437447,7.1325163,2.584954,1.1137239,2.1829704,0.5972797,8.6622329
476,0.82115588,18.366417,72.290571,104.45518,21.412402,34.508259,9.3348531,1.2328693,2.6123911,4.6252392,7.0821782,11.910345,14.576081,15.66374,22.322717,18.567129,28.970076,22.769232,27.260431,27.407217,26.629905,38.915069,1.3933633,5.2686943,4.2547925,6.9112656,13.72254,9.6898336,7.7683605,4.8601069,8.4073533,17.011366,1.5257506,1.1468555,4.2260236,1.0674683,5.47739
477,1.48722131,21.964113,70.776426,100.6735,15.545171,30.347489,16.689484,3.3730853,3.241316,7.2606126,3.4976,14.460055,16.528482,11.315402,14.121633,16.415825,42.149551,27.247686,14.669736,15.87911,20.214274,64.818585,2.4154402,0.75165924,4.1209544,5.5061005,10.26119,13.64051,7.9095147,2.3536649,0,16.017779,1.9117949,3.537238,1.3148025,5.9859724,12.118985
478,-0.20370859,16.2905,54.959522,99.03147,8.1661396,32.692743,14.066709,1.7004374,2.9178272,5.0531785,3.6363402,10.548271,9.5335131,10.592007,10.925992,18.956208,28.541192,22.25879,20.69981,23.651657,23.383153,48.105872,1.7285243,1.186564,2.7636477,1.2442492,4.7014706,5.4985414,4.1166994,9.7793834,6.5510364,21.57923,3.0877818,3.7592341,1.8720496,0,11.43307
479,0.50657079,24.294654,75.059283,120.61908,14.687862,52.835017,33.964149,1.5502741,5.1154423,3.0759248,9.8061092,16.832593,11.093748,10.167981,24.065153,25.175924,37.289712,27.055901,21.739288,26.852916,35.815853,57.732161,1.1278256,2.3346719,4.6268911,5.3312633,8.1709507,10.367503,11.001699,11.690069,24.39426,15.977153,9.8611952,1.916199,8.3114666,10.075132,17.791856
480,1.366417,18.547981,85.070456,94.099079,12.45029,31.80441,33.545063,3.1317793,6.4092256,1.9914798,5.7392839,8.6961557,16.188824,11.663593,23.410513,19.820787,50.951127,25.833043,18.642568,24.216966,7.685039,53.884863,1.6024271,0.51850282,3.640434,0.46255527,12.878135,11.4171,6.9743237,7.4490026,5.2118013,11.152607,13.124006,2.6143733,2.7930067,11.107957,16.728281
481,0.33447366,10.519533,73.591568,110.0063,8.9475454,30.876431,28.348006,1.3325694,5.4314829,0,3.0065579,4.8476107,18.056491,13.621673,17.389268,25.613276,26.861803,24.968414,30.247484,19.532901,28.992037,47.897852,2.4409454,3.3789819,2.0890344,0,4.0571312,3.4684663,9.5918974,6.2174239,15.611839,8.2552307,5.0961713,4.2264516,18.401962,0,11.035043
482,1.68872248,18.206052,73.040845,112.02752,16.473668,45.211755,41.889647,3.0647568,5.3408205,2.7673948,3.1352426,11.668655,16.034832,15.0662,19.572382,20.19541,30.41214,28.485037,32.069678,7.9023096,31.541592,54.964474,1.1813386,3.0974294,5.3562134,4.5152639,10.039938,8.8915405,9.220415,7.4782901,10.438481,28.810076,1.3755058,4.05596,16.861608,4.9856863,36.559666
483,0.71852974,12.813215,75.531233,102.27283,8.7688204,36.468289,31.683276,3.7413218,2.137378,3.0601341,0.97091918,8.0234077,10.96509,13.516468,31.119212,22.096679,28.1766,24.980612,27.81496,8.2816829,36.204895,44.232981,1.9093271,1.1881557,2.9730085,1.4328087,4.9619191,6.0182309,11.715044,5.0108995,8.1535754,20.664012,4.9566063,5.9507656,10.621412,9.8960363,13.279762
484,-0.97101088,14.678774,53.182408,108.82531,12.342439,23.240598,22.241548,2.3650206,3.7516752,4.2924029,0,10.606412,11.07656,10.111458,10.655718,9.6504066,34.539114,24.923048,28.965159,13.828208,36.116544,46.949982,2.212142,2.2015533,0.067865535,4.0135759,9.8732988,3.26502,3.798229,4.8077674,4.3589519,18.22044,2.8897982,4.4728177,6.2345941,3.9156621,14.817472
485,-0.49860448,12.79924,50.900866,83.538832,9.5479729,38.130685,7.5784658,1.7895246,3.9046837,2.0146126,4.254193,6.2233692,9.4222269,14.133791,12.473251,13.564037,20.95316,16.602292,24.31572,14.281235,29.721405,30.330816,1.6533543,1.0962541,1.5140266,3.690493,6.1174858,8.0381606,11.633925,2.7681383,17.998518,12.197564,1.4240827,0.84991432,1.8132037,3.4907324,3.3144924
486,0.84994776,13.691609,61.469462,109.30802,9.2961578,37.589578,11.069712,2.5705542,0.80064276,6.1665197,4.9443587,4.8768687,11.38249,13.794052,18.914237,15.57467,25.919783,25.913588,29.984416,19.175057,35.469893,38.785312,1.4979052,1.6599383,1.4578517,2.566764,6.4723236,7.7415697,9.138018,6.8195157,8.0246873,21.347795,2.7902041,2.066552,3.3716636,1.6748473,5.5212351
487,-1.02969948,17.196109,50.269869,90.497614,6.4650836,25.234033,7.1741979,2.3867807,2.9949429,2.4000152,4.992625,12.704733,5.2681103,12.775397,18.903197,8.0219664,26.478114,21.977206,18.328637,11.291832,47.360122,26.068275,0.56646465,1.5685597,1.5099251,0.52819026,5.4879684,8.2992923,6.0815347,0,7.6810326,12.695199,1.0310324,4.9262778,0,0.77708767,2.7959667
488,0.37363155,17.591043,65.559842,116.82998,12.084278,33.160073,27.983873,4.2588023,5.3118957,1.8696082,6.2321783,6.4419528,10.024014,6.3658515,17.408998,28.150055,33.243044,33.326776,30.095448,20.605533,26.263074,48.219077,2.7787075,0.7911657,3.0243262,5.6558589,4.9747061,4.4758921,9.5936174,3.4113421,10.973261,19.318889,6.3381216,4.1886192,10.369637,5.6704039,12.36046
489,-0.18127472,13.668292,72.472373,101.11688,8.3423969,31.010757,13.012782,1.4724504,1.7873548,3.1702691,3.8068469,10.225076,11.1771,12.850827,13.053439,15.430379,53.743734,19.027595,25.172765,21.478709,28.166751,47.809728,1.3212295,1.5504858,0.10448731,3.7038346,5.7127798,11.134507,11.471972,0.74664519,4.7653116,12.840811,2.6440267,0,0,4.1260149,13.348564
490,0.64173063,22.007773,100.03383,106.47768,13.080106,46.28556,20.606595,2.2368764,2.7353259,6.5740708,9.6470112,11.007897,12.010393,23.261682,33.072707,36.501027,35.768894,29.384347,29.129294,9.7883868,26.482311,51.575417,2.113606,4.645707,3.2332608,2.6459294,5.3995283,11.392631,10.08401,12.928111,6.3019548,23.267101,2.7829752,1.6499755,3.9852983,3.3607514,19.630443
491,1.21842806,13.01136,66.710766,86.545245,8.5177679,24.695676,17.51938,1.4000181,3.4935315,1.2265981,3.6412877,9.4512645,13.795964,15.716797,23.969235,2.9861892,36.056557,28.013882,18.717558,26.98871,20.612938,19.570497,2.1191041,0.93209706,1.4407869,0.76489844,7.2379475,6.1044161,7.5960169,0,5.7274925,15.312543,3.7804236,2.9297025,0,3.2352758,16.124337
492,0.65493026,20.854587,51.070703,101.25232,10.941664,36.463025,23.302541,3.7489753,5.9076934,3.3175837,5.2647416,11.206295,8.4986642,15.034849,13.696511,9.4686133,24.48229,18.403956,23.073395,19.727174,27.3941,55.040002,2.4269588,2.6169185,1.9810493,2.290738,6.1041928,8.7076783,15.088888,3.8410058,0.92428159,21.240143,9.9960555,5.1773269,5.7661158,0,9.3004728
493,-0.49660743,16.895378,56.189139,76.385284,8.1957499,19.162671,16.547659,2.0750616,5.0391695,0.53017175,6.36627,10.619015,10.574366,17.560841,7.2598424,15.749531,27.378725,11.473083,20.61371,20.533845,6.0332029,50.186609,1.3736454,1.8890363,1.571351,2.7713074,4.1086331,4.4278486,6.1873379,8.6176452,0,6.1388556,0.70285325,4.0629464,2.4040027,10.804995,6.2683722
494,2.0552349,21.730042,75.683653,123.37869,15.185363,32.396199,40.220091,3.1103492,5.3449806,4.2987967,8.6857716,9.4232879,24.268779,10.313493,31.02106,3.2552183,33.209805,28.077712,14.407345,36.255292,35.601704,59.549225,2.4260115,1.5376748,5.566593,5.1063225,7.1618837,10.958333,7.5834181,0.17720405,9.302012,16.568557,5.8049127,3.5908037,17.833629,20.919142,8.2690211
495,-0.20336762,14.62524,57.414304,121.58365,8.9196539,25.320873,10.677636,1.669327,2.9152234,0,6.6552672,10.722444,9.1233617,18.536038,11.00779,13.391939,28.306995,23.345083,26.036687,25.533027,36.257549,60.332747,1.2497181,1.9798951,2.3143245,3.9409793,3.1246622,8.7863628,4.4330925,4.6121298,4.1707109,12.609429,0.51124174,3.8865322,5.2358984,0,5.4195218
496,-0.41340709,14.332438,69.931153,96.659423,16.541171,33.13687,8.3519287,2.405633,3.0370785,5.6932193,0.70341395,8.4323993,9.8945629,12.40363,28.827164,16.558651,31.017991,9.7690959,29.973792,29.67643,24.649582,41.739336,1.0134049,1.7063535,5.8607003,8.0373261,7.7959068,4.2949776,7.0515343,17.917161,6.0720704,10.420586,2.4607554,3.9837581,0.40985722,1.1902371,2.9059419
497,-1.70954744,13.300955,43.193107,78.009025,4.9679905,27.46637,7.0884256,1.6456236,2.8084748,2.607014,2.9251245,9.5881827,13.09938,6.9795954,7.4400649,13.544557,18.495103,20.142157,19.403029,29.240212,17.157352,17.585136,1.4894423,0.74792941,0,1.3247086,3.6303925,9.2153021,7.5105928,6.9404801,4.9749715,7.3477643,2.7677909,1.5082621,0.16420213,0,5.497971
498,0.58477945,25.329607,74.868552,90.662568,12.053113,32.329754,18.299201,2.3086614,4.2521522,3.6757513,4.3330018,23.985946,16.479329,12.229212,14.674903,23.762185,38.952913,19.153985,21.82432,29.584951,22.702383,30.54262,3.1335183,2.5463783,1.8327129,1.4970901,8.0497302,8.7800841,9.8624009,4.3098829,5.4548237,15.805326,1.3928465,6.4985104,1.8248883,5.7316889,11.144931
499,1.23342329,25.261864,60.594825,142.61866,8.5288795,24.110308,8.563738,2.4506245,2.1130207,9.7726223,9.0631206,13.701761,14.272257,6.7292808,15.31978,23.06606,25.939041,24.808183,21.445655,47.934192,45.774749,61.358313,0.86162793,1.3766029,1.6975828,1.9842868,6.9245022,7.9530833,4.2604188,0,9.5823218,11.839526,2.3758982,2.5880054,0,1.6840336,5.4139193
500,-0.41136052,14.266315,54.44567,78.537918,8.6740979,14.799225,14.171168,1.5030352,2.6175255,4.1698585,3.3141724,9.3200664,14.876729,14.297163,10.052023,11.105926,23.931164,15.458139,26.805718,26.924491,7.4377111,29.24888,2.3664599,0.69995477,0.96313504,3.2561889,5.2478745,4.5925514,7.0079588,3.4635631,0,3.724059,2.2108368,4.068999,3.8395535,0,10.152895
501,0.48215372,22.379052,79.844797,123.5709,11.647116,43.975109,32.212938,1.2434951,3.3850292,3.056928,10.761571,15.455768,20.622133,12.601396,3.2879772,33.771608,43.417386,22.830958,25.129514,29.878149,36.080249,60.531588,1.4573967,1.6891984,1.6922144,4.5134523,8.0051747,10.903999,5.6978343,9.4647781,10.464757,25.973587,1.678574,4.9925488,7.9875584,12.488065,21.093923
502,-0.20263194,21.208053,60.992825,91.957242,8.7270562,23.724061,14.117086,2.923513,1.6778664,3.4707128,6.7949628,17.149386,18.477719,15.06731,4.1560848,16.79322,29.302128,25.231476,24.002185,12.897657,16.886144,47.563904,0.49328349,0.63566487,2.4325819,0.43500699,9.6964074,3.3675643,5.8223748,3.3639052,7.4748013,14.352633,1.5124907,2.8388387,9.4086096,0,5.8063149
503,-2.27654632,14.730846,45.39316,93.720241,10.932347,32.096572,13.322903,3.7526315,3.294298,4.5849245,0.69274509,8.0266226,13.111176,15.178933,0,9.8245528,24.109944,20.671769,31.604642,16.155144,12.568298,47.793206,2.0307471,1.0835043,0,2.2559763,11.372783,5.5076717,8.2560963,9.9674652,3.1718774,18.28173,4.3902422,3.9789506,0.058094383,2.9185107,6.8991277
504,0.01864472,13.434046,45.201948,82.189716,8.7455766,30.064368,15.168906,2.7888784,1.9948418,3.9503939,1.2115673,9.3900764,8.8333843,10.670062,12.116842,9.4651242,22.132049,14.34668,23.98889,18.253286,10.691341,48.394552,0.65805469,1.2461476,0.96072704,3.8048559,6.681345,2.5508443,5.5493352,13.937311,0,21.858844,1.1213124,4.4722801,1.1003153,6.56334,9.093908
505,-2.14167055,13.477387,51.406532,117.18107,6.4064293,32.422753,17.616969,1.2831056,1.4887186,4.343252,2.5001526,10.611404,5.8830751,7.3104067,23.872818,13.075232,23.221814,25.537679,23.05367,45.203887,28.693672,37.388589,1.1710679,0.44340869,4.1575791,0.015981274,3.2534481,8.1661877,7.277949,5.9693962,7.1874547,16.540944,1.9157355,3.1381507,8.5692949,2.6158,8.9150241
506,-1.51805414,4.943432,59.56222,98.713202,7.3754348,28.967632,13.901956,0.35365061,0.21031896,1.1844089,2.3573585,3.5155174,19.344536,12.480994,21.410286,8.0963048,17.231459,20.87932,37.660388,17.091362,16.01473,42.375516,0.66908478,1.2452714,1.4978371,1.3776026,6.3877578,10.340376,8.6368362,3.0296057,4.385477,12.175932,2.7179778,0.73669761,5.9625119,3.4500636,7.0684355
507,-0.71471224,25.076738,60.011043,86.298061,10.996478,42.890992,18.375977,4.1523994,2.3542339,4.9145949,8.3725492,17.23963,12.471418,10.065884,14.568926,18.037232,29.671466,21.26356,20.556162,13.267623,27.506148,36.705885,2.7488964,2.05605,2.2489092,2.8983077,5.4616277,11.621164,4.5814481,9.6575861,7.7726488,27.350237,4.451254,1.964241,3.8450005,1.7554215,14.752533
508,-1.08425785,17.114358,52.845067,74.362426,3.9491246,29.161799,6.460917,2.7860555,2.960869,1.7767803,8.2936213,9.0684978,17.647304,8.566319,11.451318,12.972068,21.064744,21.468351,20.540917,7.1090874,19.64093,32.714489,1.3165364,0,0,1.0304508,3.5401957,9.7663632,9.853437,4.0098111,1.851092,13.307579,1.8575431,2.3640473,0,3.5583888,0.70758005
509,-0.1329624,18.996277,56.213157,79.566611,9.6852644,29.270654,5.8961161,2.7696558,4.9712192,5.2630623,6.8000898,6.7535823,6.8784457,10.881904,11.506455,18.979166,33.688505,13.927277,19.645767,14.610058,29.817375,33.860769,1.8840817,1.2183913,1.6651016,1.9407184,7.5857901,7.9592588,7.5376412,7.7271402,6.2981093,9.9475795,2.3048714,0.48068635,0,0,5.7220382
510,-1.26377548,12.713382,39.469275,91.498871,10.306138,31.90774,18.904017,3.0152944,2.3787477,2.8174843,3.9639327,5.6097608,12.685465,11.080141,10.174438,6.8133655,11.175657,19.330229,24.033405,19.152329,22.613186,41.773144,2.0963586,2.327267,0.67164196,1.9369559,7.995541,9.7151675,3.7795855,9.0706226,8.6436022,12.622516,5.4545264,4.5426074,0.98785868,4.5391485,10.907697
511,-1.88098531,8.747748,60.744808,99.001577,9.6739528,30.453419,11.4056,1.7850309,1.3949319,1.6497491,1.7033342,6.2084193,12.640427,16.781702,18.157528,4.9773074,31.330714,20.564305,21.71424,27.209859,15.301138,53.887387,1.439231,2.0422554,2.7404102,2.167371,5.5048046,5.7518887,10.766915,10.325145,2.0393765,12.399252,2.0119478,2.521104,0.21981419,6.3636192,5.3701753
512,-1.69828906,10.394187,41.711469,103.05858,7.6226603,23.764142,12.37346,2.8827615,1.9728247,0.23263722,1.812092,8.1141399,8.0541939,14.695695,5.3100622,15.267565,13.823897,30.680924,23.978746,22.460234,19.190027,43.242375,1.2580528,1.3239071,0,2.3779807,6.5242996,4.4235766,6.1962329,4.9665378,4.0228428,14.086366,1.6906759,4.221969,1.9260737,1.2350103,8.7431875
513,0.12142647,14.699096,93.589439,119.60991,12.846209,43.18099,28.923115,4.6425473,2.5664431,4.9358781,1.9239049,5.7740317,24.390731,14.425677,26.697609,22.413143,41.55114,24.718425,25.702826,32.390902,33.577355,49.685183,1.1985688,1.3392917,6.6777943,1.5115854,8.0424845,8.6169777,6.8910873,13.496467,10.933344,20.966281,4.3147708,4.5306613,6.730128,7.7193542,18.933801
514,0.8958754,16.469427,62.220059,103.85545,12.370844,23.006862,16.901632,2.4907848,2.001521,3.904279,4.8866067,10.936465,7.9748312,5.5021978,12.942996,30.96962,34.472812,23.107219,25.320184,15.332152,27.266073,54.542004,2.262828,1.4404869,3.6799327,2.329838,8.2639036,6.6937567,9.4299182,0.24075203,6.5315366,7.7688446,1.6973251,7.220397,2.4189789,0,12.905668
515,0.06423874,13.022389,57.040571,94.727535,9.8136108,31.700894,22.223901,1.7773666,2.2357912,0.62288186,5.3747438,9.4600703,14.824317,14.00026,7.9550165,20.372329,21.080319,22.379427,26.998733,14.504012,25.801747,40.533379,0.56180373,2.1149382,0,2.3067232,10.3054,5.2750926,9.4145683,0.73882619,10.686883,19.513606,5.4251266,3.0018035,4.8029045,2.3146129,16.452647
516,0.04509067,18.529231,70.121786,99.632499,12.436211,39.273068,19.980359,2.0211792,2.9157741,5.0304332,3.8242302,13.659133,17.382216,13.02721,16.567636,20.998195,29.080907,19.336369,22.383552,19.675511,40.592204,37.071065,1.5987812,0.66747357,5.0614721,3.8669464,7.051744,6.3142395,10.864173,6.6781718,14.928816,16.464536,3.5692944,1.9221482,2.1255924,6.1568953,16.14843
517,1.31121493,37.224914,55.140803,107.54412,11.474384,37.537986,19.461948,4.6375286,2.0512368,5.9683535,7.0310763,37.676811,14.245393,16.316695,14.54634,7.1078404,22.101233,28.006635,24.228654,40.137358,12.423986,40.098118,1.1363033,1.6474983,1.8933031,0.41077316,12.621634,9.8296952,4.9911688,8.8964336,4.8946998,24.702337,1.7946319,2.965055,2.271477,14.849219,6.6662857
518,-0.7565103,18.79423,37.959806,97.285604,9.3287422,35.394514,6.5635274,3.8242467,3.7082568,3.4694194,3.1074726,12.915076,15.034336,4.0677838,14.716741,4.7108577,11.431881,20.873846,19.283506,29.33604,16.383648,50.027242,1.7796642,1.3626611,3.3856849,0.75518483,6.1112324,5.2395497,7.0476088,18.16825,4.5658611,14.137483,4.1246846,0.67264095,0.22695056,0.2234999,3.2469205
519,-0.05542095,13.291186,54.356792,104.74394,12.408668,30.180772,12.665317,3.6788467,2.3512338,3.1364132,1.9257114,7.4657547,10.754785,11.763337,8.5811148,12.898576,33.678616,25.788333,27.22918,27.830992,14.099848,48.198623,2.8902763,1.8038826,3.3282374,1.533533,8.1618495,8.4659742,4.3642053,3.7291104,6.9641741,19.428961,2.8363392,1.1865213,1.483881,5.1919208,7.8236815
520,1.34942726,18.241349,75.540099,109.39133,17.964065,48.400177,12.820725,2.9244683,2.9987488,6.3484491,6.2177134,7.2941782,12.324468,13.694019,11.326985,25.955031,46.324909,28.693664,23.850448,27.437163,27.443098,41.794802,1.5034576,1.6453568,8.2740547,4.7435243,10.182532,12.370234,10.11784,9.851898,4.8537456,30.748709,0,1.1548061,0,0,20.213683
521,0.23262556,26.89668,54.981346,95.436584,12.814653,44.120663,26.410587,2.5603668,6.3692558,8.0266843,11.358564,9.9333263,10.936236,13.307535,12.666091,14.839626,24.975822,24.165156,27.472993,15.169696,26.983211,36.094557,1.587268,2.5388906,3.4361329,3.6028743,7.4155381,10.659989,7.8298336,16.753657,6.4425821,18.961817,0.45483839,7.6778411,13.83059,1.3810682,14.517927
522,0.49285508,16.417688,43.091093,136.32014,8.7160356,32.722643,9.8747428,2.8072826,4.3921142,3.2064301,3.7844356,9.0983893,4.6228858,13.65344,14.296016,4.6878,23.609516,33.360374,38.609637,37.525639,16.72523,58.676747,1.608113,1.4449737,3.1413242,1.8669826,4.2880657,11.057421,9.5375503,1.1959397,11.458782,10.521407,1.1675806,8.8817697,0,0.29116263,2.1182146
523,1.28021575,15.611848,60.514564,79.938501,10.771499,36.828856,24.199241,0.88636013,3.5011446,2.014645,7.1425693,9.7461907,14.26381,18.01385,7.3147652,20.958302,22.354825,11.98572,10.673217,23.713196,23.688936,45.610365,1.0111952,1.2541173,1.0912758,5.3238153,7.6823374,7.5745324,7.8421938,6.1292903,13.868064,16.463122,5.8855048,2.2281787,7.7992195,6.874439,11.293096
524,-0.53549099,7.9490209,63.923754,88.430196,10.761077,27.448921,6.2510273,2.6869046,1.463473,0.90558304,1.3492216,4.6676553,11.330775,10.968391,14.766175,21.12171,33.129127,21.710296,26.897405,26.850723,9.0874236,34.281795,1.3208105,0.6002737,2.9473736,5.6219659,5.4320907,5.3916235,6.7245794,1.3037089,10.570781,15.326138,0.23498876,2.2328558,0.80733257,0,6.1622669
525,-0.00346549,16.858771,71.495353,122.6056,13.42709,38.873543,27.038103,3.0577424,4.7111663,4.3901987,2.2372476,9.2501192,22.10608,25.979086,5.1966335,10.27884,32.03355,20.980862,31.737234,33.153612,36.563625,47.862162,3.6672,1.5202056,4.1687239,1.7211863,7.7975934,15.245276,8.3119672,7.7214757,9.0880924,10.537167,1.8700131,3.0625252,12.292717,7.3540477,15.081626
526,0.81577947,26.409638,72.335835,83.766274,16.613946,38.974602,23.941822,4.1263386,1.3691805,8.3435405,5.1932665,20.183492,7.9857139,21.546948,13.9112,18.029824,42.319801,13.258371,23.880269,11.91861,32.086721,36.914618,4.5329761,6.2859924,1.5649453,3.4107958,6.5080209,5.1955975,11.016872,10.749653,10.520912,17.334101,7.8940469,3.3882096,7.5155418,3.5378992,10.154359
527,0.89208282,19.630371,57.801562,121.17124,12.991983,32.669548,20.455619,2.203368,2.5791178,5.8623977,6.652244,11.499062,11.083567,14.076443,15.547332,20.747653,18.205993,25.14808,32.13881,29.114112,33.560658,46.734587,2.5467684,1.8823896,4.61763,2.7934151,6.5511802,11.454556,8.1571478,6.0676208,7.9378284,9.5699541,2.2605243,4.0362101,2.9592891,12.40914,7.9906174
528,-2.65001827,13.506599,50.017151,83.363106,7.6806622,20.573872,14.0693,1.7519502,2.4696326,3.9135349,4.2070048,7.1692255,15.695881,9.5687474,10.267447,12.781209,19.635904,26.318409,22.579522,2.3808524,25.787203,36.511995,2.3149819,1.9751031,2.224714,1.0476679,2.6984886,10.301966,3.5704909,6.8051649,0,5.188302,2.6698178,0.6773706,2.5520953,7.1419698,7.6563757
529,0.65944641,25.515756,69.164507,84.568662,10.520441,31.984227,21.361349,3.6887463,5.1518462,3.5680675,8.1945792,16.669325,10.621106,13.875712,22.484869,15.785924,35.33102,19.468004,18.060906,22.272107,8.3619239,50.259908,2.2565892,1.6450753,1.7509498,4.7531859,4.5552931,4.7949872,7.5032782,4.9856938,9.1876393,19.787144,3.329164,4.9928147,0,7.5031588,15.683926
530,-0.27883929,14.984011,50.553156,100.28017,12.02221,35.737921,9.0075657,2.6557682,1.4178553,2.1445859,3.8791742,12.317261,11.586063,8.8027932,10.472865,20.474157,19.220976,23.443651,26.644076,19.225628,22.024805,47.072955,1.982833,1.4371971,1.2326495,3.2048799,10.210742,13.629865,8.0269964,0,9.1425611,17.733322,3.9467138,0.17984438,0,3.3166662,5.2335409
531,0.2819643,17.578718,53.957021,104.84996,13.884824,34.199883,7.411557,1.971493,3.1502697,4.8996529,5.1015077,10.529131,7.2387285,12.139722,25.156225,4.1610106,26.993403,32.069516,10.887592,29.474818,25.686667,46.419391,2.4392414,2.1271287,3.3386053,4.5675976,7.5078497,13.510095,8.2104976,1.3414663,0,23.625257,3.2088313,1.8349289,0,1.6460581,3.175161
532,-1.624425,15.055214,60.800571,100.91634,6.7487445,22.121879,17.297746,2.074124,1.6563738,3.5027404,2.5027507,12.856266,16.575125,2.0019345,9.6794438,27.335068,31.606179,23.777746,18.973698,17.984667,31.635292,49.203785,1.7347181,1.7576098,0.13183267,1.5663937,4.4286927,6.1736549,0,8.8967732,5.2687091,10.772723,4.1901353,3.1294414,3.700539,4.0408756,9.3175515
533,-1.94416396,8.8495143,34.949177,100.06858,6.7286359,21.536306,12.882324,1.5943415,1.5715024,0.52190772,2.0975239,7.4073768,8.6074087,5.6874082,0.98328051,16.408561,18.312718,19.981772,20.292132,26.054279,31.76706,41.615372,1.2770255,1.6513712,2.0696126,0,4.5829783,2.7582034,7.629283,6.8192782,1.2653124,11.681927,1.3981186,2.2816439,1.3100092,6.5372737,7.6285067
534,0.89448772,22.538135,60.131608,113.48651,9.6819414,33.700232,26.509229,1.2672307,3.1644925,2.9156355,8.391577,18.831261,8.2322968,6.0714991,18.527814,17.201643,38.14113,28.503497,24.249948,15.963012,25.673182,64.863997,1.6396709,1.56624,0.44848077,2.0279405,8.9057398,8.8752331,5.0692339,8.0239832,13.619756,10.909241,1.2010172,0.75786328,20.084802,6.0038974,10.211216
535,0.3630072,14.905884,58.641257,89.995409,15.562569,30.396344,30.763065,1.5763006,2.7802515,4.0116419,3.8982866,9.604131,10.708258,15.725259,8.5119867,15.172433,32.981511,25.201625,29.104911,7.6851917,33.909244,24.576891,1.1606114,3.7915921,0.72712421,6.7681449,10.838875,7.3432778,6.0036268,0.64600973,12.83468,16.550473,5.1544597,2.5985243,2.4268434,7.202124,29.429892
536,-0.77501515,11.002244,55.345205,99.376265,16.806584,29.53111,21.307454,1.439844,2.341284,5.5304386,0.55264617,5.6606342,9.9602785,12.966632,4.8147157,13.356569,39.129248,17.527333,25.624735,31.695153,31.433054,30.100958,1.0819827,2.8746293,2.2536782,5.3944008,13.984399,7.0299172,6.0310718,12.314389,0,15.236183,1.4618552,0.89840256,4.1540194,5.7621623,21.055219
537,-0.98692606,14.624804,67.363829,95.046078,10.138558,25.072455,17.199566,3.3125249,2.7435887,6.0352169,0.60674435,7.590635,12.800014,14.258723,22.471248,18.184365,25.63529,24.939508,20.386074,19.39263,19.288758,47.500815,2.0555531,1.3395837,2.344592,2.9558036,5.9230834,4.8933459,6.4350288,6.6027891,6.2423221,10.686965,1.3677,0.42126821,4.445743,12.659435,6.8157781
538,0.18862909,10.196289,78.959543,113.26318,11.189751,24.111406,22.790571,2.9897902,3.5177548,0.073256178,1.0047421,6.5415453,18.300314,25.502897,17.360518,13.311909,32.685396,30.812809,28.823313,26.37225,22.572786,44.818454,1.1158138,3.0035405,1.7352711,4.8380233,5.5015544,5.4895584,5.4810683,0.11574505,8.7540247,14.789877,0.91224281,4.9605484,5.7271781,9.1839648,12.912586
539,0.27294527,12.940413,51.005373,69.407472,12.28181,25.967878,10.981255,1.753098,2.107426,5.5288346,0.86567732,8.4330425,11.359607,12.688442,10.993266,3.3269212,33.439064,8.6946912,14.795985,28.715015,0.80274702,46.508343,3.1783428,1.0251106,3.4725217,1.4482927,8.5026224,8.8037402,4.7956312,1.2745654,5.8038749,15.529235,1.7414456,1.4466673,0.63338746,1.1102312,11.969507
540,0.54639959,17.822527,66.706437,92.401367,12.715344,25.2628,16.988354,4.2570677,2.6061298,1.2344384,5.1987374,12.598584,15.095329,11.698086,12.426394,21.423983,33.486435,21.189054,20.587415,25.906898,26.21051,32.710033,0.47889151,1.5863603,1.7964442,4.2036973,11.719138,8.1847929,9.4841609,3.9096799,3.1902304,8.3180285,1.2056643,3.9824425,2.5277121,7.2142407,10.213192
541,0.66855857,31.253888,74.589078,130.83106,10.695245,35.561596,21.191233,8.377801,2.3536297,11.924337,9.6752161,10.793691,17.83419,14.443762,15.372169,24.522042,31.50203,36.509187,23.05692,31.251145,29.670459,59.657815,2.0917155,1.5370051,2.4081103,1.5889067,7.9840405,11.281722,7.6156064,5.3585704,8.201607,16.108015,3.922642,6.9427213,5.0836531,0.2343015,13.504831
542,-0.61840552,6.3313027,56.7962,109.59865,10.807528,24.349743,9.6275526,0,0.8663836,0,3.0783618,6.1695085,17.678454,16.313539,0,19.879997,23.430028,33.931307,31.581982,18.732996,22.320107,39.684807,2.1948529,3.9672384,0.16830795,2.3766523,6.5227426,8.6244202,5.3517886,2.0939153,6.6641302,10.293629,4.3709686,0,3.1273565,0,5.5755338
543,0.2571184,11.148139,66.159415,98.393625,7.8693701,33.739702,17.869354,3.5739128,1.6733554,3.9939046,0.90796022,5.0152892,15.801486,11.08933,15.912616,18.293952,31.43284,22.984367,26.33493,20.279617,22.879235,42.752617,2.1225719,2.5462498,0.62549654,1.1782441,4.4231151,11.627942,6.1746866,4.4017063,1.356178,23.372176,5.9368742,4.4258839,4.1691557,0.58747036,8.9914672
544,0.04985367,16.586517,68.838922,82.486015,11.382525,36.159244,25.053579,2.5719226,2.1255895,2.1687486,4.0625272,13.934887,16.172736,18.36072,19.519264,9.1249888,30.908076,23.319089,29.036059,8.277913,17.656883,32.376233,3.156734,2.7794105,1.4933565,1.4784941,6.9953636,3.491078,10.308056,6.4352874,11.745862,20.288379,1.4867653,3.6015003,5.9105616,4.306006,22.990994
545,0.89450409,22.817592,66.341147,108.65948,13.844325,46.655351,34.003184,4.1842165,2.2622113,3.0861233,11.225723,12.587497,14.389787,14.193063,14.51992,18.984707,30.574363,32.199329,16.335036,23.625423,35.158818,41.740837,2.3742372,1.7374202,1.6858202,5.3718939,9.2636211,8.7532349,9.8100894,13.350065,15.408742,17.704898,6.1324106,1.6914095,5.9870947,25.578959,9.5966249
546,-0.47623122,20.255956,52.124128,111.60324,7.7847271,27.245366,21.892946,5.5791569,2.3490565,3.0088649,1.5300998,16.885145,11.008967,16.653992,15.291507,1.6699951,26.770498,24.365361,23.746389,25.340081,25.33265,57.509892,0.69328577,0.91840811,0.060668288,0.77674498,9.9808825,5.3533311,5.8509582,5.6642073,0.12422254,22.501204,1.7128075,1.88514,5.5814521,1.2335763,23.546567
547,0.94526966,22.034888,77.640821,136.37947,22.114323,54.282551,19.367568,2.8892636,4.6704465,0.77138541,14.742178,8.8796807,13.951448,15.166197,22.205437,25.692283,31.8883,23.092206,23.232712,59.118701,45.088111,37.698794,5.6629461,3.298637,8.5057937,4.1656677,8.6945205,8.5412117,18.473903,18.743675,10.603745,17.395405,3.3170248,2.7109621,1.510431,9.3992015,11.536819
548,-1.33723304,17.746484,52.30484,102.7411,7.3348464,24.136556,9.3688782,4.7071908,2.0898409,3.5037629,3.8533159,11.145003,15.681748,6.4858079,5.1934194,21.60471,24.3567,30.662944,20.561124,15.169645,28.457104,46.309148,2.1060012,1.007807,1.2962458,2.0570926,3.8801959,8.0396589,8.3576112,1.8125262,8.3378914,4.9514646,3.706598,1.2792912,2.1005551,0.72069812,4.9531772
549,0.97663184,22.736076,52.108813,106.56813,8.3577738,47.481233,10.937053,3.2947093,4.9429874,6.1740919,8.5464197,9.2055412,13.169515,13.546598,13.805269,4.3837279,26.535792,19.644929,25.631612,25.069813,28.747874,50.273476,2.2950369,2.386122,0.24641372,2.2025681,4.5327416,6.601168,11.047753,8.5284296,20.845859,20.716753,2.4063705,1.5596714,0.95678682,1.1890685,10.193373
550,-0.29217226,16.141317,69.849451,89.732383,11.91403,27.015053,11.641986,4.4690111,3.9092476,1.3070238,3.0396852,9.9094316,18.401292,14.119067,10.973108,21.858933,31.536675,26.454169,18.703275,18.406118,22.567971,36.0365,1.5500263,1.2609771,3.6385349,4.7430221,6.2132686,6.098046,4.403064,6.155178,0.66512609,21.751292,0.98120179,2.8097089,1.6905775,0.20898914,12.053039
551,1.22657352,20.378258,68.31637,145.3007,14.66517,24.552004,29.470964,1.9234911,3.0919809,5.1695782,4.8136942,15.416569,17.160651,6.8309513,12.910266,29.461148,30.194111,22.885,25.102676,51.63707,30.756965,75.970675,3.7010906,0.74327559,4.1458953,4.1996534,8.1875375,3.2426553,5.8071995,2.6920216,10.379436,13.563348,7.7700128,2.5683882,6.9820884,6.2676738,18.487829
552,0.42964337,18.367966,56.343411,104.29753,11.490887,39.806518,16.946837,0.52868879,2.7556415,2.4277811,7.6812915,14.90876,5.8970692,19.667636,8.6475449,8.8158197,38.074963,23.789089,26.57157,31.599724,17.69831,42.75387,1.5830428,2.0597008,0.55098557,3.307656,9.8050252,8.6956903,6.1606404,5.2514512,3.7309076,34.570603,2.9154417,2.8164952,10.208977,1.2005833,6.1743182
553,-1.50856055,15.056606,47.756584,76.373897,6.2069112,38.938877,12.474779,3.2646722,2.5403294,2.8378423,0.69982929,12.593934,11.667667,8.9669222,6.8123651,13.696408,26.310528,24.584715,19.315413,1.4199815,25.326333,33.709255,0.71531921,1.3022302,0,0.68262316,6.8989772,10.190361,8.9885504,11.73985,4.2226466,18.069274,1.446997,3.3087209,3.5942876,0.45382303,9.364517
554,-1.63315653,13.766084,51.974864,75.929251,8.0325856,31.419261,10.045474,2.2401369,2.5103292,4.4854242,4.1600844,6.1171249,10.370037,12.521983,9.3040989,13.149853,27.990381,21.146461,22.205734,5.0670164,16.663602,39.436167,1.5141467,0.13661048,0.45675722,5.2108555,4.7414348,7.5975225,6.8416571,11.620109,4.9735653,11.735919,2.3935493,2.4757972,0,2.5949389,6.9443531
555,-0.34744426,18.450716,64.683649,91.806823,8.1483822,32.294028,10.289124,2.4730058,3.2151795,4.629077,3.5028791,13.256784,15.768219,11.378513,26.943518,18.960177,13.955911,22.048993,25.998393,22.802383,18.504463,35.26789,2.1371845,4.9995673,1.0904894,0,2.0892467,8.4388292,7.9230128,10.702865,1.8460057,15.028052,4.7055098,0.93568447,0.80457719,0,7.8311108
556,-0.84535848,11.093803,55.173858,95.497762,9.671379,29.999612,10.104497,2.8328748,1.6684718,2.557996,3.3749628,5.1363267,4.4388565,17.492933,15.663625,13.284232,27.63385,18.538773,33.675793,25.20808,25.366289,25.548867,0.61691084,1.8766316,2.5363998,3.7243871,5.5408254,4.3682826,13.082848,0.31445789,9.7963,14.429171,0.48460867,0,2.617256,0,13.193883
557,-0.03781594,14.887933,49.802754,88.748326,12.759856,26.739155,16.38773,3.0640852,2.4262077,5.3042867,3.4621179,6.5928948,15.183825,15.27666,2.633289,15.547881,18.534847,21.14544,22.903699,13.526691,22.306027,43.245462,2.2546164,2.9197664,3.0470865,4.7349968,4.9550675,8.0224777,4.2318778,11.417365,2.3280619,10.021681,3.8755808,3.6506121,2.1267219,2.8785154,10.815701
558,-0.01646552,16.791757,75.964917,106.57071,14.849564,28.786496,26.983378,3.9695459,2.1779513,5.0935796,2.6687895,9.8962543,19.598588,7.8292504,23.11916,20.705158,34.908883,19.074299,19.899804,32.61667,34.911683,42.858236,1.3453891,1.9603415,5.9188371,2.8624239,9.7731172,3.6483196,4.3541444,12.317442,8.418282,12.259908,2.359178,8.4838109,15.590676,1.5051806,9.0053575
559,0.56990344,15.40502,60.195807,74.265981,7.4512347,34.260367,10.969386,2.350467,4.279143,3.2852207,4.601401,7.2460584,7.3036277,15.927356,18.338802,14.482757,29.133701,10.50486,11.930283,22.32311,26.506673,35.146925,0.17062208,2.6591481,1.6154923,2.183236,4.262569,3.7346202,9.8531974,6.8943461,13.316398,14.989008,2.7023656,1.3348444,0,1.7094795,10.651572
560,1.40620144,21.347368,59.504083,120.49154,11.088919,36.127535,9.3999363,2.7125071,3.7806982,9.6499634,4.5216829,9.5495161,5.0574509,12.380602,18.750347,14.239238,36.246015,33.542158,20.490582,31.146169,27.951744,52.472161,2.3314465,2.0306036,3.9925695,0.37769955,6.9472555,8.0124846,10.717858,9.3395398,6.6079935,14.643506,1.1199949,1.9029303,0,7.1040026,3.6294692
561,0.27509622,15.954151,62.10453,145.53539,9.9532061,30.019894,16.905737,1.9123229,4.4636421,5.5251275,3.0485286,7.5358486,10.678917,12.688838,19.330451,15.068628,29.704347,23.093458,36.183572,37.852733,22.431482,87.087877,0.98711532,0.89854771,3.7045588,2.5678194,6.6403572,5.1998612,12.16334,4.4359038,1.4852209,18.584703,4.9087552,3.733741,0.77143986,3.0072078,11.506068
562,-0.41871569,14.015678,64.505771,87.705571,8.5884827,26.969295,13.948285,0,0.18318428,3.0172999,2.4981036,17.024215,8.6772591,5.1622426,17.612276,26.019652,37.4034,21.683936,12.105708,27.515535,16.514172,44.74504,1.0120343,2.1885884,0.72511889,3.5780103,5.081474,3.0082953,7.6360668,3.6447705,15.250599,8.7850489,1.5972044,1.5049812,0,11.636111,6.1451703
563,0.05450614,17.859643,71.089669,117.50903,11.343949,31.595637,32.051711,3.7428637,2.4871532,5.0583189,2.6549213,11.6888,14.303207,22.368046,16.342765,10.386842,34.607375,29.719758,31.665813,28.62153,1.3998749,70.641321,2.3415372,3.8373256,0.97586146,2.6544149,6.058638,7.1427967,11.762802,1.8242498,7.6328066,15.148042,8.5087938,11.241716,6.8165582,1.9640893,14.528589
564,-2.16198493,13.481711,43.637499,67.460994,4.6875202,24.579049,7.8418761,3.2448887,3.5800433,0.44320998,1.0220748,11.137941,12.255619,9.9780774,4.7349177,12.067812,21.411387,17.853588,19.660045,13.68749,22.026607,17.017723,1.5621604,0.88015743,0.5059991,0,3.6873736,7.187376,6.8242885,0,5.635142,14.592123,1.3062241,1.9780586,0.68358581,1.3276614,6.2789305
565,0.10564744,14.547965,54.661648,96.029684,8.0205431,37.331499,19.11265,2.9353455,2.9851274,3.0886234,3.3802954,8.3066112,5.6166241,11.240277,15.480338,20.91204,25.38771,18.318448,28.438776,32.684898,7.4951732,44.802221,2.2602833,1.3548574,1.9799152,1.654191,3.9044985,7.6582719,9.6523015,6.7848233,14.43375,13.180281,0,0,3.4079926,12.454987,14.257245
566,0.49705138,19.483801,55.325406,98.391892,20.051385,43.555893,19.38965,3.7514453,2.957072,4.8150216,4.4415957,12.071249,13.947078,11.997748,4.7788571,17.880056,29.152008,30.283648,14.9688,12.99679,31.980725,46.179591,1.9626837,0.69027365,6.6986473,8.14023,12.512853,8.7718329,12.017419,11.405975,9.3227866,18.576133,2.1467449,6.762422,0.80673309,5.237741,13.266029
567,-0.87021537,18.660591,70.486396,91.266034,9.1278495,37.727806,30.226165,1.6095889,4.0311092,4.9494761,1.8011881,15.330076,11.235702,14.879795,24.710842,17.608296,30.354493,19.604815,18.229,23.810599,20.994701,45.075556,1.0715228,3.3985377,2.6778296,0,5.7356612,6.0219665,10.142448,12.821629,7.1325037,16.343462,7.8635056,2.5300131,9.9209545,2.9470497,19.705907
568,-0.6378334,20.65543,65.896401,94.194919,15.034552,28.098655,27.0067,1.9282185,1.5687747,6.3918775,7.2592365,13.746809,16.448922,11.464493,15.740913,12.937888,35.655975,18.821821,20.649952,33.703837,14.521177,42.702496,1.3775622,2.8681206,6.2184508,1.3869792,10.036205,3.8304758,8.1107011,9.0613734,2.1995111,16.578682,2.6427029,2.3086432,15.500489,0.094399233,18.978324
569,0.69279977,15.849198,75.497528,98.397618,11.431487,54.799372,19.193125,2.5942899,4.1647257,4.0426988,1.884575,9.8690127,21.851171,14.426477,14.341781,15.843708,37.753709,18.043955,20.158846,27.434439,26.344319,46.367358,2.2385649,2.0626045,0.66476516,1.8828691,10.12081,11.86627,15.676584,19.116958,1.2319635,26.998811,8.3339342,1.8836389,0.33229644,5.92438,9.8711431
570,-0.72021881,14.077816,70.663069,72.029873,6.7896372,17.680907,17.001378,2.5834926,2.5410913,3.3100805,3.818731,7.9193402,14.458234,15.1214,15.614959,18.882179,35.227898,26.60966,19.79627,3.3379644,26.629407,18.608967,0.8017105,0.4238534,4.007132,0,4.7174588,3.7572177,4.2438346,4.1442181,2.806016,9.9655104,1.9472059,1.7678465,4.0978575,0.91848473,17.264941
571,1.12823532,22.017345,69.013179,121.22358,12.754277,38.693577,34.843196,3.4555461,2.7039838,7.7338129,3.4371876,14.649783,18.399662,20.507846,2.4253418,21.151669,32.658772,32.693981,28.059496,27.814658,24.652914,52.282159,2.4025795,2.8463457,3.0266255,3.7505111,5.9445148,7.6715186,8.0662702,12.403445,11.182193,14.288924,5.8720123,6.1815921,9.670522,11.782017,15.950162
572,1.31591555,18.58185,74.92238,94.685231,8.649896,38.383352,31.980197,4.2862799,1.7708307,3.870668,3.2229798,13.918955,13.059174,18.196025,17.165431,19.954491,37.18074,30.009243,13.759416,18.004756,26.24131,42.172817,2.2985313,2.4540039,0,2.1967307,5.2297829,6.6129517,6.4350807,14.12904,5.2330753,22.225307,4.7856971,5.49801,5.0315199,5.1664652,27.006836
573,0.14977851,20.281794,61.813886,53.026537,15.924157,48.147781,23.580099,3.1944622,2.0986223,5.8811769,5.6444079,12.823134,12.159654,10.338901,22.521534,17.86842,23.040051,12.359471,12.637152,6.8955221,24.156037,17.224523,3.2956133,1.8231286,6.6251431,2.0340941,8.7558925,13.20765,8.9535548,17.382134,6.3534813,19.504336,4.2486319,3.0110293,8.7222309,7.0028909,10.419116
574,-0.23212618,14.36504,74.991915,108.39213,11.112127,25.142057,22.082917,3.7004561,2.8423154,2.4294192,4.4659976,6.6026832,22.059967,13.465701,22.414043,23.05488,19.704249,18.928323,21.923971,29.829651,29.857912,52.490767,1.8751301,1.8569721,0.83696551,7.0652048,4.41835,6.5148018,6.7295178,7.0124733,3.9466558,9.8933679,3.5189254,2.725845,12.936984,0.66317221,11.244188
575,0.83093667,20.028836,66.011799,115.22581,10.823064,30.067857,16.071467,2.047643,3.2074916,4.4060967,7.0691229,12.897348,14.49838,6.7175844,12.095116,32.323745,28.45796,27.759852,23.885106,24.780069,34.177195,48.899461,1.809216,1.5734419,3.6772129,0.82552449,7.8567363,11.357701,7.181247,6.5798924,5.9166123,8.2676068,2.3900855,1.8222277,0.73941594,8.4289811,10.714849
576,-1.27257388,17.402099,52.460734,89.142038,10.275249,23.39282,11.724734,1.841584,2.1078882,8.09355,3.9217657,9.2127366,9.3959512,12.538936,10.034229,12.437093,30.207348,22.380735,20.074414,27.20775,16.454132,35.326834,2.8809426,0.76559946,1.7312585,4.1263839,5.1198251,7.0861963,7.5622008,3.3718406,4.6958078,8.5873311,3.982977,2.245391,2.4305654,2.7322777,4.4500819
577,0.09563676,30.762222,56.274911,108.12524,15.130688,27.849607,15.08741,5.3813478,3.9051484,4.4310178,6.5752261,25.381191,16.722156,10.521736,12.363654,10.708696,26.977638,20.817261,23.516649,17.547124,39.145123,51.835133,3.1198239,3.1315536,1.2759849,5.7198739,8.4330315,4.1509044,9.5917972,5.7726752,11.675743,6.9844852,4.0058178,2.577255,0.61582081,2.7015425,12.010988
578,0.18379212,12.949956,53.071391,90.421267,12.434835,24.977208,8.7241676,1.4211871,1.421024,4.0036028,0,12.764991,11.925534,13.038065,12.313626,5.9086287,31.007515,20.173936,15.08937,32.950137,14.558731,42.8999,2.3995444,2.2971461,3.4906893,1.9293198,7.6382972,7.5042917,7.8545433,7.2387949,0.12552808,10.469468,4.135866,1.3702214,2.0205924,0,3.909034
579,0.16903962,20.046699,69.334829,122.69071,10.82658,29.009714,26.060095,3.0681204,1.1389825,5.4160754,4.3891777,15.963958,19.842371,14.259469,20.556783,15.235956,23.584695,32.745846,23.519734,34.203057,13.668522,65.361136,3.0014567,1.5585517,1.4631065,4.6621225,4.485561,8.5416066,9.3758228,2.4866729,5.1599816,13.856346,6.4750529,2.0751481,3.7922521,1.6970495,24.565997
580,0.65421249,18.977282,67.752506,133.27983,14.620964,28.797596,21.831903,2.3089932,3.5649759,0,6.912562,15.903573,19.373051,16.471104,10.295302,13.893681,32.91782,29.012011,32.09668,24.507701,42.347268,57.170524,4.0899377,1.8537524,1.8495008,2.9983563,10.16688,6.8288698,6.7027187,4.9281221,8.0431514,13.660208,8.0595397,2.5049102,7.9650081,0,10.885017
581,1.60846447,17.296753,63.186735,114.15898,13.424485,43.583199,24.72724,4.6294802,2.4526619,3.0096293,3.9968296,10.454228,14.183638,8.6793555,20.119606,13.450493,32.478078,27.00483,23.133045,33.504859,22.346344,51.641358,1.9315718,2.4043642,5.2010318,1.7458511,7.961061,7.7401245,7.046001,7.6749592,14.106572,26.565257,3.2120056,1.5033864,7.5319395,13.376717,10.470753
582,-1.53242926,10.369329,55.413005,101.73282,9.4047989,27.92326,7.5198352,1.3862973,1.5909049,2.8639564,2.7522363,6.6105679,8.6786751,18.819698,19.187337,3.1307364,26.444431,18.610288,30.489766,26.698524,20.229327,44.373119,1.2148664,1.8013102,3.3330665,0.43164217,6.9418355,7.0001926,3.6577965,7.0911699,2.5237087,19.659939,1.1537586,0,8.6731732,0,0
583,-1.36477869,20.129202,50.87814,79.403063,7.2916367,32.637617,11.777856,5.2106873,4.8409944,2.334856,7.4404439,7.9693049,8.1656478,13.290617,15.724259,20.082937,12.688313,25.398622,14.495236,25.07174,3.1545345,39.491782,1.4426672,1.8762944,0,2.9688806,4.220188,9.7071007,7.5103202,10.698637,5.043428,10.614917,2.7710202,3.0582706,4.4472225,0,5.8344497
584,0.83979424,24.675113,71.876333,123.08879,15.20844,44.027863,22.18497,5.2772695,3.9117437,5.02293,5.7444308,15.403966,19.749836,20.856432,13.474542,20.177063,22.114737,28.010196,22.906382,30.331063,23.31242,68.417022,2.0985669,1.7371603,6.4038283,1.905489,9.9718654,16.868883,8.6043196,10.284985,4.617493,18.096489,0.65228004,1.2914348,6.3962954,3.39577,23.102338
585,-0.64526816,13.507929,49.107997,72.24398,9.0167136,39.296089,18.256253,2.1228011,1.7052378,2.5455092,3.8381403,9.7931034,11.685566,10.221613,10.948984,9.9538854,25.808637,12.169717,21.09962,10.058823,16.068498,43.290824,1.4372865,0.91362197,3.1180665,0.2403497,7.6663039,9.9634191,10.493885,3.4016123,8.5668558,22.515786,3.3571429,2.1815455,5.9413897,2.4711537,12.534199
586,0.36022233,20.267476,52.655476,73.748898,12.128271,35.285721,10.354271,2.0963939,2.4034843,5.018961,6.103143,14.668997,11.438642,12.75546,11.345283,12.489882,25.308623,11.444725,26.846736,17.807254,15.057454,30.305534,2.1599792,0.66144682,5.1029382,1.973406,7.7234074,6.744235,7.7877801,11.570374,7.3650628,15.687533,2.626757,6.9896835,0,0,3.6699899
587,0.54374139,20.101226,78.611705,112.01654,13.191617,36.791667,32.102018,2.4749409,3.4319733,5.1392157,7.1004388,11.075411,17.715632,15.681364,17.729002,13.186063,46.510849,21.660102,25.14204,36.582205,30.642098,40.447255,2.5281945,1.5962346,3.4355991,1.8479485,9.8648281,8.1922038,8.0847205,6.7231503,7.6103964,21.351697,4.1122544,7.9642437,6.6488218,4.5999329,23.409893
588,0.77448914,24.217741,64.761083,131.12969,12.229862,19.870805,16.614664,2.3721392,3.7996321,8.5630162,8.7812631,11.517301,9.4591333,20.297675,13.040628,14.958107,33.448098,35.105576,19.340542,43.802243,29.573667,51.954578,2.4405093,1.3857726,2.3220382,5.7046573,5.7451305,9.0782058,7.2787768,0.6172865,1.9486986,6.3453085,1.4742548,2.9087625,0.31776673,2.0421553,19.236542
589,1.63587556,17.597119,64.810003,98.898374,14.584775,37.746134,12.678204,4.9805883,0.91200793,3.8342916,1.8587327,13.937678,14.615245,13.287242,31.428591,2.8917802,25.70123,12.351642,11.637302,39.443278,37.477145,40.622595,1.8098031,4.2846316,2.4913577,3.7496904,8.6318076,12.977108,6.240169,8.5350781,6.1873309,17.343458,6.6806228,2.1150089,1.7202975,1.8415511,3.861959
590,-0.81995905,17.139647,63.162588,80.987109,12.667788,35.217568,9.9687886,0.64638083,4.7610467,3.2143229,5.3088012,11.490888,15.594214,14.485276,20.456083,7.4334848,28.366986,23.216391,13.391362,25.895311,22.780881,24.143677,2.2918623,2.0617143,1.8823229,1.4748839,11.062563,6.80643,10.193989,3.8252635,9.2689017,19.679834,2.6824888,2.1140111,2.51542,1.1389092,5.4362026
591,-0.04948162,23.875279,60.684902,115.85688,7.9747302,39.652739,12.203526,4.4893926,3.5004303,2.864217,11.172479,12.496234,13.691663,9.9583892,12.132126,15.703803,34.716024,23.601317,18.682108,32.908569,33.222805,54.705967,1.4201235,2.3564897,0.85594129,0.8993502,5.9988635,8.6987054,8.8471817,19.865769,4.6100142,11.193202,2.093154,3.4943348,0,3.7353051,8.4104623
592,1.17040772,19.376982,59.911779,105.09442,16.594656,40.895091,18.453597,2.8042104,1.8146061,5.5197276,3.0420438,15.673445,18.123606,9.8373372,11.190254,13.755217,29.957007,41.827281,28.728866,10.395589,16.492176,40.615926,3.541392,3.2595248,3.2281667,4.0693697,9.4690737,14.5174,6.6335162,11.186812,4.1679386,18.634878,10.274041,0.56180714,0.12012811,1.0002312,13.203148
593,-1.50493748,13.814478,47.662395,78.402758,5.0686043,34.133165,11.490515,2.4298132,3.3749944,1.7570652,4.0021818,8.2862956,11.929492,11.047491,8.1660364,9.6669002,25.627208,17.745191,17.003529,24.63702,8.4793517,40.908306,0.48270145,0.81621054,0,1.6473969,4.902226,7.2909632,7.2518662,8.6638549,6.1526582,18.633346,0.28374876,1.8426564,2.7329293,2.7396268,10.11144
594,0.95614277,14.828438,64.149991,117.69249,7.6592141,38.419561,16.972235,1.823344,2.8760346,1.3548018,3.4751397,12.758508,10.903768,12.574983,16.845582,11.837538,39.718057,22.859908,22.729752,41.70354,12.93581,64.982649,1.7877356,0.8207045,2.6175655,0.28672336,5.5196922,6.8893006,5.1172465,11.76933,8.5621286,22.937228,5.6680811,3.2073971,4.1505757,2.2866918,7.7274511
595,-0.65346181,13.784477,30.745969,93.548619,6.1400879,15.491509,23.552793,2.9266906,3.8125843,4.6612492,0.94923508,6.6115712,3.5298533,6.3708435,7.7351699,6.9166229,20.386372,24.9225,11.420239,23.124856,19.308562,52.892691,1.5253376,3.2173798,0,1.0101871,2.415644,5.5586486,4.7761284,2.7601262,0,7.5316341,3.1156064,7.1034663,8.306233,3.3019712,11.071008
596,-0.16781685,18.683356,59.022585,80.338313,8.5323226,43.818832,19.944002,0.54983738,4.5755146,3.834528,5.3072775,13.744187,6.0202976,9.565938,16.184322,25.550303,28.418987,19.319889,17.975957,22.452131,22.125752,27.79244,0.59283301,1.1211554,0.85142226,5.0160653,5.3784712,5.9405659,10.066896,8.186676,10.635542,28.798295,1.5145119,7.8913426,10.326547,0,7.5256571
597,0.73823575,20.317084,79.857944,119.41828,12.107646,43.639341,23.036726,6.0535812,4.3175298,3.2539137,6.9940447,7.0421424,10.592235,12.894266,15.092617,26.718544,51.916831,30.555611,19.836282,34.850354,24.73812,55.229973,2.5452072,1.3012089,1.7443498,2.5981434,9.6980289,12.347115,6.911361,10.508755,1.0923206,30.614277,1.6525677,4.0993001,8.1131667,2.8372527,17.490647
598,0.51246035,19.065175,88.22196,103.05704,11.609621,25.110111,12.472502,3.330133,2.959341,2.0453091,9.0073819,10.383615,15.095314,20.185232,25.022002,17.316307,46.813559,17.073476,28.439426,28.39844,28.290569,40.757255,1.4777266,2.4101081,3.7323259,1.801295,7.3731928,9.0909819,6.2331105,0,6.6987038,12.166387,2.4266467,0.83471905,2.6979828,2.9334917,9.6436149
599,-0.63199214,22.117496,82.729728,106.31648,9.9872968,32.732589,13.672558,4.5139944,4.4011197,6.9618795,1.5328271,13.867255,17.07578,16.441048,27.164884,14.092304,40.570127,27.75754,19.512839,24.858354,22.847355,52.545785,3.9508391,1.2217951,1.6089313,2.2444533,4.566145,9.4414455,5.9638824,7.9414523,6.4653894,15.238121,4.6957799,1.6432687,2.8525966,0.43183396,9.5737757
600,1.64666577,28.980481,74.358688,97.497132,11.315224,42.354473,20.951392,3.0897885,2.7073575,11.451974,14.269518,10.220608,17.635302,7.4684055,29.022458,17.976779,31.433102,23.429777,25.149698,22.882311,26.859391,34.470596,0.20202097,0.21241922,3.9261961,6.1392906,6.8717262,8.0824139,7.916447,13.655976,8.4238357,21.576843,2.7736965,2.9178346,7.7723933,3.6635004,13.352363
601,-0.42548204,12.085789,55.037828,84.611061,7.5366264,30.1713,11.306325,0.55488111,1.7951749,1.7789467,4.0704398,10.428635,11.189354,13.283043,15.037118,18.890801,17.190999,16.868556,14.76609,16.608328,32.123333,39.54889,1.7929623,2.1032873,1.0314709,1.4102418,4.2318879,4.4619505,3.4292289,8.3221716,0,29.004294,3.0303563,3.7137522,2.1995726,0.91976952,5.5455896
602,-1.60267663,9.7667084,51.056137,82.504072,3.7691179,26.960058,16.750499,1.7807131,1.5699964,0,4.3442819,6.7988211,9.3719037,8.9798336,5.4615386,23.710817,25.978951,22.232898,16.148713,14.927251,21.852681,39.196961,0.90076543,0.81671936,0,1.6880068,1.9914712,5.529593,6.4919934,6.3663856,1.8184902,18.058019,1.1045616,1.8129779,14.804496,0,5.6606101
603,-2.24762138,9.5738243,42.486138,92.153367,9.0869405,33.390288,0.96946718,1.7994883,3.1641706,2.5513403,0,5.8562394,10.94388,10.814775,9.7275917,11.585115,14.622415,23.356579,19.632216,14.889116,21.318871,49.530972,2.4394549,1.5227213,2.6504928,1.6886725,4.313392,8.0593661,6.7489722,4.1798527,12.483022,15.406681,1.0401321,0,0,0,0
604,0.15788306,17.941613,43.956402,108.15356,8.4971443,40.596074,21.353058,3.9131933,3.1194538,1.8999521,3.0831697,14.155314,14.174677,13.488295,9.1950299,6.4736909,14.658798,18.358797,19.294053,17.660613,36.878852,64.094088,1.0475147,1.1525913,0.66551747,0.97437619,9.3202002,10.092684,0.95577324,11.122648,8.5291568,28.281347,8.9324496,1.3053897,0,7.5234298,12.025101
605,-0.84788399,9.5026767,32.723872,103.86017,13.010208,30.43122,28.047661,2.5134588,3.8620712,2.0786671,0.64432832,3.4788422,9.9061117,9.9308999,0.45579018,10.749095,13.528041,25.272549,21.249915,27.142369,22.590313,47.274756,0.82315702,2.2422283,2.9146261,4.1281805,9.4346908,11.353675,6.6632324,3.5641971,5.1700239,14.286209,3.1149097,4.4921343,8.2310653,3.5410478,22.192142
606,1.51072623,18.261883,52.474396,113.09998,13.24272,48.252502,17.496264,2.3484814,5.6054452,2.5727434,4.0038782,11.790952,7.8360942,14.024872,15.029229,9.2654847,27.881292,26.853182,27.619291,22.285578,41.215541,36.716902,1.4342752,3.1600076,1.1022604,7.9596247,5.5570275,8.1252332,9.3372889,10.106892,13.484619,28.295087,2.8950239,0.87976589,2.2527518,10.509338,9.4293125
607,0.26496809,18.691853,54.945494,110.07251,11.30979,36.266894,29.994917,3.1805782,3.8538055,4.1892128,1.7660113,14.150596,11.697885,13.249244,10.977422,10.097454,31.230441,20.700216,11.314993,28.250054,40.398748,57.642245,2.1502861,1.4568541,0.65577347,6.2319278,6.0438235,11.126924,7.2269188,8.7769358,4.66491,17.765654,3.3230146,4.4740012,4.4551477,5.6828133,27.531663
608,-0.46977039,11.929258,55.777558,82.178347,12.839936,39.332492,13.687091,2.414465,2.872504,4.2660666,1.4250578,5.5589053,9.8010685,8.7129279,16.491687,14.543079,30.106931,15.511948,19.987879,23.471555,13.241105,42.758427,1.8196857,1.7688339,2.1834568,2.517322,10.964386,10.931808,4.0184824,6.5061656,8.0296219,26.864213,2.5602363,2.6283615,0.48748803,0.9372117,13.981291
609,0.86270057,20.393587,72.281303,97.966267,9.3329247,40.472046,21.395971,2.8072229,2.8702843,5.8291069,9.235801,8.578672,19.243965,17.842924,24.742492,2.5755181,33.413468,23.592057,24.687487,41.62219,15.706588,24.629711,4.2986585,0.75310657,1.113873,1.4511381,5.078339,6.9178733,7.2837847,12.434849,11.840255,18.815627,4.1895477,4.5839571,8.6763378,2.340907,9.8782426
610,-0.06679232,16.78124,58.112237,75.633261,7.1886565,39.196457,14.618158,2.0088939,1.0975064,1.7674037,8.579112,12.041466,13.446554,15.492229,2.2069303,21.555414,28.860697,27.943282,11.294509,11.31695,17.068399,35.270904,1.2329017,1.46025,1.1434242,0.27282126,6.5630358,12.945036,7.7807408,5.4205815,6.0659578,21.731943,3.44799,9.9620077,0,0,5.4880331
611,0.12395793,16.855788,63.553896,94.128031,11.694135,33.406196,22.373911,3.2400524,0.79050668,2.7320062,6.89971,11.330201,12.304458,12.485565,13.833829,20.23191,31.001071,25.695663,10.824234,23.525502,25.916076,45.588132,1.3188464,1.1084416,1.3395963,6.7467435,7.0604359,6.3148735,8.6662183,6.1712039,10.846808,14.819295,2.964376,3.3957364,6.092509,10.967303,8.716379
612,-0.90619719,17.678681,44.91125,124.31006,11.234578,27.27641,10.76995,3.1074271,2.1708568,2.7641322,6.827781,11.032908,9.992711,7.4142169,11.526633,13.653424,20.439954,14.522397,22.841589,50.060074,32.761173,56.477962,1.5370931,1.6100895,2.8823353,2.3707872,8.1981656,7.2466964,5.8469561,4.6675496,7.8911999,12.123956,0.67747136,3.1380274,0,4.1758871,8.2081359
613,1.44204742,21.134651,82.623031,111.40156,22.149769,32.430423,14.455485,5.0843319,3.8467492,5.3137509,5.1038716,10.149778,18.156944,18.974441,25.641964,14.16429,36.953147,27.99056,29.402093,19.535367,32.873019,42.337972,4.2968209,7.6141458,3.3980306,5.4069546,9.858983,9.2764152,13.762345,8.4420979,2.119505,8.1990231,2.9702418,1.3432629,6.0502357,2.914998,7.2454967
614,-0.07597553,16.059675,46.66101,101.56091,7.5885077,32.701995,22.819356,3.4036977,3.0120786,1.928303,4.8648341,9.8867914,10.996524,11.465978,11.120607,3.0705468,28.49303,19.493879,14.605738,26.413329,22.547349,62.792963,1.2374322,1.149369,0.64538017,2.0484526,6.3067534,9.8761306,5.6320321,7.5757371,3.7590972,18.459573,1.6323725,2.9294388,0,5.6112352,25.837495
615,0.1937036,7.1574664,72.800449,75.318454,7.281094,29.154928,17.836684,0.65807158,2.0595103,0,0.4867668,7.7718628,24.749253,13.875235,7.854628,16.041612,37.312124,23.630024,19.430887,0.20351412,20.681195,39.994174,3.0255413,0.81513203,0,0.0025690445,6.5279946,9.639352,6.2596246,4.1196861,4.2349637,15.742197,3.8631,2.6086017,1.8223208,5.5957259,12.095094
616,1.70728746,18.395994,83.534273,107.19876,15.62732,62.759981,16.578655,0.51559539,2.0479445,4.4824129,8.5236298,12.449002,8.3446608,17.111541,31.081304,24.888505,37.736521,24.615149,21.339831,37.952507,8.7864743,55.739808,3.1884514,2.3176374,1.6178633,2.3839757,13.620404,17.435438,11.233574,14.671839,21.221256,21.150406,4.6215001,3.4153594,4.3194306,1.941557,8.5917543
617,-0.86943921,14.420946,63.552366,97.690816,15.454214,29.357105,19.69864,1.902592,2.1064381,3.3399626,2.0349367,12.146761,14.593717,10.798141,22.448529,8.1540844,32.482082,16.533285,32.227795,19.965619,22.296125,44.486108,2.1692426,0.42479898,3.7639516,3.3401704,13.829901,9.1154849,7.1472488,3.7388559,6.8123842,13.252079,3.546405,4.3119343,1.44026,6.8522756,12.426566
618,0.5134933,20.341545,76.318048,106.11216,8.564717,35.517971,26.077692,2.9061124,1.7977412,3.8344892,6.5992548,15.301739,19.615984,11.931505,13.337268,20.890557,41.782935,29.662258,21.354948,9.0635235,29.481328,59.003084,2.4684742,0.96767031,1.2078622,1.1129111,6.6193972,10.045862,12.064402,3.279735,4.2054324,18.811519,10.492942,1.35593,5.1723004,5.7556133,12.995287
619,0.37029291,11.772825,62.090255,117.79515,6.7310338,41.61457,10.47535,0.2741191,0.91820673,1.3922494,2.0253645,14.351105,25.450582,10.599991,11.20481,4.5606687,31.31489,12.353186,27.609644,20.434555,31.347852,80.922292,0.51393942,1.4589563,0.47487157,1.0256278,6.917896,10.488514,7.6038149,2.8193029,13.154699,25.274541,2.5756957,0.45813312,2.5822947,3.0823219,6.5310589
620,1.23695365,27.09282,62.389129,97.548495,12.347403,48.25562,19.808648,3.2334553,4.460175,2.7476561,9.1084226,21.039474,6.9794441,14.160965,10.882864,21.178001,37.70638,23.154864,25.082483,15.048602,8.4757493,65.519488,0.89618216,0.7438482,0.79252475,5.0438927,11.941786,6.9966647,14.054657,5.0995744,11.520065,31.931157,7.4682907,1.0877624,0,11.656861,7.3858229
621,-0.99412254,14.760285,48.006988,95.538364,10.759491,23.650332,12.072238,2.3894419,2.2814851,3.2644448,3.7299613,9.9041078,11.243287,13.76131,3.5930459,13.553789,24.861456,14.100027,32.475172,5.6415791,19.880188,65.014206,2.174401,2.9382391,4.2593108,0,5.4397891,7.6600568,5.3228791,4.7975722,0.94525832,13.681994,2.1101482,2.9342913,3.2397039,0,9.1109349
622,1.89066034,31.783588,82.596602,103.54046,17.666515,34.987147,23.710475,3.7180105,5.395066,15.931365,5.2091429,14.730618,10.256897,16.590796,28.792488,20.60657,41.537261,29.173949,23.503348,2.0386017,30.130302,60.483125,1.0303491,1.7909128,6.2317899,4.3274582,13.249146,8.0453295,4.9489789,11.260763,9.9015234,14.670652,3.4972111,2.0380055,2.8984486,3.1446184,24.827869
623,0.90198942,21.172331,72.051605,109.20419,14.249497,43.908315,23.568957,4.7786859,4.9536174,5.5633556,5.0352396,8.901905,17.906954,17.951907,19.595577,14.284667,28.319442,26.567885,21.322089,33.308085,15.289565,54.631457,2.3878533,3.1063232,4.1624257,1.9228123,8.7589226,17.655056,6.9126174,9.0595681,3.6290119,21.680543,5.9290716,5.0692816,9.2285516,0.52998018,11.474004
624,0.79447397,23.276664,47.440222,132.51353,10.213666,43.331101,20.103446,4.0180296,2.297118,7.8162027,1.6335676,18.388165,17.027365,5.5938475,4.5388335,15.204204,23.237175,48.343657,30.085143,41.668666,7.1636588,46.113659,1.7067336,3.2035261,2.3711389,0.47082207,6.7293532,10.097639,5.8506702,11.62723,9.9501123,23.799322,2.1662545,0.39485495,12.132017,4.3658605,10.16062
625,0.42712573,21.373504,77.712327,101.54236,11.846496,26.309256,9.782946,3.2946784,2.0164673,7.9689172,5.6132463,12.045399,12.706431,12.737753,16.054895,13.205719,59.100674,15.240087,41.652494,25.727668,16.173454,39.423052,3.2171654,0.88215027,1.6442431,3.7463585,7.6248855,9.4244869,4.2406122,7.3682506,5.8917006,8.1287581,5.0389442,1.6160226,0.1689566,0,6.2386221
626,-0.56328419,17.981192,62.110085,69.910799,9.4601663,33.825463,14.2831,1.8061266,1.0663533,4.097503,4.3477235,16.255087,13.260077,14.102622,15.346731,14.244122,29.582645,12.019504,20.383178,19.392108,4.3362499,42.008141,1.6671155,1.6388767,1.4372125,0.40518676,8.961309,6.1472766,6.821864,14.040094,5.0983575,14.950547,2.78264,3.341021,2.6131738,0,11.987621
627,-3.2371897,13.075498,53.206181,79.625855,4.8233877,22.030825,7.1878123,2.2066314,2.7853984,2.9063493,2.2079993,8.7820356,14.245046,14.4584,12.503129,9.3450803,21.494236,19.938631,22.537328,22.190542,19.678436,22.26393,0.42028044,1.9530828,0.33285572,0.080558059,4.3735762,5.9041406,5.6611038,0.59727634,8.3564572,10.196898,1.4138463,1.7635695,2.2575372,0,4.696973
628,-1.15331592,14.905319,46.177729,72.619877,8.969992,42.588073,13.905696,1.6342009,3.1955595,2.2480483,6.7276452,7.9715676,10.966674,13.442347,8.5957044,3.3163192,27.835268,22.178991,12.607932,17.073591,7.6460906,40.729301,1.8014695,2.3007339,1.1852297,1.5319283,6.0414031,5.4046986,14.603038,1.8907644,11.221604,28.423188,4.415381,5.2706552,0,3.8219569,5.045281
629,-0.04243331,13.034038,57.828727,88.059361,16.747732,48.79633,8.3779946,2.2271737,1.8093481,0.79033403,4.1729572,10.507178,10.243054,10.306135,12.642195,20.473299,28.834848,24.242548,20.565297,22.885452,13.351527,38.769745,1.6922971,2.6522459,7.8974614,2.7702607,9.0903583,14.569389,9.5771563,6.4755814,9.9194471,27.277858,0.48686335,3.4766894,2.4806637,0.17771336,5.4034087
630,0.6858478,21.157422,61.013601,95.877855,12.523535,39.452026,22.973729,4.1186712,3.2750883,7.2384184,3.2440733,12.181874,8.7119998,15.788999,3.0347117,23.198715,37.942856,19.963648,21.067007,17.223137,26.904412,49.985153,0.32752757,2.672185,0.33921467,5.4869243,10.496784,18.99464,7.6811864,7.473179,1.7817322,14.994953,3.9598103,5.0972724,0.83774801,12.550967,10.593798
631,-0.94987511,9.2394323,57.184632,111.13622,6.0884636,36.812058,13.102147,2.6164685,1.9679552,2.320732,1.7725823,3.9875447,9.6638672,13.895327,8.8782837,21.281647,27.426689,16.079529,35.628928,28.50047,28.08085,46.014524,1.0051871,2.2821998,0.31289734,0.41133664,4.7880062,18.527642,4.7515658,0,6.1260397,19.871774,4.387408,4.0209289,0,1.3106501,8.294671
632,0.50559946,15.125424,61.359854,79.58645,15.075591,49.329755,14.068327,2.9712934,1.5981587,3.9101201,2.6590333,10.956726,15.622514,14.188948,20.156277,16.711331,15.663468,13.343021,29.057413,19.221177,20.011461,26.774827,4.1383368,1.8290044,5.2797285,0.76506727,9.092018,15.103322,8.9283598,10.131569,13.73042,19.393151,0.61482526,3.6682609,3.075413,4.5036179,8.9854542
633,-2.21080758,15.178096,53.77274,79.295746,8.9541569,23.833095,15.111524,1.7313738,3.7631776,1.8903701,5.0342326,9.828984,8.6498174,12.881928,6.4451424,7.5320391,43.127202,24.040385,22.854452,21.931185,4.225858,32.434412,0.60097552,1.5779247,0.71425039,2.1790285,8.7894195,8.8422771,7.2433931,0.85879482,5.6922551,9.0532543,2.6926881,3.4757864,0,3.4210903,12.824152
634,-1.36263836,8.905115,63.620017,95.66804,7.4579897,28.465333,15.03776,2.1699043,3.8352328,0.77797453,1.3079244,3.9567906,16.26257,10.353329,14.408927,17.831046,29.842862,26.370251,27.881962,14.809003,24.034543,36.193425,0.84308971,0.20967679,2.8509518,0.47176811,7.0263949,6.9711783,0.044762748,5.2500656,8.4020078,21.431681,4.4663056,3.4561526,1.8487941,0.6359117,10.731407
635,-0.36344602,16.91851,57.729358,126.49946,10.817783,22.499651,15.661314,4.5397371,2.9693715,4.2087262,4.01812,7.6982902,12.72035,10.194731,11.862325,17.950618,28.7248,20.99972,27.68924,40.047809,25.307134,64.085416,1.1327791,1.0661199,3.8957179,3.8662144,5.9459854,11.954741,6.2772819,1.6779372,2.0107459,6.2605709,3.857355,2.7986691,1.0533487,5.1661402,9.5955686
636,-0.47644481,19.522929,66.492502,111.18158,11.963931,38.868915,18.473465,5.1527334,3.4480488,5.2214407,3.6454367,9.6204636,16.859577,16.293948,9.4448544,20.280406,28.903308,23.099803,18.409148,38.557247,18.192115,57.704254,0.88312385,3.01264,2.4182578,2.6597689,8.7512377,3.5081876,9.9124823,6.8223748,10.876029,25.900349,0.62988118,3.0888481,5.4426505,8.7165415,9.5523616
637,-0.88027719,17.447647,42.159548,119.21424,10.516737,48.365292,13.648355,2.2380082,3.0441592,0.68494346,8.4506509,11.574889,12.548956,9.076623,1.4352868,11.121515,24.914424,31.598273,21.759089,23.410036,34.904662,53.507543,1.6696027,1.1738636,0.51874992,6.1893023,6.074711,13.208602,16.005094,6.0048348,9.5554335,20.648728,1.677872,3.2231242,3.4270881,2.8497414,8.6359628
638,0.58114494,17.359166,86.038152,131.56368,11.355564,38.056079,19.344392,4.6645766,3.718266,5.002924,0,10.696473,15.872728,19.884543,18.500373,26.128459,40.622716,22.011079,28.21674,37.383232,23.934463,75.21858,3.3386317,2.2084882,0.7027005,2.7649992,7.017187,10.080446,11.491404,6.3038924,7.6903268,16.164384,2.8839161,4.0848419,7.5926792,1.0892993,11.922724
639,-0.1038398,16.411417,56.270943,92.830797,14.376738,23.140617,13.609477,2.0551642,3.5964156,4.2451927,3.3220253,10.606308,12.179292,12.004522,13.115277,9.8321699,32.082968,33.528952,22.763112,9.2478135,12.071734,47.688335,1.5282985,2.5247936,3.9387026,4.3246378,8.736867,6.8411654,3.9080512,4.0421264,0.93866712,17.054357,4.1880797,4.9727363,0,0,9.5551165
640,0.34522635,13.207991,59.948495,90.070757,12.925307,32.735611,17.341452,2.2102963,2.8415247,2.0950922,1.8783693,10.309798,8.392624,8.8570265,17.405721,11.385788,41.585258,25.093833,25.600261,8.489518,18.691621,45.845923,1.8559541,1.1204051,0.67189708,7.4562558,8.327684,10.719392,11.999924,5.0249568,6.6374087,8.1438563,3.3268247,3.4746125,4.4265588,0.92035925,12.851705
641,-0.64887371,14.090772,62.228689,110.09614,11.588579,30.301658,13.923061,1.4600939,3.5946565,3.4471911,2.9705767,9.0079546,14.450913,11.346154,10.030183,22.528174,29.176839,27.919273,24.93684,35.298097,20.112013,41.027261,3.4484085,1.6807948,2.6618369,4.8184999,3.1742546,7.3331047,9.7306563,3.5104833,6.1040183,15.108876,2.2039952,2.7755826,1.5232478,3.4756393,10.590975
642,1.51721204,22.671019,61.647618,91.574808,8.5202587,31.229518,16.575896,3.0190509,4.0036827,5.8038018,6.1347312,14.018134,12.838985,14.014598,15.209163,17.841569,25.727791,13.14979,28.338394,25.424693,20.088361,40.540624,0.8049384,0,7.5554119,0.61541399,3.0802209,9.0726568,9.9090281,11.534971,0.15568539,10.280188,1.1560204,1.4826716,12.613635,0.51678568,7.9503673
643,-1.93463089,14.972944,52.100283,92.663053,9.2390885,19.749553,10.209423,1.2197338,2.0561397,2.7964385,5.536086,10.988803,10.396267,8.7511609,5.7750134,22.523021,27.393835,25.081493,21.936851,21.74802,34.514644,21.037781,2.4136295,1.831255,1.8037331,1.9519355,4.9461368,7.0706939,3.1427742,4.258392,0.95582168,11.72934,5.1797974,0.94887792,1.5970699,1.4663062,4.2867561
644,-0.4174591,21.993107,44.878447,108.45062,9.180023,29.263265,18.901295,3.2271585,3.70746,4.9692044,7.0325477,12.999358,10.961001,13.791581,2.5636744,10.602249,24.559356,21.099433,24.171657,27.908789,31.227882,46.883231,2.3439165,1.0673009,1.8435511,1.6188396,6.3537169,11.263231,6.3060547,6.1483872,1.5310702,13.784165,4.9612652,8.8749931,0,3.3695595,8.1155778
645,-0.1783276,19.315033,71.237044,91.90774,9.3216631,27.022723,12.337191,2.185578,3.1420733,4.6144419,4.6212427,14.043142,12.817854,17.128165,12.275151,21.44713,37.282333,19.883438,19.959806,21.445496,19.154669,48.320852,2.1002822,0.52508175,0.53666464,3.4216607,7.3611949,9.3326498,8.539556,1.6669995,4.8803979,11.759753,1.8443031,2.456633,4.0749391,0,9.5581041
646,-0.64561052,13.754559,57.095216,117.94366,11.254965,20.542025,15.65755,2.6897762,2.1276562,2.2567583,4.1225897,8.76731,12.434003,10.555436,10.064732,17.750508,30.074653,27.20555,12.81331,24.747268,55.533165,46.066381,1.3581479,0.82852018,0.057609927,0.26935709,15.51516,7.063539,0,3.5654374,4.1751869,14.726077,0.95304559,0.5600362,5.2612636,6.6767159,10.339617
647,1.1152021,20.752843,63.425489,88.47958,21.337071,56.366763,26.596943,5.4398858,2.7114615,3.1046789,2.7236479,15.979579,8.4638906,22.296085,16.152846,2.3767967,40.131343,24.31265,10.012063,18.444059,20.045185,52.292036,3.5012702,0.71896267,4.3068489,0.31567148,23.997771,6.1685041,8.8246139,13.534665,25.990498,27.539992,6.8823941,3.7083592,5.2824009,9.0268844,12.452882
648,-0.57800259,17.14222,62.844559,84.077878,9.0242232,41.71593,17.462325,3.8403886,1.6577884,4.0839179,3.8719539,11.345086,16.659595,9.7550479,14.371769,15.857749,31.001814,26.78999,11.358734,21.128233,20.836566,34.774549,1.2780634,2.5612261,1.2344159,1.5217618,6.5414225,5.8847346,7.0328093,18.902425,11.32836,15.359343,1.6566935,4.8168221,3.5309954,2.1965551,13.495025
649,-0.44911803,7.7329959,59.947437,97.355396,7.0492086,14.116937,15.545305,0.91868487,3.1277149,0,1.5652566,5.6314306,21.726062,11.480007,10.577229,13.374557,23.225724,14.538048,22.175111,34.920221,17.466297,47.839059,1.6016752,0.97559322,1.080204,2.0108856,4.5590531,4.7781002,6.4955038,0,1.1411974,6.1153804,5.52962,6.2657824,2.9786956,0.84817083,4.2314181
650,0.8986763,24.856643,81.867705,106.18178,11.053984,37.824632,33.212503,2.7741602,4.0239592,7.0214102,5.3414215,17.441165,11.146062,20.494179,15.623661,27.847618,41.829091,20.430726,27.441277,36.213761,10.423997,52.375646,1.7414699,2.7954602,0.70481095,5.0884686,5.5911683,10.697903,10.468302,5.6133536,9.8230931,14.715235,9.0329568,2.822391,5.2402396,16.569694,13.126776
651,0.10054931,15.112567,68.522945,92.23848,16.694603,28.970838,12.727415,1.4799508,2.6079952,5.7388695,6.3162801,5.470805,12.312785,17.037207,13.101801,15.034972,39.751931,34.883103,25.811349,17.61524,2.960165,39.966808,3.3601755,1.534537,6.3715553,4.5826052,7.8290104,5.5994411,9.8629413,10.967549,0,12.789602,2.769526,7.7594183,1.2939277,0,4.8063335
652,0.47946993,20.846699,63.387929,106.02402,10.784473,37.844578,20.906525,2.8398191,2.3479932,5.0819299,9.6361132,10.519666,11.180123,10.179492,8.150551,28.403364,33.714439,23.407054,23.522298,30.665988,21.958894,46.970412,0.189943,2.3637261,5.2848357,1.3552449,6.6196623,6.9162346,12.975109,0,11.569869,22.213235,6.3065053,3.2878566,0,12.032474,7.505247
653,-1.27922657,16.458687,34.312051,77.65237,6.8258751,18.716886,16.28603,3.7718607,2.7311073,5.9406735,2.7540203,7.7060276,8.9617099,9.0232576,0.165355,6.3673459,24.260013,18.162546,14.293771,18.158402,17.1997,41.152593,2.002203,1.405068,1.5404511,0.86054597,3.6562365,4.7021006,6.5564879,4.9764551,2.957083,5.6720463,4.0759195,0.88313249,1.0235537,0,18.762752
654,0.32847406,18.351835,58.258004,127.27744,13.556339,23.276724,13.06867,4.8572616,1.4354271,3.4617642,7.469415,8.8561669,16.824581,10.715363,8.4050613,17.279061,27.513658,30.80848,25.866275,28.132723,42.97324,47.674669,2.5418556,3.948296,0.9426595,3.1164292,8.8616105,5.9881221,8.8414936,1.7529623,1.8544148,13.537768,2.0343323,0.85929532,0,6.69599,10.35331
655,-0.24731384,14.19189,36.144601,115.46091,8.9210963,27.688745,13.334916,1.8835272,5.0507582,3.0392935,3.5169243,6.3637895,5.2147918,14.346875,2.7265533,9.7883289,18.734583,20.578338,32.838088,35.382982,22.229196,48.098206,1.5596917,1.2167065,2.5171903,2.2262397,5.4141472,9.7661349,8.9288573,7.5455399,1.6012424,7.9069872,6.2983046,2.3516057,0,0.13792592,9.3872692
656,0.92947948,22.693008,55.312459,74.161642,11.693944,29.013373,9.7164556,5.8424347,3.4849933,4.1369805,7.7883457,10.575297,11.876108,10.224249,10.007047,17.64943,28.583017,20.413541,12.486865,26.065126,5.8959745,36.968041,3.2112062,1.5225287,2.0467112,3.1154616,6.6765038,9.0922919,4.1599812,8.9764784,6.190684,11.028809,2.5171761,0.74068752,0,1.5498773,9.8335316
657,-0.127423,20.59045,57.53209,90.901069,10.335818,25.716348,19.082389,2.7142081,5.4504475,4.1887496,5.7225609,11.425688,13.616244,15.094535,15.413043,8.4529993,26.270544,22.857589,23.578078,19.166313,17.237497,41.847169,1.0566391,2.4081758,1.38995,3.1978516,7.2559277,6.5943111,9.7574447,4.5784104,0.35989876,13.557378,3.2527369,2.2081904,11.952771,1.596302,7.4949826
658,-0.29225315,14.588566,68.062995,103.92768,9.8755728,43.921532,17.271858,4.271028,3.6274906,1.6009261,1.6626428,9.1593213,15.631262,18.061547,13.802505,20.827565,24.931202,27.437263,22.691762,15.342128,36.97079,40.65107,2.7005726,2.843076,2.027816,0.51716918,5.4760603,12.005897,9.1321847,5.7674291,11.423167,22.883362,3.4663587,4.4333469,2.1369939,2.890304,11.832384
659,0.3522316,15.885462,65.11519,110.39722,9.2764549,35.907992,19.603788,3.259526,3.0489488,3.6345432,3.020366,9.6913817,9.9024598,18.582139,17.650776,8.3561474,37.37253,26.622046,26.353521,16.536853,22.834846,62.092604,1.3738806,0,1.5841408,2.6594489,8.6950451,8.3336578,8.8252262,8.1940702,8.8454034,15.358479,1.1063191,3.1876308,0,9.9585598,15.993297
660,0.36811147,13.540742,60.361432,124.27663,6.8173569,31.752618,22.026952,1.882505,1.9545548,1.4104503,2.5976528,12.691739,13.893567,18.358118,5.7329215,9.5922712,36.916115,33.582515,23.606802,16.847988,36.084024,63.280924,1.4791258,1.3967995,0,0.99001978,6.251847,3.3359559,8.3873805,5.2262952,11.050091,18.061264,3.6730101,3.0791635,5.7017828,6.3480319,13.123174
661,-0.88945659,14.463845,71.346548,96.131302,12.840376,39.2405,19.8423,3.9969828,3.7547927,1.2261763,0.47031782,11.007184,12.906622,15.372544,15.44551,25.070778,31.756984,28.387129,22.954015,20.613726,19.205748,38.855188,1.6152936,3.5259141,2.9006488,2.1121046,8.3692986,5.8260524,8.2518441,15.6105,4.9217206,20.851985,3.7656703,0.87629517,4.0333733,7.6902345,12.962746
662,0.2502914,11.289094,43.212383,109.20753,7.7751174,32.583821,10.575503,2.073819,2.3203359,5.2448827,1.2998639,4.69788,5.9301187,12.454173,2.502445,8.6799658,33.775235,22.477249,28.166198,26.988368,26.492734,46.837548,0.71879565,1.2017848,3.5658052,0.19806971,5.7735795,5.4730852,14.292501,7.6790166,8.9203254,6.9870861,2.4308838,2.0490014,0,0,11.296175
663,-1.02294775,20.024793,77.988216,105.62737,9.4096638,37.15527,23.843853,4.4240698,2.8478699,3.8992718,1.91983,16.057365,14.711015,13.77153,28.154306,23.380703,28.363502,21.757587,19.303474,42.134338,12.885605,50.600251,0.84008981,2.0409473,3.1907581,0.64392197,7.1444302,10.146272,6.8251083,11.89059,5.2177002,16.853893,2.7034006,4.0725541,11.749254,4.1722522,11.179684
664,0.80772099,17.35749,66.579996,109.0857,11.238394,32.13329,18.046321,2.0830985,3.1072692,2.810183,5.537448,12.173478,12.37424,13.89806,18.414768,17.289609,31.580129,27.682812,20.433971,20.948145,29.056748,54.01415,2.3556328,1.8373525,4.5880696,0.90845151,6.0920381,9.6970721,7.6042778,0,8.8939416,18.749843,3.3353006,0.58556808,12.135038,3.4722134,5.5161585
665,-0.09785626,14.804165,67.506226,89.628423,8.2602182,32.973081,14.572593,1.4592237,2.8729202,3.5228721,7.1579037,6.447051,12.355135,13.875208,14.201411,23.357617,31.703179,21.084111,23.078104,19.935348,20.986454,38.021541,1.1448826,1.6980229,2.8459602,0.7633633,5.4968084,7.6293813,11.070121,8.228982,2.3245246,15.597796,2.7072204,4.6223464,1.6894713,3.2172284,8.3822345
666,0.45047359,14.890437,56.271591,119.3465,13.562069,47.354718,15.76518,2.3000727,2.3938189,2.3367467,1.4115414,13.870094,13.309964,11.056467,14.385548,11.03519,28.692978,29.543068,23.63024,30.728054,30.261015,50.354276,1.6023253,3.3560686,2.0904751,6.3654593,6.1034044,13.104525,9.1819864,10.656496,5.9211221,26.929349,2.5563393,8.6917931,0.87898834,0.44000052,9.0470639
667,0.02478578,13.51814,52.712093,102.44738,9.2952332,25.323346,16.582452,2.9110483,2.5589645,2.9763978,2.2315125,8.6265673,5.8820507,9.5904245,17.257119,9.7022545,34.31493,20.255199,22.50958,25.67749,21.303608,54.29564,2.1348282,0.8620775,0.53339296,2.8213625,7.4646593,5.7654102,8.1360375,3.9990136,3.5487879,13.632383,2.1789522,1.024595,1.2608198,10.378623,10.196663
668,-1.28261361,9.0296484,57.283744,97.75384,6.7831095,24.569945,12.499693,1.1856689,1.180769,1.8999579,2.9225744,6.2518493,12.872938,13.531811,8.7573468,18.943504,25.820482,19.268258,20.24469,35.390507,24.320241,35.505102,0.49262014,1.7461274,0.42861483,1.9200556,5.691696,7.001068,7.7528418,5.3172335,0.18716212,13.058534,3.1042585,1.8603899,5.7742227,0,6.5948205
669,0.50668664,16.220908,73.232209,124.04332,14.148389,34.186067,10.645827,2.5677958,2.6136002,3.1073181,4.238119,11.26,15.686424,12.223287,21.756479,20.926278,31.723568,25.548322,22.625645,32.738195,43.763847,48.371896,3.7030938,2.1310463,0.98976459,4.1876009,9.3321128,12.146316,8.1791814,5.6006127,8.020821,11.519417,1.7037608,3.7559139,0,2.5557523,7.3655534
670,1.29682094,16.687419,75.93067,121.18773,17.645144,34.236566,18.63881,2.7022578,2.0009417,3.7233533,7.3352501,8.4570091,9.1535648,19.528165,19.293758,23.452632,36.57956,20.702774,35.841568,30.859001,24.818429,56.164714,2.8039116,4.2513349,3.4736072,5.551245,9.0485255,5.9629299,9.641178,8.7428328,3.7669783,20.114669,0.50679815,7.1576525,2.968429,2.8687207,13.96216
671,1.87048284,16.368276,85.658058,108.98858,10.813252,30.682476,37.10196,2.8724361,3.4658102,2.775267,3.4810953,11.096125,23.647992,8.7824398,40.264973,24.265609,18.104039,43.392512,9.8095001,29.058579,27.799023,35.263549,2.9766398,1.4452354,1.7392272,5.575303,3.2515721,7.6243398,7.40749,7.4852302,2.3102683,17.824108,20.255833,2.3310477,3.4401839,1.2007048,22.206269
672,0.53600169,14.525437,57.510075,104.7246,6.6716662,32.421099,25.096818,1.6891992,2.7215822,6.2257584,3.2926827,6.7625633,9.4179652,15.746056,16.361636,11.549194,27.27277,23.479014,23.710556,20.095769,38.14498,39.52325,2.0229491,0.41646423,0.64053657,0.62255463,6.1492035,6.2559429,11.493444,2.8421052,12.871632,11.175974,0.6955567,3.0757278,15.038901,8.2262459,9.1977145
673,-0.93377579,13.361541,46.142652,74.434475,5.0761338,33.301719,15.679744,3.7627521,3.5368023,2.2873687,2.277075,6.4573835,10.43234,11.473484,4.2199914,10.04319,29.34345,18.618424,22.816933,17.273145,21.247037,19.566055,0.38040401,0.57537006,1.5648214,0.43736173,4.8563521,6.2060409,10.005376,8.7315217,6.6728495,14.392508,4.1346954,0.77930594,0.93179607,11.3683,5.1866914
674,1.69304629,21.953965,69.990452,108.53766,20.98564,41.970688,27.807912,2.4438596,4.0569609,3.1882266,6.3540521,16.672043,17.288488,11.470422,17.255967,17.31312,34.460769,19.594082,24.937352,33.380494,25.933553,47.38883,3.6753496,3.4359276,1.6736565,8.0635118,13.930245,5.6869269,9.1445757,13.335456,10.37108,21.194314,3.4951268,4.006989,7.5370817,13.335466,11.765474
675,-0.94961922,11.691733,53.326177,106.86948,12.520501,27.131519,6.0603319,2.3943296,0.29797478,1.962393,3.959602,8.8616121,14.421994,10.22091,13.850256,7.6080812,27.634462,31.7074,28.100882,26.419993,16.917359,39.862301,3.9971797,0.69926394,0.81998432,4.2119741,8.3086644,5.1360641,9.0346349,5.8407395,3.0206104,14.705257,1.1025361,2.483965,0.67455695,1.1820624,2.9609521
676,-0.86955325,10.527311,48.473095,99.367583,7.0166618,21.073412,10.919815,1.7608683,1.4006732,0,3.9926911,8.7296326,15.242851,6.7986147,12.189862,15.045414,16.678121,22.388124,23.706756,23.081052,21.428316,47.148981,0.96827569,1.6566887,1.6645131,0,6.0535628,3.1631971,6.4436175,5.898337,7.7737813,5.6796439,4.8801988,0.27368719,5.573731,0.22371038,3.2665387
677,-0.87352703,13.15672,50.286781,101.10219,7.6316641,27.319813,9.9893337,1.8496203,1.2397943,3.3947411,1.3430166,12.012525,12.362911,11.680078,9.916747,8.4565386,27.661827,27.09984,24.996082,24.624741,13.503214,47.792803,1.1027113,1.7545652,0,1.3822949,7.2750797,10.329844,6.9786081,3.7373292,0.91127039,14.735781,3.8959829,1.7797681,0,1.8938827,6.2850655
678,-0.62221507,12.986225,54.384722,104.11673,10.462888,39.462732,5.7714197,3.387617,1.7694254,0.82088074,4.8892179,7.8125582,12.855566,7.8026952,16.374985,10.75727,28.600792,23.790036,33.148295,25.333034,18.961409,39.647145,2.149805,1.4414659,4.1096318,2.6098025,4.3528224,7.623036,12.375296,11.053114,8.7396107,14.040307,0.96819797,1.6045385,2.2035665,0,3.3238909
679,0.70985578,18.506994,63.744733,86.361229,10.981955,40.544423,18.193454,2.4266386,2.2590766,4.0984174,5.8871266,12.764822,13.399564,12.131007,4.3753214,24.178365,37.550403,23.905831,19.293872,21.843954,6.4695096,47.22883,1.8704382,1.9098135,1.1785301,4.1950163,6.9179694,12.118088,9.3892935,0,9.9018229,25.49031,4.0944374,3.6386733,0,6.190968,12.493964
680,-0.1520573,17.110091,58.226528,106.65549,10.884718,41.958973,19.564726,3.7719209,2.7093911,6.8907222,4.4076668,5.7951511,16.74456,17.500406,5.0357135,8.9420922,31.614062,27.198461,26.814143,30.482528,21.70253,37.953091,2.1954627,1.5910524,2.2631213,0.69362063,9.2509423,13.607686,9.1432844,9.4611051,12.368699,11.319416,5.9985707,1.073488,0.10024593,6.9188216,14.498177
681,-1.83918247,9.9296725,60.991355,98.697203,10.595086,24.52355,11.326922,1.0630265,2.6701378,0.36315748,2.2308961,8.5804186,12.562827,16.624967,9.8716018,14.087591,32.286091,26.574129,17.407562,17.415043,27.734187,48.324002,0.86407258,1.569789,2.6339892,4.5839945,6.0632146,5.8791751,5.3112512,3.0814986,6.9564332,13.404246,2.0619048,0.5279251,2.8568457,3.7481779,7.5955122
682,0.51202798,9.9742584,55.806118,105.06069,9.5459495,38.711017,29.391672,1.7487902,1.1416951,3.7471398,0.4823564,7.4359966,12.816236,12.964583,14.155498,11.214215,26.08612,10.636928,26.120527,25.577121,45.543648,41.769505,1.0284538,2.1643802,2.2089191,0.18586145,8.6509389,8.7534239,8.3612353,6.0700764,9.6844067,21.828224,1.1911647,3.3903208,5.0910808,17.985348,16.809499
683,-0.20887367,20.50433,70.508066,105.93373,14.563898,51.560761,14.53347,3.0467897,4.1192431,2.7686725,2.4651119,18.060944,10.772713,14.967204,21.990968,11.698884,41.034192,32.698517,17.97076,28.104615,10.469264,56.073488,0.9541284,2.1243518,4.5020787,1.4075022,13.08367,7.9565482,16.98133,15.263612,4.2021817,27.344065,2.9147059,2.9934812,3.2193922,1.0075813,10.835294
684,-0.50942349,13.583036,53.916813,112.93991,8.5186011,34.730465,16.763276,2.3303846,2.3506,1.6193352,2.2649829,11.611027,10.878482,10.905998,16.680376,8.2857766,28.943984,27.990924,16.314917,21.38636,31.091137,63.027102,1.3307312,1.1984684,3.0190974,1.2131726,5.6232788,9.4807737,6.8878088,7.4656953,3.0941017,21.638451,4.718704,1.5114322,1.0997211,3.5557583,13.66324
685,0.61121276,16.241944,58.892933,116.40057,13.827857,26.657779,11.431633,3.4238867,1.8847991,9.0737306,0.64298028,7.5093721,17.730577,12.368688,17.861887,11.106683,19.880042,20.609423,25.734838,40.764911,21.527219,53.663665,4.644065,0.79145342,4.7577148,2.5344813,6.3118745,7.650805,6.2862688,5.6401328,4.7979239,12.065341,2.0517928,1.3612371,0,2.421482,11.671263
686,0.64602964,18.035338,67.508449,110.71602,4.808494,34.81034,14.146779,1.9819023,4.0038109,3.6809078,3.4022634,13.52035,10.307658,13.396639,18.871812,14.001805,40.226508,22.357457,27.572945,16.180686,39.407646,49.515759,1.5115856,0.52941061,0.43727834,0,4.5753594,5.2576607,4.5722936,14.268941,7.1465907,18.604197,3.1220463,1.1342369,7.1798658,1.4985584,6.9458308
687,1.19721336,16.227247,67.112534,117.60307,22.35338,36.010794,24.968881,2.4503914,1.3806641,1.4617891,4.5468149,14.910088,11.596838,14.405992,13.590116,19.844212,36.188405,37.736782,11.663523,20.013374,41.506642,52.169797,4.2325169,4.6905632,6.9738065,4.2965284,11.172881,10.34115,10.933067,5.0378708,4.4022745,18.345189,7.9690396,7.4531401,3.0135432,4.0580301,11.12884
688,0.38861781,21.970415,68.963163,91.07693,14.994529,30.341693,25.052072,1.5625542,3.3710806,6.3269087,8.5239449,12.681688,13.922882,10.977194,11.262361,23.441704,39.374651,18.774522,12.431119,20.997527,25.026785,53.232739,0.12841773,3.8444048,1.6665481,8.135881,8.7162595,8.4085294,5.1355469,8.8869455,4.3099342,15.205872,1.0319058,0.76868059,24.158493,1.1674485,8.2969847
689,-0.22319527,15.723942,79.740721,92.826987,8.4986774,25.13499,28.232153,2.1833244,3.1447073,4.6319773,4.290898,8.302991,13.784239,17.914965,22.094181,26.540742,31.034319,23.914387,22.120211,16.151985,22.595623,43.2781,1.8108169,1.3028623,1.693318,3.0976118,4.239025,6.4755041,7.687024,1.17904,2.0390694,18.057643,10.591832,2.6113448,0.30582696,8.0998009,18.209136
690,-0.41386577,15.306501,67.140192,114.96683,12.623027,26.905186,24.727604,2.2083285,2.435162,3.2799014,2.5475209,12.204916,13.185929,18.109226,16.402807,13.794531,31.769317,24.367732,30.526998,46.320789,22.457223,30.551925,4.8409964,1.6880326,0.67948066,4.1489703,6.0088306,5.4902138,4.3791931,9.3226776,1.3992297,17.757233,2.4621766,3.1116576,7.8233121,9.5295994,13.335712
691,-0.46649123,14.235817,68.693113,127.38906,12.553047,43.759619,13.05436,2.5847986,2.308569,4.6334378,4.2712551,6.3437266,19.609055,18.768633,17.34114,9.4589109,27.032071,34.193105,29.076184,32.431983,33.258271,43.502842,3.2479272,3.689381,1.0122895,2.13427,7.4252528,7.1866365,9.8123854,15.29547,10.892399,17.879459,3.5191911,3.7608007,1.7001738,4.2590244,4.5040259
692,-0.23300935,18.533575,48.996068,100.24846,8.9667795,28.491143,16.036111,4.4030824,4.7620326,1.5288856,1.2441863,14.602799,12.585643,8.8692463,14.031182,7.6447774,24.820451,25.307093,26.719761,29.087589,8.5146514,46.732834,1.292021,1.8649799,1.94959,1.3008853,6.7510169,4.9311615,5.3315324,0.6578066,7.2700407,24.287655,2.4564147,2.2316625,2.4021075,3.2269729,13.71587
693,-1.26804691,9.6926906,62.01085,77.952828,8.792174,28.397279,6.690091,0.63115591,1.7185947,3.7280552,0.83411817,7.5382883,11.721694,12.136679,19.554733,10.043069,34.028451,20.283477,22.638866,23.181446,17.014461,20.482235,2.1055676,0.65000384,0,2.3095022,8.1815954,9.0314871,7.8256822,5.939988,4.8177395,10.274456,1.6909049,2.0841684,0,2.1050158,3.494912
694,0.53211071,17.55624,60.934111,109.75643,8.0278395,44.729713,13.779828,3.6519905,1.2449549,9.1808104,0.89638147,9.859734,10.527908,12.00088,15.957256,15.179215,33.036819,28.93679,32.310282,29.853184,10.928484,45.602185,1.4442681,1.7083384,1.758088,1.1041525,5.6004614,12.865944,14.859744,8.1076364,6.38418,17.549667,2.0276278,0.95794152,0.61219324,5.2970574,12.285749
695,1.12192059,20.751891,61.934355,114.3873,13.308639,32.864172,14.786783,3.8272974,2.2608644,4.6212215,8.0548416,11.275519,10.997617,12.436283,11.085703,17.113227,37.328926,25.681883,20.541875,34.810231,21.502717,57.064596,1.5472165,0.91480409,6.5189962,3.0033369,7.4019651,10.78575,7.1441142,6.4242465,6.2891141,13.784825,1.0704109,4.4805856,0,1.2097763,15.837121
696,1.82397087,19.382999,63.56787,106.71429,13.75245,38.112548,26.156404,2.4588398,1.3877236,7.4452531,3.6452072,13.735103,10.404001,15.061142,14.224714,16.775994,33.778496,20.241212,26.83328,8.3775231,36.346651,60.333512,2.4197177,1.3960846,3.4063028,3.3357329,9.6378338,7.539842,11.105961,6.0181003,5.2714158,23.875352,3.3576484,3.2444198,15.33704,2.9882846,12.056354
697,0.44238743,18.624651,79.881244,110.93724,8.6347228,31.059996,32.069319,2.2596083,3.8697708,1.8152849,10.578732,8.5712952,16.928013,23.13468,25.785958,23.272645,18.00289,25.797951,22.397925,27.377978,32.23671,45.725342,1.5635823,1.2280881,1.4058386,3.4695812,4.9086052,12.662061,8.8698416,2.1003021,8.9906389,7.6688616,9.6047932,7.8952582,2.0028216,6.7110469,18.262991
698,-0.50534263,11.198328,65.165547,93.372984,6.7423292,34.068752,10.048958,2.6234663,1.4746668,4.5231173,0.84274014,6.2863746,12.458264,17.018214,26.76759,14.652505,17.128943,18.38379,31.755356,17.007578,15.890205,45.805777,0.72053723,1.9460246,0,2.8811864,4.4237181,8.1677837,8.9821975,11.911842,8.3699746,8.0665429,2.5322948,5.1262539,2.4276049,0,2.8529717
699,0.00341244,20.699955,74.533801,110.08485,7.802197,30.538335,24.067164,4.6120385,3.1827207,2.9730027,6.0140432,13.010069,19.803245,12.532259,21.16007,10.256627,39.711926,28.694779,30.899618,18.464518,20.009885,52.647074,1.1936336,0.91565768,1.081146,2.0613544,6.5052522,7.4835518,5.7599598,3.2332281,11.108345,15.599067,4.9298902,3.8342548,2.5525592,6.8381981,16.943661
700,0.32479017,17.971883,35.38042,82.110542,14.858231,30.49864,23.49061,4.7413499,2.8894846,1.2683248,4.0598577,12.923595,9.6096251,2.359195,5.3146041,17.813135,15.134279,25.513789,23.170645,22.904636,14.297463,21.932248,2.7041336,1.5251883,0.44738894,7.3731004,10.073633,5.3733228,11.154511,8.6153278,1.7514044,14.996613,6.3134384,3.678609,2.1817586,12.332909,8.3134182
701,-1.54779015,10.391603,51.396837,78.106896,7.1809123,32.303201,14.605196,1.1969122,1.4577071,3.3964826,1.3021876,8.0903677,16.230592,11.536471,6.7640407,10.039745,25.834668,24.799873,20.884175,3.1654077,11.609782,47.279679,1.001605,2.5571491,0.017419886,0.59011506,6.4296164,7.2045539,9.690379,0.78042345,7.7327806,20.363907,2.1621869,1.2486741,2.4690949,7.2211744,8.5767389
702,-0.61406853,15.376711,50.769417,103.47801,9.235453,23.131922,13.717761,5.1511818,3.96835,2.1250496,0.69269112,9.0577753,10.791278,12.404536,12.877962,10.093117,24.386288,25.030381,19.463277,30.774539,29.439419,37.287086,2.8530365,2.5416889,1.1330022,1.13391,5.0068587,5.3210831,5.6071696,1.5262236,8.9182993,11.26255,1.8324888,2.8704711,3.8832042,2.6375539,8.6711335
703,-0.83501355,13.064945,59.462754,81.83271,10.428184,32.096058,21.145213,3.085501,2.1541944,0.72890696,4.6578649,8.2556057,11.200022,19.362778,12.78458,16.089833,22.090481,21.333463,23.926726,18.50603,24.129606,21.491,1.4168363,3.7253553,0.71087775,3.997221,4.9489339,8.3986822,9.4924343,6.4478269,8.1224098,10.857425,8.3768047,1.5329773,0,9.8938283,9.5327842
704,-0.4814789,12.349762,44.400388,105.83859,11.04784,41.522878,13.680128,2.3692184,2.5536951,0.84308949,3.5573865,8.6997306,6.1497381,6.4336969,7.6549025,11.220668,34.596185,22.366675,18.516002,22.922548,26.711081,59.734511,2.0205865,1.0537586,1.6900257,4.4903948,7.0240592,10.601114,9.8760545,6.3424982,13.849359,16.543766,5.0819379,2.7855037,0.12769907,5.918762,4.5888394
705,0.56121839,16.168566,65.958548,100.66349,16.231812,44.236828,23.301311,2.2159939,5.4557735,1.9032597,3.0700839,10.548228,15.055267,22.372636,4.9413024,17.728058,30.805063,21.383309,20.534333,19.251942,32.386205,47.920928,1.8528884,2.4326003,2.9556821,5.7441378,11.143604,14.059491,10.590533,4.382956,8.2244777,23.452507,6.6459225,5.7907892,1.9222982,5.8030273,12.139966
706,0.78640692,13.494186,61.310217,76.97265,5.405525,24.547816,16.573493,2.7944962,3.3650636,3.6181775,1.5634596,7.5785657,8.4051835,18.296034,12.612582,21.968935,24.755959,9.5324997,10.353261,7.6783942,32.312138,55.36735,1.1154921,0.83040628,0,0.72114231,5.5069285,10.330181,2.9045064,0,8.8251379,11.521703,3.2973836,3.5523927,2.413588,2.2610842,12.511681
707,1.21687188,19.084611,72.688502,95.229705,13.745216,44.838354,20.534347,2.2015104,3.6264382,5.5461575,6.9135823,9.207736,16.197813,4.1310232,22.983646,28.773634,31.045073,22.003596,23.882816,25.22003,28.936592,29.393682,0.64370388,2.8195387,5.3208289,3.4401641,7.9015235,10.67728,5.3375903,16.947633,10.108244,19.306055,2.9673186,3.9341892,3.9099894,3.6677973,15.754883
708,-1.24821129,6.6674505,48.289349,100.38953,9.3067059,23.510071,8.4004486,0.86654861,2.2382331,0,1.8910431,4.7730037,11.111852,10.370971,2.8738008,17.493493,26.804799,17.579332,21.368795,21.251278,36.285218,45.398554,1.0311661,1.3724157,2.7499442,0.97631657,7.7901184,10.509244,4.9561201,4.1798524,0.34143448,10.922066,3.1552031,3.32055,0.31853029,0,4.3346052
709,-0.48276819,15.625334,56.772712,116.51619,11.978813,25.054169,14.901249,2.415229,4.3915196,3.3772929,2.6920062,9.3833273,15.02746,17.758461,12.356006,3.7366599,28.134686,27.095489,32.583145,17.336954,44.269558,37.935176,1.6409329,2.7977327,2.623171,5.1258785,4.8639464,6.7213267,9.8674496,4.9505508,0,11.931993,7.8274684,1.732593,4.3030507,0.70348468,4.4053
710,0.71364505,15.826588,74.298533,88.987097,12.728379,37.676451,21.809858,4.1625547,3.9945858,1.6322841,2.125609,10.354646,15.303425,15.818136,17.843038,17.959835,37.315431,23.162861,18.943639,15.280677,28.020874,37.435685,1.5797309,2.6423933,2.9182497,0,11.813039,9.928677,10.18524,9.9508084,7.4568548,13.280259,1.3616224,2.6923285,5.1731105,1.4478856,23.096257
711,0.20034676,13.229582,56.175306,107.99205,15.30592,34.18351,19.3171,3.5464637,1.5825538,4.1473581,1.2521121,8.136755,10.283847,9.9939185,15.516119,20.350768,22.935774,28.628032,31.209214,22.859065,24.018946,38.759334,2.4339428,3.0404846,2.7196282,3.089974,11.073484,9.2713213,4.7056601,6.8533177,16.466884,9.8854487,4.0344361,3.4608931,6.7465682,0.26384935,12.928165
712,1.46883669,21.22378,79.444719,133.10895,13.583744,40.189076,23.469698,4.5189905,3.7791549,5.4930851,4.4601649,11.783036,24.906945,12.513121,10.798913,21.992506,39.879448,27.91945,29.125078,31.130657,45.846263,50.547021,3.0724635,3.4749136,2.271553,1.7901649,8.5554375,5.3013855,13.04262,11.080107,5.545454,21.537,4.6522366,9.4487306,3.4591865,6.3691302,7.8581253
713,0.09535642,16.103908,57.894504,106.86589,4.9802055,27.285476,13.936024,2.493084,0.9268257,4.7495714,3.7642836,12.021196,14.837907,7.1190506,28.697153,4.8298993,23.560161,24.952415,22.069872,26.243021,18.638448,57.278813,0,0.59521103,1.4858125,0.75097018,5.0109942,7.9466057,6.4874365,6.0517085,0.5777121,16.592423,1.6917067,1.6236688,0,8.9200302,8.8108375
714,-0.28930605,21.496188,65.913365,131.42069,9.299272,23.605379,11.087318,2.5116323,2.1088712,6.8461764,10.399669,9.4038003,12.964622,10.015988,13.68376,28.284063,28.600521,26.522192,22.619473,43.920625,29.810486,60.948587,1.2100648,1.326235,4.7446343,2.5783335,3.2282177,6.8162589,6.105529,4.9383406,6.4006381,7.4996672,2.3112324,1.0311194,2.1874941,0.58205717,10.476575
715,0.6894809,15.121219,84.989082,120.68161,13.357863,46.928722,33.829572,1.7064619,1.6622403,0.42327422,7.436989,11.876672,12.981804,21.399758,30.458199,17.399397,36.036975,23.518658,25.304307,28.747232,38.396082,53.12853,1.3969044,3.5934052,6.2038072,1.3930978,6.1544712,5.6194956,14.625687,21.899185,0.51312496,22.29058,2.837175,15.939822,12.113647,0.72898237,14.605867
716,-0.08374915,14.254825,62.806767,84.020938,13.827592,37.923649,24.800266,1.904881,1.0823797,3.2315138,7.2783678,7.5628561,22.144401,14.910305,12.06804,4.4866085,30.676141,21.651242,20.194371,6.5562437,25.402411,43.52654,1.2033816,2.1457125,2.4841468,6.7603833,7.9480433,10.513345,6.4808467,13.279818,7.5189613,13.739607,14.17767,0,7.2182568,3.3103045,7.0173932
717,0.86276787,10.186242,56.621902,90.201925,8.7172372,34.486832,23.61604,2.5879184,1.3424858,3.5763443,2.1576023,4.5260125,11.332975,12.406358,22.429848,2.9486866,29.465256,18.644575,10.460081,17.348438,24.590184,59.797181,1.7130964,0.95144416,2.8484832,0.63617417,6.5656565,3.6607312,3.2238424,5.7078152,9.0030228,31.137322,8.4830095,2.7164327,3.5821753,3.1234645,15.021441
718,0.61519464,12.771509,59.587276,99.689631,12.138278,28.804324,10.292465,1.5974615,3.6576011,1.5528167,3.4735784,8.281048,13.069322,13.284393,14.58358,11.264031,31.054517,28.956913,23.370048,16.631469,29.425264,36.953213,1.8290431,1.3838589,3.2545943,3.7229175,7.605944,9.5685124,5.1172279,6.4600333,4.0924378,14.087836,2.5347419,2.240033,0,3.2727698,6.7358056
719,-0.38610483,13.262977,53.844895,91.359496,11.273917,25.417732,16.122611,2.0009577,2.6238979,1.8513033,1.7148665,11.528323,10.276691,12.294299,9.1227105,23.037398,20.776774,24.096552,19.080644,24.301393,20.892492,36.455682,1.7189505,3.6560428,2.0381733,3.1711132,5.2633995,6.5378042,3.3522754,4.3091109,6.6500688,15.439849,2.7440812,5.9443303,3.6058365,0,10.264882
720,-0.61980891,13.654161,58.167386,99.238781,17.641122,37.500921,20.800312,3.1164347,3.3947015,1.9433629,4.3910769,6.2350542,12.782372,15.643486,13.025706,13.50503,25.225956,19.688523,17.671783,29.142551,22.467903,50.899133,3.1227723,1.8899509,4.4816295,8.4848538,7.3081385,3.6790147,11.121025,12.310047,9.0133498,16.809443,3.0966875,9.1416836,8.0265569,0,7.5651155
721,0.59527242,18.419161,65.481664,108.26088,9.512905,32.568436,11.082712,2.9209531,5.6986694,0.55092228,3.6791328,13.926503,13.497435,15.532318,10.177374,24.177954,28.272577,32.05376,24.062658,5.7814032,26.275438,62.781121,2.4354188,2.5745105,0,1.7409593,6.8072664,7.1435491,8.788379,3.2632667,15.438958,10.426528,4.0302315,0.78798254,1.6734326,1.9344871,7.2317136
722,-0.96333772,18.610575,47.697146,100.33248,6.3681101,30.85861,14.609781,1.6483714,3.3026475,9.6910266,0.81031613,11.366226,11.907111,18.460603,3.0298416,3.2994188,28.876995,21.556925,18.136504,35.498398,15.818715,48.626006,0.81933942,1.2103603,1.400779,0.80296496,5.2580493,7.9215799,8.8933432,6.288378,5.0776145,13.966012,3.0324381,1.5840652,5.4380673,0.058153114,11.040019
723,0.91046395,17.021688,82.736624,105.72894,12.411473,30.76169,26.504871,4.0145828,2.6934038,4.0462954,3.3354325,10.057896,21.360221,17.629613,10.947987,27.41431,37.590411,22.474978,21.624053,24.368225,34.066955,44.948718,0.8282523,4.7953066,2.566192,5.2762737,3.9506019,9.8952623,4.9136481,7.6126676,7.5273191,11.88176,4.7400387,4.3178569,5.6172594,14.56379,8.1911259
724,-0.40075674,12.944188,58.625188,100.38839,6.5815843,48.722516,7.8797629,2.4238752,4.7830915,2.6218839,0.65603307,7.5031537,11.548002,13.767889,10.357917,11.860097,35.778169,25.288487,26.183038,8.0387326,21.954437,59.121286,0.6849376,3.0771006,0.37240101,1.4627221,3.7577825,9.8465367,9.6569506,18.075394,5.1890497,25.220589,0.013490982,2.2277983,0,4.7332933,5.0521489
725,-0.14126048,17.01881,47.496473,85.746699,11.478788,36.509873,23.045103,1.4442899,2.9408023,1.6087674,6.3545947,13.432911,10.769509,13.328122,13.682313,3.2586228,24.220929,21.765013,18.386622,24.58901,20.650073,31.5012,1.4426498,2.4466553,2.4989473,2.9118227,7.4593775,8.414833,8.2793633,12.422831,3.8369417,17.321693,4.9708377,2.3077851,0,14.804904,11.504513
726,1.04997835,15.79968,71.695986,101.16091,10.670484,29.90867,16.442785,2.2790885,2.8576456,4.2194963,5.1463884,8.2435432,20.917749,17.101594,6.3298721,13.937179,41.211907,31.585488,26.656857,21.915708,24.094688,30.020424,3.5086724,2.9775034,0,1.4116217,6.8740154,6.8714159,10.493795,10.472063,3.2985894,8.4622637,3.5593856,6.7344232,0.31643192,4.6572296,7.3492481
727,-0.35657507,12.397917,62.799582,96.322423,6.7408445,34.760288,9.4589431,3.8862085,3.7234047,1.858404,1.5751396,5.6917426,16.02386,8.4031959,24.797811,2.0020018,36.264842,22.725566,27.339012,17.988971,18.481844,46.039844,1.5447435,1.2429261,1.1730738,1.0795636,4.6769071,12.231429,3.9370322,8.3251256,4.6174448,18.718906,1.3719171,1.9547181,1.9519368,0,8.819635
728,0.14494637,16.238657,79.428136,104.7363,11.032923,33.27736,14.864127,1.9983709,2.3796715,4.1460019,5.2190952,10.113293,14.968643,9.882265,18.667385,20.511322,50.995193,27.786434,12.894221,20.114987,38.579361,47.458671,2.2596564,0.50437254,4.3371253,3.1536944,5.5692129,5.4492489,8.2179561,4.3235484,8.8427921,21.160788,2.6320634,1.3663018,3.0467854,5.5969147,9.2044779
729,0.39638014,24.049751,62.367722,89.028702,12.223277,27.791132,20.372485,3.964262,6.0729146,1.2909324,7.2349372,16.388305,8.6584285,16.946226,19.825454,13.473103,28.512449,22.405792,21.382711,6.6694189,30.468194,43.337402,1.1136123,0.66636177,2.2982371,3.6186409,11.204309,5.3452734,4.855854,7.0840787,5.8471406,16.643734,3.7666339,2.9473882,0.01765743,4.7518907,19.280858
730,-0.66289132,16.083912,78.089582,98.871245,9.0007954,32.181288,13.196789,1.5662959,2.6851792,4.2546901,3.2337723,12.190246,13.412994,15.176855,29.33557,20.689233,30.136935,27.370708,30.955598,12.764478,23.07771,39.362794,2.2112068,1.1855395,0.22746732,0.40785335,9.4785587,5.4616819,3.9841581,0,21.417247,16.515757,1.0740444,4.5472369,0,3.4098496,10.607542
731,-0.66496506,12.858206,68.963715,86.806668,7.1175136,22.932356,11.462676,1.9234294,4.0711243,2.0983433,3.8443531,6.2322947,11.451524,18.067009,16.226383,21.144438,29.639398,14.707347,25.684552,8.8382437,34.539395,38.366741,0.98639908,1.4120918,2.3182623,1.0922866,4.5054432,7.2621454,7.4851762,4.6578098,1.7169084,9.3611214,3.7493552,3.0094146,3.2204931,0,5.3292555
732,-0.43243116,13.441848,63.439435,82.769714,10.508717,30.435577,13.431159,1.3848081,1.2823973,0.84066937,5.8204961,11.358032,12.506991,13.966709,19.176849,16.368386,26.025487,15.855652,19.035141,18.09562,35.969584,25.84143,0.5807743,1.7630987,1.3357779,6.338757,5.754982,5.3344075,5.8745456,3.053968,3.3021223,27.622585,6.4720634,1.6357795,0,4.5751594,5.2116008
733,2.1426249,22.173091,85.16453,93.062178,16.37773,33.346181,14.494313,2.0345922,6.1151731,6.2878363,7.468051,9.6536338,16.579135,19.338078,20.673132,17.430578,45.815239,22.697651,23.209527,17.52039,8.0293958,58.665621,0.80154903,3.7497055,4.5719683,4.0498387,11.064411,5.7378434,11.471371,3.8347295,0,26.750261,1.4551571,3.5808493,8.4046063,0.11696351,6.7308994
734,-0.97270497,15.780139,49.917154,105.51323,8.293034,20.949914,13.536982,2.7708636,2.9341344,4.2902812,1.9657137,10.802911,11.351418,12.784025,12.839362,11.683276,19.791533,21.449291,17.835285,18.37959,36.255124,56.595587,1.0806625,2.5400102,0.38023301,0.64203051,7.7008902,5.1610387,6.9456467,3.285713,0,13.700423,1.7880303,1.918715,0,2.1013895,15.175824
735,0.12872614,13.002725,59.017584,114.788,13.449953,28.207887,20.240271,1.7551326,3.5374308,0,4.1705509,9.7581437,7.8653768,14.36486,0,28.304867,35.966534,37.582703,25.381394,16.289158,29.705317,46.243143,3.1476552,2.7152193,2.4565255,3.3472793,7.3017473,9.5972861,7.6436631,3.7408728,3.2708043,13.812026,1.3573228,4.7817787,1.5487823,0,23.596521
736,-0.2149536,17.755216,45.253855,106.04807,12.191504,21.136034,17.519796,3.0152653,4.4747154,1.6797374,6.9823195,9.2554749,5.5337196,11.633248,12.63454,8.2396563,26.788462,25.591235,28.260098,10.059501,28.904345,54.993175,2.0071691,2.1793982,2.6645436,4.2543858,6.4417087,9.8924615,3.7377718,1.5740364,0.92050802,12.205725,6.4024539,4.9694388,0,5.137336,7.0317157
737,0.99776143,20.165328,60.518566,115.5518,10.565682,33.834272,11.788783,2.1912882,3.6744338,8.1309602,6.4110575,8.3064488,11.574226,13.107267,14.222629,15.259011,31.215473,24.050602,24.061588,30.78812,31.950149,50.001902,1.0023034,1.3626851,0.75807571,2.4249186,10.861262,6.2591533,9.0874492,7.5660286,4.3906352,20.523342,2.6380036,2.275665,6.5333974,0,4.5246749
738,0.14952676,16.64726,66.535969,80.84518,8.8228348,37.764932,20.521031,1.6921274,2.731749,2.8698522,3.503082,14.31837,15.948143,10.156526,21.195736,12.400264,33.123318,26.003804,12.741902,5.2689017,17.466419,52.274637,1.570451,1.8595607,0.62069256,2.0661134,6.8867678,3.9378994,11.575278,8.222725,10.464291,19.715814,2.9431876,0.73794433,6.2293721,3.0759728,18.017515
739,0.23294808,20.370269,55.420184,96.390615,10.957745,32.710171,14.190327,5.9652569,2.2618248,3.987471,5.0593983,11.409958,13.782358,12.466023,13.876267,13.92275,21.926208,20.310396,25.672007,21.266148,20.542108,45.883542,2.4740781,0.4258189,1.0247815,6.2501801,5.90327,6.5012258,8.4410969,0,6.5785321,26.16847,3.6721323,6.4741078,0,2.6676141,6.2825362
740,0.82062524,14.857648,73.719925,118.88755,16.477631,38.130718,24.873857,0.93309645,2.7484882,1.3874401,8.3035524,8.9391746,16.299946,12.713876,14.922846,25.74396,34.074666,29.474235,29.518327,30.471452,37.277746,33.862118,5.1953393,1.2701321,7.2088133,2.2466684,6.5072555,15.699345,9.0233455,3.0693521,10.146714,12.216015,2.2390939,5.3068132,15.391489,1.9465177,9.8426769
741,-0.93021704,11.417479,47.043845,89.089284,6.6350362,27.001819,6.0617049,3.8417988,1.9540316,1.9287781,1.3047297,6.8030615,12.120462,13.519873,2.3707436,8.2848341,29.624305,19.872941,25.287565,17.174394,20.22629,40.226412,1.0207173,2.0000676,1.4387697,0.81690541,4.2190716,5.7039035,8.636238,2.407771,4.1239185,17.224631,1.8004045,4.0001321,0,0,1.8222969
742,-0.59368611,12.490763,47.970082,107.37257,7.8791341,23.431278,16.551036,2.2734955,1.2654039,2.5316793,1.9821271,10.546898,11.002776,16.124728,9.5873646,1.2459917,28.118702,23.576678,21.163765,39.672846,22.997355,39.835476,1.1288907,1.5086565,0.20936397,3.0823465,5.8540549,8.9681302,5.179994,2.2597473,5.306764,9.7492394,1.4210575,1.7023598,3.595233,9.2315825,8.7389015
743,-1.80910315,11.522149,35.191154,71.82964,6.2471143,23.620722,26.448978,0.72504684,1.3807722,2.5807912,4.3820217,8.4319887,8.9253962,10.411644,5.3805757,5.3497638,18.447297,19.951358,18.598282,14.448259,9.0560072,36.190156,1.8272423,0.49966469,1.0058195,0.33298452,5.4866929,2.9255245,8.3210942,4.8512969,4.9225317,12.351726,1.0438258,2.1836598,2.8166529,21.036062,13.187293
744,-0.32506678,16.202555,54.07981,99.511049,11.577479,23.869532,24.162285,2.6805661,2.9833075,2.4476633,3.857353,11.785953,10.811634,11.963989,11.91058,13.526205,27.95388,29.859319,18.221678,22.379491,19.504822,46.369635,3.17757,0.88639235,3.0760048,2.8650372,6.4152281,10.433789,7.7768942,5.3854978,0.46309218,5.9282523,3.6676599,3.706945,9.1200799,0.51953878,18.107951
745,-0.20044616,14.714074,56.427223,86.96224,11.176558,41.922544,30.021818,2.7657386,1.684808,1.5740958,4.2348141,11.62855,11.423212,14.962621,6.6617532,13.681619,33.16738,21.92156,22.660992,25.178603,12.240458,35.985571,1.2354599,5.3194848,1.3907509,2.2341924,5.3830823,12.230359,15.565711,8.9592817,1.7966279,16.870316,2.2009607,3.4907431,1.7573832,10.926553,28.239979
746,-0.22451032,13.04566,53.137926,104.11833,8.8838205,27.673474,19.835471,2.7698246,0.96001253,2.9979754,4.1623277,8.1066754,14.160402,9.3457166,16.538251,3.8143646,29.834821,23.769287,21.177126,39.333864,20.227144,37.525713,1.5614416,2.197946,2.2293726,2.2280543,4.3272594,10.472853,4.7976119,0,6.9079246,16.092347,3.9616274,2.9913349,11.514887,0,8.876206
747,-0.49425607,10.017275,47.380384,94.22938,8.8687334,23.762508,18.252144,2.7310949,2.1742407,0.36020322,0.26923713,8.9994654,14.704546,11.055041,7.2625715,11.265097,20.108644,13.296327,29.586502,31.689267,10.336619,46.116349,1.5712832,1.8938886,0.29526869,1.509362,7.9473885,6.7491464,5.7647957,5.8267809,2.9940122,11.098308,0.90381662,4.2725548,1.9391004,5.2450118,15.368884
748,-0.56761402,14.376543,68.148473,86.174851,7.4106715,39.766313,20.886033,2.5138332,3.6777183,2.3364141,1.7207257,10.509984,17.248821,14.649302,11.045023,17.724686,34.265475,13.912894,27.529783,24.064955,16.216735,37.365952,1.190665,1.0036388,2.6474413,0.47298917,5.5357324,17.137507,13.37858,2.9607184,1.3921933,16.5421,4.088175,5.9107204,1.8410905,1.1720133,17.198435
749,0.37498274,17.82142,37.886394,91.751699,12.470482,36.416938,13.455947,2.1249198,2.7067546,6.4337911,3.390638,11.313638,4.1678875,8.0624003,15.748874,4.8702986,21.338862,21.948623,21.836852,25.675181,29.748351,24.980819,2.0504102,2.9598513,4.226536,1.8129824,6.5232784,12.563006,8.3956757,9.0003706,4.9592011,13.50256,0.4517716,3.0789339,0.94610915,2.4095488,14.052896
750,-0.27436528,17.149033,57.352083,113.40736,8.8901428,35.835333,19.750948,3.6233888,1.6837528,6.256506,2.1126578,10.905767,8.7236982,14.016065,17.844495,7.8216991,32.847506,27.035393,19.863143,37.792762,28.124177,43.061047,2.2764664,0.82249063,3.1986628,0.97624379,5.3316518,9.4189312,6.6680075,8.5980105,3.8623694,21.635783,4.1730238,3.265886,1.6470205,9.1224993,10.195759
751,-0.42772804,21.613716,59.20521,99.969949,7.5590102,22.301064,12.34707,1.3916653,2.2800243,2.1555549,13.25736,13.814197,13.787536,11.990408,16.437884,12.103666,27.826239,25.215472,21.967656,22.844087,26.294188,41.006006,0,0,2.4609805,3.6604875,5.6509965,8.5517098,4.1735907,0.27363636,9.2641994,7.9440828,1.776559,0.94151008,5.357196,0,10.252679
752,-0.15681621,18.908679,76.346602,86.127897,7.4190729,45.547818,18.019178,4.6803482,5.1562666,5.020549,2.7322374,8.196165,16.357825,13.130087,17.286098,16.563347,45.171054,27.483795,10.795843,27.414054,14.479786,37.179553,1.1858715,2.4605024,2.3536808,0.89574714,3.3890164,9.0439407,9.3567087,12.21382,17.369474,15.236367,2.4788231,5.1032344,1.2017723,7.8168661,9.3672577
753,-1.27499923,11.94095,58.539065,79.224306,6.6053972,26.841405,6.6989429,3.6026669,0.82571234,1.1647063,1.6801013,10.193186,14.019329,9.9661686,6.5321474,26.336184,25.667741,25.149882,11.909083,11.717734,20.115539,40.9792,1.243561,1.9115821,0,0.19734891,6.4424587,10.146494,7.6165987,3.3498209,6.5811902,7.3852456,2.4967769,1.1460211,0,1.1519215,4.6770176
754,-0.33606867,11.730191,53.843645,108.09274,12.323275,29.089207,17.751216,3.3176372,2.123667,2.0519389,2.7682207,6.1261721,13.092131,8.7442667,12.658941,11.44293,29.883329,25.441594,25.291452,27.362528,30.188187,39.709157,2.8102759,1.0529731,3.6359301,4.6586142,5.3114369,5.3421494,9.5183052,3.6874418,10.866259,10.931395,4.1188772,1.5779463,0,10.43754,9.8382081
755,-0.99370838,14.676327,52.027528,84.857337,8.648683,35.777383,10.291619,2.2795134,2.6375702,3.6785824,2.3633187,10.44552,10.223348,16.983807,1.722611,11.251952,33.679642,29.050641,23.974064,2.3997802,17.448765,42.09729,1.5171367,1.2214684,2.2271775,1.628405,6.0466599,6.8957322,6.8137348,5.8963036,12.583471,18.928837,2.93647,1.6787451,0,0.56508824,9.9868603
756,-1.83566329,7.7912877,40.38976,47.810794,7.7207655,17.999103,4.7776184,1.4453925,1.3335089,0.45080621,1.1753333,7.3054105,11.25779,11.511383,5.8315799,8.6248938,17.802046,20.8937,0,11.562755,0.68211512,33.131687,2.0315824,1.2391995,1.178648,0.75007513,5.9384191,5.1456421,6.3266762,0.22504178,3.887317,9.0959031,1.5222997,2.5503707,0,0,2.1748953
757,-0.05452491,16.134076,75.006222,107.08858,12.870859,39.818079,11.742013,2.4797351,3.5297151,3.3554719,3.5826222,10.385864,12.119518,20.479622,13.597349,25.891396,33.418821,20.042716,26.454552,36.946553,33.644896,28.973263,2.2079668,2.2599663,3.5412409,5.2743008,4.9201802,5.8483892,4.8331198,13.232531,15.087659,18.199364,2.0697871,2.0272108,2.3805182,1.2769474,9.5449072
758,1.36795271,14.814582,72.062329,93.368086,7.14953,47.419167,29.545951,5.0320638,1.9659417,1.5416129,6.5388448,5.2909943,14.972458,18.433554,9.235595,24.205178,34.175409,33.549873,24.466999,13.47474,19.185985,32.891136,1.7263931,1.3648897,1.3435743,0.56872011,5.2702865,19.550528,7.8571517,7.5481996,5.082542,23.585671,2.131121,10.308,2.4625274,2.2895958,26.746346
759,-0.72466369,8.3058895,71.07582,81.405709,8.9843053,27.955033,14.439345,1.9150217,1.4387332,0.70650678,1.9556238,6.0943706,14.265388,17.32832,9.8949484,23.115613,35.564965,17.992832,6.6249961,26.078368,18.390339,47.293015,1.5356201,1.1803935,2.4796227,1.16524,6.8463456,10.061442,3.9711185,2.6028795,5.5413697,16.702348,2.6594944,0.98560504,0.36747908,8.3746609,9.2279155
760,1.45301192,20.576057,43.880425,70.81456,12.954189,42.856791,29.335867,0.53856719,4.3199882,4.290103,6.3591795,15.579535,14.334546,13.094083,2.1092354,15.416951,13.707613,28.20412,10.394572,9.0142144,24.986846,21.974717,3.5939619,1.7073797,5.3938289,2.2853995,4.6777037,6.6693232,10.532755,7.0416356,15.071381,21.830711,3.0066474,1.4668986,14.820568,9.5398384,13.807483
761,-0.76564963,12.70325,47.263568,103.97307,11.14887,24.687227,10.726394,0.98917136,0.58776902,2.0543473,6.410678,9.5214006,12.389344,16.158984,1.9768233,16.45741,17.197923,22.183162,21.112206,29.968832,26.716862,44.356179,2.2047788,3.2242444,2.6253468,2.7851591,4.5884306,9.8041164,5.1092681,5.1454775,0.25885441,12.693782,1.8974201,0.44457346,5.6629744,4.1141549,2.9090995
762,1.76195361,26.000434,48.778833,124.46695,10.08521,51.095274,13.648935,2.6119996,5.3924743,4.0359632,5.5727493,21.199783,11.425798,7.3688083,6.5382546,6.5653553,39.007265,19.68111,31.885905,20.01182,35.229193,70.851416,1.4012079,2.9822295,0.47162443,1.8386213,8.156515,15.360494,7.6564575,7.1167436,15.843972,25.186922,3.5103889,1.5601473,0.62042274,4.1671586,10.135736
763,0.6172175,22.507276,61.571629,105.45496,6.0116898,31.799208,14.056873,0.89513862,3.4639359,3.5549382,4.0096945,23.051432,11.606467,14.557029,11.920038,20.760112,27.6375,22.425644,21.98663,25.546706,27.739741,49.662094,0.85519384,1.0291164,0,3.3974727,3.697907,6.286513,7.6648035,12.781912,3.8827892,13.051874,2.8810749,2.3448786,4.7799783,2.8974418,6.91577
764,0.0170354,17.905523,61.547696,103.88237,7.5124429,33.00839,14.181466,4.9978311,1.2830028,2.7927997,3.6610949,13.199507,15.009333,13.677308,24.17187,11.365007,18.617071,26.199835,23.502545,37.781258,12.012022,41.178611,2.3768967,0.75222348,0,2.377991,5.3788651,8.6997964,6.0081693,12.701597,5.6085634,11.796036,2.3575876,0.29055583,6.1304707,2.4894999,9.603267
765,-0.10119779,23.744592,49.498344,96.766315,9.0020218,23.26997,26.707341,1.6433593,2.2712072,3.9364814,10.481616,17.916846,10.892644,15.976282,14.019955,9.156142,16.663622,11.267511,15.504186,27.680992,41.482717,43.556222,1.4692278,1.7931239,2.4050558,0.79232363,6.6305935,3.81083,8.0832951,0,10.283677,10.765346,5.1693778,5.1570061,6.0848477,12.316435,8.6085199
766,1.42420539,24.478718,82.95567,103.6038,13.404671,41.432818,21.20272,2.3852629,2.7651243,6.5325447,13.391499,10.777646,13.248199,18.958833,19.812082,16.271046,50.233572,16.454583,26.925589,21.609593,34.250997,46.633485,2.6209478,2.4862524,0,5.5894942,8.9405931,9.844584,9.8832551,12.775555,7.9144469,16.146774,3.7631475,4.14922,3.1216953,11.008777,8.0954192
767,0.98944704,19.226756,57.161888,98.010435,13.691372,24.859909,14.80995,5.1390425,3.2046637,3.5337048,5.1672847,9.8959465,12.476791,6.4808303,22.264545,10.436274,28.730846,26.517342,13.390693,15.017262,32.679927,50.368084,1.4101371,2.1834887,2.5659666,2.3958309,12.125921,9.5335581,8.4170423,3.5948591,2.2189529,8.5054034,1.9161623,4.4767662,0,2.9506324,12.625957
768,-0.90586502,13.455722,75.578062,97.433332,6.8450092,29.880232,12.456511,2.610354,2.0137316,1.8146031,2.7179901,10.67507,18.086387,10.430364,27.220138,6.3231202,43.943843,28.434263,25.430773,25.14995,24.166702,26.250496,0.85633027,0,0.67022627,0,9.4892643,7.2808125,8.7396371,4.178673,3.5986282,17.83924,4.1322622,4.0770023,0.27918412,2.6849817,5.6807208
769,0.94639862,10.754497,59.135021,97.491184,15.197497,49.045722,28.373728,1.2202687,0.13308388,5.4413306,0.36442109,9.0155741,11.855429,12.466571,21.579816,15.812315,19.471213,25.098209,32.014436,19.15289,26.420138,27.349334,2.284948,4.2882953,3.4934786,3.59786,7.8286199,22.801893,7.3221248,9.8723561,4.6207481,19.571395,4.8260054,3.699066,13.950722,1.7373796,16.004048
770,-0.1338725,19.830706,54.204668,117.7888,8.7983825,39.328937,7.4831463,1.7710006,3.6811818,8.5464677,3.7215648,10.883942,9.5895632,9.6077515,14.712013,18.433738,24.389792,24.599259,31.572233,21.493602,30.259617,55.928255,2.2851008,1.4811419,0.52095667,2.0092713,6.4402725,8.0283689,11.128354,11.980054,4.0781512,18.988142,5.229734,2.1532831,0,0,1.4224417
771,1.94778654,25.121518,72.850705,122.21988,15.417248,21.980633,21.53069,4.4145327,2.422768,4.9272103,9.5481406,15.472941,15.871122,11.442746,13.359305,13.153465,51.135583,24.267737,24.033491,18.002174,51.801689,54.812568,2.1545633,3.6370845,2.3926664,4.3425753,9.8702524,6.0064813,7.0972203,3.0954556,6.144797,7.2243714,2.3430748,5.3561227,0,4.0970753,20.775886
772,-0.20687634,16.984856,49.732249,101.69803,11.251395,29.285752,10.5287,2.5522861,2.9761755,5.2232433,5.7071308,7.7670579,7.1117135,9.7560701,15.003718,15.232868,23.724184,18.435789,24.547077,24.818125,29.151707,45.311542,0,0.58464124,6.3321912,4.4980731,5.3459419,6.9976364,2.8160809,5.2568888,10.822492,16.1619,1.4121145,2.2882816,1.118578,3.0117551,7.7976153
773,-0.72928946,14.873707,51.3707,81.488691,10.679807,29.972282,16.122604,1.6634719,4.7831397,3.2448127,1.1378335,10.650705,15.383785,13.706429,7.2681765,3.9223766,30.294153,27.659801,21.601812,2.2322053,22.284433,36.707043,2.1406926,1.5769274,0.84275624,4.647764,6.362318,12.401361,13.084031,0,0.43767456,12.533613,1.085909,4.4145379,3.5764905,6.9670329,7.2866554
774,-0.83782663,17.630431,65.460391,101.82129,7.0145706,25.533778,8.7635729,1.3417968,5.119064,4.4990147,2.1044082,12.701048,12.703956,13.282166,14.250463,18.128703,34.316706,23.95071,22.176566,26.083386,16.584705,52.656676,2.4982553,0.53541977,0.76725631,0.89108919,5.3541738,4.7651379,6.7183352,7.6229512,1.0575581,15.801382,2.4575935,1.6805147,0,2.7366088,5.6568458
775,-2.62914589,10.424714,52.689037,78.629828,7.861508,28.563592,4.2464895,2.3775695,2.844645,2.6483559,1.12967,5.4674951,7.9161979,10.795938,8.7165301,27.409832,20.255453,22.216616,13.632204,18.88732,15.465256,38.379647,1.1061165,0.70739755,2.7181869,2.7252127,4.2375525,3.6884117,6.9743705,13.550136,5.2165743,10.173035,1.0715728,0.81675436,0,1.589914,2.6668298
776,0.55914718,10.884223,60.708443,72.424349,10.08434,23.362051,19.491107,1.005216,4.7076052,0,2.0479561,8.0460415,12.13714,15.465198,13.272912,14.516593,29.357734,10.634372,12.212207,21.074612,27.358461,32.037079,1.1991538,2.9546098,2.5552945,2.6063979,5.036023,8.156729,10.506283,1.3647481,3.4167243,6.5830198,2.2591978,4.9064633,1.0212229,12.951892,6.9584308
777,-0.55737287,17.241113,51.930508,93.03207,10.318698,39.426537,19.705311,2.575497,2.340357,6.2649471,5.2546206,8.2584969,15.071852,9.2221329,12.844426,16.126215,17.367267,22.22082,20.907908,20.68385,23.049035,41.802329,2.3112893,1.9404589,3.2992759,2.2825436,4.5360544,11.652393,13.459384,4.8285371,11.761528,10.528726,3.8424981,4.7953034,0,7.0120029,12.831169
778,-0.57201936,17.36603,69.178313,87.837347,6.8560812,33.10657,8.8485251,5.0247845,4.0071614,1.5109202,6.0202482,7.3764175,16.320426,21.957545,16.848016,11.369143,27.030371,22.289483,21.651995,21.327957,18.34863,36.298788,2.4715216,1.1320855,0.36692557,1.8507919,3.7155692,11.380466,10.685906,7.4270381,1.6159082,12.253895,5.3408508,1.0020373,0.42604315,1.3921715,3.1659878
779,0.44430031,12.619651,71.312124,98.660635,13.692953,42.141204,17.608091,1.2483605,1.8764393,2.5871857,3.2004373,10.086643,16.261294,18.424659,19.551791,19.160239,23.586099,24.899527,28.559426,0.77753303,36.414895,46.375617,1.7374551,4.6635599,0.93283504,5.2737997,6.9497744,13.340235,3.2244234,14.129475,4.2952907,23.560834,1.6301467,2.532054,0.077126836,7.2805787,15.637388
780,0.15432478,12.37648,66.014235,71.529052,7.694305,30.225694,8.5446173,2.191853,3.5653016,1.5949801,2.6767477,7.6443631,15.089018,11.328024,13.354068,16.220777,37.508961,15.656807,11.823128,19.434468,15.527621,38.467166,1.5346988,0.21258577,1.71941,2.5857941,5.3848446,8.2617902,6.2696655,1.9595452,4.5661398,22.055265,0.81348345,2.5696064,4.918961,0,3.5100299
781,-0.07958107,15.867973,70.848052,99.175409,6.5013282,25.894053,13.445077,1.7675958,2.5108523,5.3185127,5.8416342,7.4944034,19.599683,10.569576,18.402001,19.285892,29.890229,11.707239,20.519624,28.402158,26.953148,55.267648,1.5221051,0.89293769,0.42773233,1.1846749,5.6168074,6.3969331,10.217768,4.7952944,4.7698845,8.2847591,4.0065608,0,4.2836062,8.9980522,0.9839791
782,0.12833537,23.950089,68.9311,91.144059,10.03826,39.803813,10.582502,3.1486734,2.4073976,4.4417536,11.967445,13.402139,10.271369,17.068192,18.872538,15.245652,36.136382,19.800109,20.605173,17.376657,25.369818,44.393882,1.9495265,1.3763104,0.99371022,1.640317,9.0384844,7.770786,5.1320502,6.6907369,22.93768,14.142161,3.6217176,1.4387642,0,2.425405,7.6610424
783,0.92408616,18.780443,78.355155,104.14391,12.470397,22.961949,19.618665,0.97270374,5.7063066,4.3138498,0.66840168,16.24787,14.402105,20.784994,18.674509,16.282721,39.461987,28.430114,23.379854,18.906611,22.098517,50.674456,3.964009,1.1806786,2.7400021,2.9165122,6.6398606,6.3093437,6.8674495,6.4771018,3.4916754,7.4670605,8.3206323,4.3269703,0,2.1552976,11.816908
784,-0.33083817,14.074593,56.033123,99.988459,13.613298,28.845604,12.550947,3.6438694,2.3759073,3.4717026,2.6151146,7.6208862,15.907705,10.444602,15.152175,13.493153,21.338831,21.472647,21.201816,27.681441,21.257798,47.583258,1.2004495,3.2669085,2.2220362,3.125943,10.413734,8.2060091,4.1008482,10.534791,1.6797184,15.322438,4.0802832,1.1861048,1.3496178,4.0175771,7.1544104
785,0.75549163,24.398628,70.891772,128.10508,14.223567,44.286138,31.136627,3.0346551,4.0772336,6.610342,4.0148967,18.181674,14.561434,10.817828,23.605236,11.206614,40.075495,40.330045,22.617135,30.436438,22.839762,58.31019,1.9324217,1.2839292,1.0720818,6.1879685,11.096856,12.476367,7.2991875,11.02557,7.2624511,23.399073,8.6541319,3.1861147,11.666428,1.7417152,18.239763
786,2.40294928,24.255711,60.110225,126.27411,16.347087,39.533118,27.733214,2.369952,4.7695519,0.62158024,15.777715,12.351491,9.5056023,8.4302001,9.9685358,27.082523,32.454746,28.237437,31.321952,31.314011,33.960447,48.456202,3.0190805,1.9531027,0,9.9956031,9.1169048,7.6386542,11.414274,8.027319,16.915396,10.094435,3.4944955,4.0484862,4.2947388,12.34295,16.764259
787,0.37674242,16.128363,75.103723,104.48472,13.554411,37.076335,22.780045,2.022769,3.343892,5.6458733,3.8507193,8.1817707,10.805547,18.044483,15.132584,24.271495,38.967882,27.13873,23.070608,19.258849,27.53881,47.184267,0.83332863,3.0833751,0.48990002,6.646079,9.3809429,7.3302665,8.6250103,11.451308,5.9034097,18.409286,3.3752228,2.9641116,5.1274403,10.988332,10.552642
788,-0.58144773,17.20246,63.59932,102.26059,9.3088565,33.838245,11.996277,3.6248801,2.3287081,4.8354916,2.9997443,10.876836,13.496812,12.472848,18.243549,12.239256,32.63642,18.524296,20.051774,32.324181,17.422545,56.16801,2.3611699,2.9020348,1.0523882,0.633232,6.0618017,5.2881629,7.1934898,5.8893537,12.10906,18.180893,1.2156211,2.0357485,0.78796531,7.7456981,6.061209
789,0.38408938,15.757936,77.816858,96.610468,11.911625,35.814289,21.447651,3.0954653,3.0620841,3.7535521,1.7075117,11.036904,7.3678026,12.306377,22.238289,26.978427,45.102541,17.687004,20.44546,25.405995,32.355412,39.308084,0.74587848,1.017042,2.6442236,4.961368,8.8232847,8.1033721,7.2780104,16.067564,0.71621956,16.962745,2.9972728,1.8981513,3.7662913,6.1181876,17.554742
790,0.1972585,14.380705,58.326155,79.924334,8.369107,33.63684,22.588642,4.1730773,2.4651356,3.762708,3.6288081,5.6791381,23.170812,5.0533871,17.00383,10.160823,22.772759,18.357319,18.904936,16.048079,21.51705,36.022997,1.6191541,2.011541,2.0700376,1.9275104,4.1626978,14.740777,6.3287231,9.6604805,3.8536084,8.6286738,3.3817156,4.9792643,14.259153,0.076403691,8.1455826
791,0.02829664,16.161006,44.608378,99.674431,11.887924,37.122962,9.7571515,1.1924601,2.8033499,3.9874191,3.4327184,12.856499,13.085959,14.649388,12.755959,4.6722498,13.394512,23.686878,22.110806,43.036162,15.794111,29.127389,1.4760039,1.3441075,4.9925941,1.7363702,7.8377185,10.479613,7.4412849,11.262954,5.0011023,16.437736,2.2819337,3.7013491,0,0.38587652,7.4390738
792,-1.23551218,12.427014,50.785614,104.22727,9.4434356,23.528592,16.555909,4.7236794,2.7140128,1.1747524,3.4927189,4.5391344,12.732419,13.009595,11.995141,12.820234,18.55613,29.993196,26.400635,17.107363,22.980608,45.373823,1.8501021,2.9808777,2.3141309,0.47688419,5.5755723,9.1515694,3.347428,4.4127491,4.4274456,10.485132,3.4932731,3.1060635,6.3246113,0.21072488,10.188235
793,-0.12568056,16.76097,74.241894,92.428467,7.8360048,32.062922,7.9149671,2.7093045,1.8998099,5.2563201,2.0683942,12.6898,25.327491,12.759895,24.097095,5.2549301,32.108027,19.270432,24.365844,32.04675,12.900852,37.669864,1.6159929,0.9330327,1.1758751,1.9209077,5.9109556,8.6969055,4.3520508,4.7173876,3.9463848,24.413713,3.7803281,2.7368582,1.4116185,0,1.8768593
794,-0.95935469,19.494002,72.897833,82.501659,8.4419823,24.841956,19.290687,3.7071231,3.3482185,2.8252768,5.6545819,12.747106,9.9831953,17.990523,13.713789,13.728613,50.194653,19.1648,19.344833,2.0927363,31.246768,45.119497,1.8980057,1.7624546,0.9274322,2.3059475,5.2076381,8.9766316,6.2410445,1.1172309,6.9627408,10.21378,3.8804555,3.0618158,3.7947936,1.6213608,15.872186
795,0.16033228,14.973343,61.639534,111.05722,12.929523,37.248006,37.355131,3.2560936,2.4391671,3.3721905,5.0978318,7.0097392,11.484245,9.6537627,20.572703,11.023037,34.889617,20.847621,15.029534,20.96831,44.831865,58.029067,1.3950376,2.6364501,3.6399775,4.7965302,6.1825724,10.887549,6.6734515,7.7066298,6.8124466,19.522161,2.2965169,4.6426311,10.199391,12.723707,26.289142
796,0.71611593,14.932436,70.106094,92.512709,11.766491,33.946709,16.519701,2.3254609,2.8073174,3.3975132,3.3541287,9.8111953,19.21276,13.985727,19.85264,3.3577044,40.463239,25.250033,13.805072,23.499009,29.578211,35.288745,1.9079902,2.2030445,1.276441,4.3019633,7.5336197,8.004168,8.432879,5.7184132,7.7346475,17.457309,2.6302751,4.0687323,4.6738484,2.6777114,9.4409729
797,0.7017172,15.506105,43.289577,111.52096,11.18737,35.129079,8.9950217,3.9322368,1.4199549,3.0617441,4.1866225,9.6918287,10.717227,15.313081,6.5695809,11.862789,13.667892,28.329614,17.324848,27.859772,26.572889,55.602651,2.4542088,1.3889284,0.78302924,2.0842934,9.9405482,9.5110941,10.043196,5.329948,7.3120354,15.783121,2.8259662,0.80361391,0,2.1222737,7.4192673
798,1.37106573,25.367003,42.026581,118.54978,12.764728,42.260835,11.961291,2.6235246,3.9982585,8.8632828,2.5284907,19.41943,13.018,12.892449,2.2015414,13.834257,14.580664,27.200033,27.653329,30.118308,30.132515,47.946515,1.1996072,2.8660145,3.1443026,4.158673,7.225292,10.789246,7.0897815,5.5185061,14.492004,21.732065,2.4797055,2.5589436,5.0858173,0,6.5104272
799,-0.63404087,16.1594,67.035036,114.89909,8.5180652,26.630332,24.100382,3.0249545,4.5630872,4.8960278,1.5078939,8.5066002,14.207401,10.824813,20.830436,20.549199,27.100368,18.941444,24.216001,38.103124,5.3246866,77.380076,1.4028527,0.82913751,5.1108544,0,4.7535367,9.0022287,7.8278132,3.4007753,4.3036135,11.085984,1.3860934,3.5228066,16.274933,1.2751061,12.028281
800,0.24866806,19.366171,56.923154,107.15841,13.649303,46.180679,23.741522,2.092934,2.3791697,4.2994965,4.9233094,15.40591,10.050213,9.1823978,13.114451,16.458831,33.089521,18.248796,27.240062,39.013339,20.949841,42.44393,0.96419379,3.7511855,6.0839546,2.9730673,5.4886553,5.3570208,11.547792,14.285648,15.293885,18.762179,2.0864144,6.8152405,9.4794049,4.8118428,10.253637
801,-0.66416386,20.763218,70.000926,86.099501,9.4903465,39.714174,23.156322,3.9108841,2.0960505,4.7276636,6.9880052,12.456589,15.291554,15.265562,19.891187,16.171308,30.258143,25.780755,25.878986,22.857346,6.6184304,33.12831,0.88662853,1.2529401,2.7036914,1.9828956,7.4274848,11.654375,13.29914,6.1192055,7.3154449,14.604103,4.4437632,5.0246281,6.0691579,2.597031,14.828411
802,-1.22000919,14.220479,43.035576,83.512355,8.9314811,29.177934,13.361133,3.5916983,0.9014137,4.8053921,3.2238287,7.66803,11.779945,9.468683,19.89001,0.34245921,15.968593,17.255389,28.08775,18.801423,13.286379,36.69138,0.93479296,1.1835274,4.1893754,1.3857868,5.3055754,7.2132901,9.788972,6.6634417,5.859336,9.6262764,0.081275163,1.5489159,14.903838,0,1.6254412
803,0.62284337,20.977142,79.967175,113.20006,7.2760709,39.08731,38.221671,3.8820005,3.8910472,10.090891,1.4278618,9.8366538,15.02182,18.561453,19.504151,27.116584,31.164987,30.115008,21.49411,20.66734,34.229904,50.221151,2.1302294,0.72259822,0.60704149,1.7107806,5.3968779,19.387114,8.3099532,2.2385141,6.5389915,14.115117,11.796648,3.6561355,9.1027793,11.796476,16.589952
804,0.1192425,16.892275,60.104832,121.91806,8.18015,26.635191,10.26203,3.7223255,1.484263,5.945337,2.1804758,10.90984,13.901512,10.017496,19.181249,11.851098,28.785743,22.392311,26.498548,32.712289,25.813962,64.440261,0.695449,1.90153,3.8569894,0.64353091,4.6480373,9.7834168,3.359664,5.144296,0,18.761372,2.0175535,2.1214505,0.83096696,3.5762008,6.3546744
805,1.00427273,14.221838,58.684952,110.2848,9.5828264,33.538925,13.50061,1.3617687,2.8213347,5.581466,4.5660045,6.0056802,16.816143,12.003138,18.118613,1.3227999,32.12333,31.236848,15.704794,27.41838,45.973864,30.019364,1.2395134,1.5540247,2.4014035,3.1712656,5.6525648,9.0903849,9.8064305,8.2004977,9.7760416,7.6244828,2.3230871,4.0443266,0,5.3552634,7.6395979
806,1.04840576,24.44423,76.858371,112.64551,9.6677442,42.029509,25.194507,4.8775737,1.5331249,1.8190024,11.397344,16.676616,7.9612079,16.328745,17.19184,21.212951,49.680328,26.005038,22.913616,20.794524,35.266911,52.439691,2.9254762,1.4440613,1.4495221,2.9849933,4.6980113,12.796046,3.1693341,8.2434616,9.8280554,25.496814,5.8773123,2.7385571,0.52312146,15.941103,11.251105
807,0.21496673,17.323909,76.863616,100.57012,9.2236043,28.649574,20.862498,2.757426,4.161515,4.9804494,1.9066533,10.914519,16.712527,16.314442,8.7381464,17.803987,50.350934,26.526732,20.539012,17.520715,23.795112,51.450209,1.2266788,3.2891992,0.57529049,0.87565138,7.487913,7.1822796,6.7751477,3.0636633,5.4005165,18.052297,1.5829783,2.3004257,3.4421335,5.2871089,19.563897
808,-0.25050972,17.16917,69.295671,100.82516,10.010435,38.922025,14.464155,2.1146377,4.0643251,6.3855749,4.7145895,6.89148,8.2589476,13.430973,15.381762,38.504941,23.362555,22.204954,25.09503,25.114615,33.815919,31.522467,1.8513264,1.394098,3.1413066,3.0012867,4.8998197,8.6802189,14.792431,5.8468933,7.9327373,15.497915,2.2344894,3.7447092,6.5929972,2.3482985,4.9493583
809,1.35159515,14.321685,67.450666,121.06882,16.112086,44.59477,20.969294,3.7667093,2.4946987,1.6111536,3.0468932,9.5311697,14.664716,13.559652,30.056463,14.905213,17.978454,27.883782,24.520287,38.995146,27.047968,47.858286,2.736245,3.0930264,3.5281001,6.6107097,6.9298713,17.316347,10.060348,12.199914,6.9109578,11.330322,2.5881449,8.8286326,2.568518,3.8152504,11.724073
810,-1.98551296,19.069868,46.507209,91.810665,5.8853721,32.560994,8.770185,3.296775,2.7785182,6.9207532,5.5459573,8.4560476,10.821427,11.725777,9.468138,12.358328,19.810393,18.079834,20.530262,14.743171,32.099193,44.106398,1.2424012,2.6945051,0,1.8850442,2.1754951,6.5745024,8.6313045,8.4012435,7.6401813,13.819626,3.1305233,2.7180315,1.7066801,0,4.0848141
811,0.78985653,23.418347,52.297866,114.32417,8.3011793,18.521223,16.366723,1.3894249,5.2623666,6.3933873,4.2907274,17.408805,12.669181,8.3525111,8.7826644,6.9757449,38.352381,19.757312,32.055314,25.576212,26.898981,55.645621,1.5437165,1.5797265,2.9860761,0.033343095,5.7461937,5.0435328,0,2.3132545,5.2873421,14.841514,2.3746566,1.3620505,4.2953522,7.7356413,8.199532
812,0.61949999,23.997357,58.240061,121.08127,12.110369,29.522629,25.519393,2.2137508,9.7680083,2.2944515,10.224674,9.250609,17.508867,18.94962,6.5900963,11.731674,23.316748,26.570538,29.844398,28.022506,31.913381,50.784019,1.5057315,1.8563138,2.3142329,5.4527848,6.6458481,4.6162797,10.149572,0.0088733109,14.452725,12.521848,2.6542783,4.3527351,4.741692,13.355956,12.211016
813,0.20734091,15.050479,52.511892,90.312965,5.676755,27.257471,14.597146,2.0501786,3.882477,3.3246076,1.4944231,11.108133,12.540648,8.7605002,8.3601793,19.114087,25.273222,14.961489,24.598727,20.524869,18.143371,49.137571,0.87830268,1.6093147,0.38388389,0.39103882,5.1701088,7.8932604,9.1135154,5.5562743,4.5072268,9.1540274,1.3162697,1.1638201,4.508797,0.85792929,14.584832
814,-1.77327365,8.239201,66.578234,86.924185,7.6197014,18.696223,10.858904,1.1896716,2.0897957,0.57108705,1.6331217,6.7399927,12.960505,14.818729,28.132732,14.773142,19.977234,16.946664,23.745691,30.933089,16.496374,30.24203,1.8589938,0.46355347,1.9020344,2.0635365,4.7501878,5.6412241,9.0090662,2.9927562,1.0525107,5.3204214,2.8565154,3.2741212,2.3115873,1.5476884,4.8065739
815,-1.77618636,13.582297,46.637564,100.93165,8.8631447,21.974061,36.12833,1.0058054,2.7382937,4.2023682,3.3124399,8.7352738,14.462864,9.8063924,1.2926897,14.652117,24.686439,12.808298,26.390727,18.183067,29.145457,58.624672,1.0874965,1.4917182,1.4526503,1.3020209,8.0453057,3.8587786,8.5151417,0,4.1248491,14.79483,0.12893963,7.2619579,12.609993,17.460714,15.606523
816,-1.99557387,15.993597,55.270293,80.990088,5.3931645,19.543821,10.319163,1.9253663,3.2575633,4.7446306,2.0010987,11.432231,9.6881701,6.9993073,14.220957,3.4782297,47.084391,18.888488,20.510662,26.367207,3.4828929,41.986046,1.6387911,1.0683119,0.42801729,0,4.5991737,4.9013269,2.7171858,3.6944486,3.9130431,12.792429,4.0209535,0.84463354,0.082674667,0.38500422,9.6055318
817,0.68698834,15.793757,52.884665,82.243717,10.911658,37.687451,25.354182,2.1722803,3.0647924,5.3625969,0.6006683,11.76882,14.898531,16.305132,2.4320936,13.394408,25.428245,29.252947,13.300566,5.6445299,21.100291,44.195971,1.4315001,3.7966369,0.18163169,1.5868577,9.0104947,5.362858,7.6082658,12.328011,10.62907,17.58024,5.3581454,2.1183674,1.9616859,8.1120357,20.178812
818,0.25571751,15.991597,80.12244,82.523584,12.407792,33.495967,21.093586,3.0305627,2.7065435,3.459753,3.2264137,10.702358,15.980487,14.447919,29.797804,17.434959,33.628575,26.485867,18.25199,9.3844693,33.872112,23.060025,2.1899252,1.4165704,6.159899,1.1862975,6.6428853,7.8472802,7.8012406,3.9112101,7.1077251,20.800247,1.3672783,4.000225,8.7990272,5.8715,10.524341
819,-0.91086646,18.417318,47.349156,107.70247,11.968871,41.06034,13.73005,1.8692632,1.8436858,4.3927782,7.5232674,11.872617,8.4822204,10.164662,15.587941,14.983423,16.495467,26.614252,23.297581,27.166322,13.196287,59.290012,3.9328323,0.60802812,2.3878656,3.1982508,6.7706539,11.536962,11.169407,12.148675,2.3797,18.027808,1.759863,4.6758386,0.73200611,1.6776553,11.298746
820,-1.06571394,15.024543,44.36328,97.989049,10.430921,29.449783,17.758791,3.5019245,5.3221642,2.7028098,1.7173957,7.2819836,12.996728,12.161905,9.8235605,5.7067067,19.141035,23.989453,15.13317,34.1847,17.230659,45.111379,1.4396379,2.6324365,2.6284343,0.96611798,7.4439091,8.1930955,4.1723915,4.7911484,5.8817769,18.769007,3.5540639,2.9404354,6.0135933,2.3495317,10.358638
821,-0.75104823,14.440162,65.3738,72.640189,11.637597,25.806394,21.033421,2.320484,2.0384426,4.1821565,1.5392942,11.114429,15.697095,13.59312,21.103191,14.097457,24.929105,13.994582,21.269706,30.472759,13.641665,17.937511,1.7145828,1.7871045,4.2643911,2.0141086,7.0172381,7.5302314,7.2789119,6.5848226,4.4197117,8.6449462,2.7290532,2.3190606,6.4873702,0,20.113788
822,0.29579395,20.795437,59.025428,114.18908,10.539059,39.766611,17.087913,3.3960156,4.2447895,3.1761782,5.7981706,13.581184,9.9168491,11.196658,17.004156,25.407835,19.11959,20.665338,31.35519,49.321277,12.545097,41.242729,1.5589922,0.56412826,2.2942157,3.31906,8.1316216,8.2384668,10.050747,7.2403107,9.8816772,20.362589,3.2311617,2.3279749,3.6323505,8.3441143,6.8642724
823,-0.19292174,12.366484,55.27603,84.844197,8.3625248,31.492118,12.820971,2.0952466,2.9645344,3.8206244,1.1846016,7.5024438,7.6812064,9.4223267,10.735871,10.810941,43.007746,12.863578,12.540692,16.124863,21.990886,61.346534,0.41910848,1.2030688,1.237561,3.3367522,6.6460571,10.108743,9.308333,4.0962537,1.2825259,18.014023,1.8753671,1.3267188,0,0.42208525,16.514827
824,-0.23727338,15.04099,66.247941,113.43657,7.9693903,24.394868,13.279927,1.9859197,3.6805427,1.4215632,1.4746776,13.888711,12.239805,13.297407,9.2400696,16.613955,44.34962,32.662555,21.364974,18.482275,27.857537,56.672566,0.40011584,1.4864557,0.8285749,4.1586931,5.2033482,5.2764109,6.2035764,8.3875438,7.6397785,5.3111524,0.67666312,5.5217917,0.26941837,3.5213438,9.5676436
825,0.01539429,17.50126,40.641023,100.59165,17.679587,46.887847,17.161757,3.3826137,4.0584782,5.2115458,2.9282806,8.9399904,10.950591,11.282913,6.8544078,9.1926494,17.113215,24.409562,19.597713,11.921198,29.700209,56.560664,1.5129025,2.4452663,2.4039435,10.173199,9.8459624,5.3721599,7.80135,14.954758,13.458096,26.424066,2.4098621,3.571222,3.5903091,4.2595394,11.164561
826,-1.79090914,14.657625,53.671632,80.722274,10.046893,33.311538,5.8950994,1.9893022,3.728852,2.5042909,2.1561112,11.042603,12.441624,12.445109,11.296725,15.746513,22.299155,19.619638,6.4594937,20.443289,16.293499,53.227628,1.4882787,1.5371412,4.104478,1.168513,6.176959,4.9074837,11.028505,10.010286,1.9129164,18.744516,1.5678759,1.071644,2.6761637,0,2.7376965
827,-1.0527904,9.5208944,49.172597,87.082338,6.1244165,40.141534,12.480217,3.7175478,2.8578507,1.1195217,0.10469896,4.8728058,10.286045,15.262426,17.121574,8.1735086,15.278515,17.590015,20.308235,17.055186,27.154361,39.812532,0.35893123,2.4500523,1.1901432,0.50805226,4.4215823,8.6691425,8.5754898,16.602485,6.5711835,14.350105,1.4757306,6.6740415,2.1732686,0,6.778392
828,-0.62200807,18.925556,63.167126,78.240698,13.718615,30.531291,17.12447,2.6219326,2.4864142,4.9425512,6.2185986,11.415669,11.815853,14.37837,9.6353677,19.741069,34.273936,24.926039,23.355887,3.0102498,17.024013,37.958998,2.5738167,2.2702767,1.8769842,5.053118,8.1036268,7.0462183,6.2915916,8.2979756,5.7489183,15.175136,3.8700931,3.0266878,5.5194783,0.11640335,11.78646
829,0.31334519,11.85105,53.842231,89.045025,12.747748,25.608282,13.482798,1.9265271,1.0339694,4.1246866,2.3537806,7.9182899,5.1286086,17.349395,14.963497,11.967733,26.845318,17.614658,23.915189,21.915173,21.557707,38.196948,2.3869848,0.85360747,1.5611843,8.154448,5.6662677,6.3514297,5.2282911,2.2657676,10.091689,12.126743,2.0819025,3.0172913,3.267994,0.094346661,11.295268
830,1.35265322,25.380584,69.770229,107.06825,15.09457,34.331225,19.251653,2.5144393,3.0174626,5.8549956,9.3415576,17.136731,11.622284,15.85949,12.150538,22.16996,37.810803,27.153322,21.167988,18.584024,29.835288,52.491551,2.9672287,3.0554688,4.2076656,1.234862,10.064141,5.958997,11.642459,5.4442503,8.1818476,16.660664,2.8183414,3.743827,6.5416598,2.4035056,12.195476
831,-0.15676607,8.4228173,61.753154,72.486233,4.2178241,26.947623,10.711287,0,0,2.3525224,5.1771165,5.6013628,17.158839,10.194281,9.576331,13.020801,36.946257,18.621578,20.906422,6.9151673,14.878968,39.085185,1.0512047,1.2610453,0.52779826,0,3.1659153,5.0370119,9.7695823,2.9680603,4.3847451,15.59384,1.7170569,0.45641801,1.774553,2.6541772,9.7804698
832,0.54892074,15.139437,76.246583,83.614238,9.4921796,25.595713,9.5073775,2.8514251,1.7271506,4.1429395,4.158539,9.0154389,16.477087,13.355904,26.823808,23.673302,24.55479,16.908473,25.968233,11.478578,21.108428,40.821208,0.77815484,2.1523413,3.674999,1.9730198,5.1280223,8.1254173,6.6667544,10.481984,0,8.2348514,1.4717481,1.4914255,4.5647145,0,6.0744272
833,-0.42994644,15.294402,47.616671,81.436123,8.2326362,21.389164,4.1122542,1.8769071,2.015353,5.9865301,3.7679479,8.5316228,10.351339,9.9102417,5.7874418,8.2374015,34.224494,29.502093,12.496586,0.77396659,22.838766,47.731985,1.3149073,1.1753705,0,5.2616172,4.4139677,6.9902805,11.319596,0,0,9.4329408,0.89199852,0.81927347,0,0,4.467485
834,0.15032986,18.195777,52.766314,77.567906,9.2799177,24.704397,13.716581,2.0679784,5.3233006,7.7266794,3.9581632,6.0984008,13.34978,10.976111,12.205306,10.053978,26.637301,10.20399,29.197777,5.0936734,24.971245,40.281436,1.8246628,0.39548476,1.893459,4.8532285,4.5995759,6.3428321,6.9316228,6.3207132,1.3344507,12.93359,3.9113507,6.1747998,0,2.9241802,5.2356171
835,-0.77449619,19.976012,61.756006,87.740393,8.9901408,20.77871,14.391183,2.7354957,2.0690043,4.8257873,4.0224418,16.212135,16.391859,13.112382,18.026257,4.5995839,32.882459,15.473889,18.860792,26.36722,17.803598,45.085656,0.97213641,1.4416205,1.2326278,1.0058749,9.1209444,6.9114231,5.2285362,1.1135696,0.98492182,14.706842,2.7646377,2.016333,0.013675526,5.2407144,11.486504
836,-0.46971312,17.438565,48.359676,86.193118,7.4068597,31.17178,18.235086,4.9438332,1.9834679,1.9308005,4.2427697,11.938097,13.831785,8.2434902,11.087586,12.715105,20.672186,17.819812,20.718017,18.611689,21.291347,41.981835,1.5566371,2.5519417,1.4104404,0.36214056,4.4518468,10.50541,9.7684913,3.2823696,4.0676592,14.099589,4.0497666,4.2946017,5.1421171,4.396221,7.280888
837,-0.5798617,11.734161,60.815758,90.243875,5.512816,26.3534,20.13396,2.6423591,1.7801854,2.959367,2.2343071,7.139256,6.7288372,14.79961,13.918867,14.533291,38.169392,20.408927,32.070015,3.8000549,38.65772,27.937303,1.3166162,0.43999218,0.62619208,0.67973486,5.2185352,6.063838,6.8527292,3.8896023,5.3312021,14.853682,0.35122106,1.6282235,7.3153703,10.350734,10.67892
838,-0.24657558,12.72401,56.828042,94.419624,9.8150518,45.025044,6.9611205,3.54359,2.5715124,0.84877328,2.2566728,8.908729,23.653598,13.568322,0.51785751,4.7119644,34.297865,26.503251,20.471346,23.898166,15.936794,41.953757,1.7884753,2.8487527,0,2.3530514,7.2607793,23.494192,11.893075,4.9672495,2.9740105,13.237678,4.5703351,1.9393535,0,0,1.9117701
839,0.11627059,18.302206,65.108061,121.93523,13.010355,40.835085,14.890711,2.3535086,2.4506025,0.13263045,9.5979064,13.084467,14.471933,14.79264,14.557322,6.6722865,41.260207,28.063491,21.466677,35.856565,47.880853,33.936278,2.0335625,1.3099126,1.8825677,6.8296565,7.1075429,10.279818,8.5115474,4.0755178,14.50134,19.919019,3.0983251,3.4377171,3.0058645,2.0395441,9.6384464
840,0.10038208,14.667959,58.59981,71.698866,6.9415343,36.317318,9.2425323,1.3768795,1.4976486,5.3234549,4.4849072,9.0149404,10.565638,13.022575,10.099792,16.46728,33.493371,24.782702,12.846458,8.0806817,16.987446,35.552369,1.4941217,2.4538773,0,2.8358274,2.864609,5.0960372,13.581654,4.360356,6.6839332,21.699228,1.0694119,4.1865456,2.530589,1.9457539,2.803126
841,1.13980262,31.139598,53.122909,112.05826,14.427367,38.600435,27.920528,3.5749249,4.4606763,3.7105191,15.108291,19.429573,8.734752,9.8806246,23.039012,5.6092236,27.434758,31.807485,23.440632,7.6601961,42.324076,50.14068,2.8723123,2.9463142,4.3160095,1.664578,8.618602,10.331142,9.3447376,9.8267902,7.8257429,15.137113,8.6819414,7.5007896,5.7340301,3.261076,12.419873
842,1.1581563,27.129364,56.984961,113.05864,10.916224,47.908835,24.761634,4.8504942,3.2755759,4.0469798,9.8100457,17.80193,15.916246,12.570344,10.702236,13.83568,25.151896,32.524588,19.480685,36.751843,24.876434,39.303146,0.804637,2.6506667,0.95103153,3.6007113,8.3956023,11.917398,9.5119501,8.9272774,11.459359,25.240829,5.8726786,4.4329855,4.1886318,7.1692992,13.368002
843,-0.82249839,13.802244,54.036441,75.635495,6.5850481,28.550307,8.4304174,1.429606,2.6706861,0.55217216,3.1103463,13.34455,13.184534,11.983228,3.9396989,10.384413,37.641379,20.441796,17.039455,3.9959369,20.839187,43.981688,0.51984208,3.2329126,0,0.034264314,5.871296,9.0982267,10.460353,2.379822,2.8013989,13.451708,1.0250089,0.42810827,0,1.0455757,10.973232
844,1.55094623,21.742891,68.611549,129.74131,18.216288,38.703997,19.435525,2.4583048,3.5524553,4.2454516,5.2191367,16.945453,14.802236,12.685918,29.487068,2.1646155,35.949644,26.326281,28.789709,44.362793,20.724125,59.357106,1.9487956,4.1854352,4.190555,2.5038816,13.971603,9.0184689,12.6756,3.2918849,4.7917102,24.300124,4.4825779,7.0755024,3.3065818,2.1743319,9.5163494
845,0.3777357,18.559373,59.003888,73.110364,8.803725,39.522521,16.323561,2.0210629,0.93200338,5.9605867,6.1801172,12.693294,8.6203258,6.2732863,13.965791,27.337288,29.704347,9.8820781,24.71458,19.953865,2.6052206,45.942608,1.5723795,0.81488451,2.6865402,2.1664384,5.6147785,9.915829,4.7906863,12.59618,11.659584,15.988035,2.8538755,2.2724829,3.1637613,5.0674557,10.500891
846,0.38028498,16.982959,64.581687,80.350545,9.5274836,34.865998,23.323503,2.4657537,3.0320053,1.5085533,8.038541,9.8730166,13.454337,14.619063,14.957936,13.294528,34.292424,20.908188,30.428473,19.926561,3.9573928,31.322482,1.5730611,0.98471928,3.1999279,0.52464171,7.7969278,15.034691,8.7725387,1.5538517,7.5427408,12.901881,1.4953821,3.5192236,3.5332077,11.821332,14.723804
847,-0.57903989,16.351788,59.391088,100.17634,9.4782053,22.897235,11.792313,2.8949552,2.1226016,2.6700495,6.6039583,9.555001,11.509784,11.483789,7.3127208,19.941226,35.117971,17.952444,22.137877,21.973192,27.282698,52.548338,1.062721,1.9046635,1.249204,1.1621759,8.9583446,6.0958486,7.1942683,4.2009059,5.1346671,8.2840668,1.9855568,0.98247062,1.4447812,6.0688728,7.0379049
848,-0.85826363,18.684663,69.366646,94.64407,9.1144372,31.595691,12.614556,3.8171953,1.4032123,4.4630793,6.0806622,11.403806,16.053181,22.019758,10.85895,5.2825513,42.022498,28.149689,23.555615,32.494398,3.1859286,38.896209,3.4288216,1.1760101,2.4440998,0.32398356,5.0767859,4.5480956,3.7280834,16.014883,2.6131043,18.347807,3.8457332,5.2365526,0.33008166,0,7.690432
849,-0.03149853,13.812072,59.881391,91.256855,12.348673,38.103575,25.776769,3.5407812,2.6810406,0.90269548,1.3104188,11.596315,8.2583264,13.64928,31.917816,12.841148,15.091866,25.037338,31.263793,3.6005553,25.304844,38.707065,3.2929124,1.6845703,4.1873891,2.5895302,5.3315394,5.3849191,9.5041825,13.136383,7.7844769,17.756573,7.3078229,3.2697907,3.2166317,10.318295,12.155346
850,-1.48380484,13.31963,41.449544,83.185009,9.513835,31.473413,9.3305512,3.3268181,2.5105448,3.1101619,2.7007063,7.0092317,16.127062,7.9168637,13.013171,3.7567438,13.419732,21.704148,20.328031,16.865395,7.0372926,49.473329,2.7332327,2.4664802,2.5475551,0.16178094,5.0867496,5.8524574,9.6148379,8.2934967,10.161551,9.0114854,2.4185197,1.1279351,1.9930071,0.092113888,7.9861457
851,-0.57506138,11.536126,54.347373,87.813343,7.3587777,25.471647,9.7056273,1.3728561,3.3885715,2.8141044,1.4001463,7.6588206,3.8341899,11.988096,12.832635,15.689291,35.788258,20.856455,23.024173,17.336353,28.596596,30.114745,3.2976381,1.3626674,0.8429146,0.47692661,3.8833894,7.1062961,8.7321139,4.3990094,4.3052923,9.5823294,2.7543366,1.1304734,5.0587027,0.54131649,3.6651934
852,-0.63310556,14.558735,38.513197,77.419441,12.958001,18.662097,13.244272,5.225929,1.5770279,3.3231902,0.64222677,9.4692636,9.810862,13.090595,5.017492,7.8666405,16.551211,20.337938,19.257098,16.153835,11.074525,39.727784,1.4860171,3.5748888,1.1167095,5.9037704,6.6946588,7.4369822,8.5327548,3.1401897,0,4.046625,2.547399,2.7962632,2.7419601,4.3633833,6.3451336
853,0.93982477,12.8037,80.099609,109.48827,10.799383,29.602144,18.881261,1.5053821,1.7757831,4.3032529,0.30171673,11.228762,15.869442,17.036588,18.864702,12.447815,49.437909,11.114428,24.578072,44.844803,37.174056,35.881054,2.484061,1.0701921,1.0847881,3.3765662,7.8572266,9.2700349,9.0553193,4.890271,4.2988069,12.110886,1.5202948,4.5317168,7.1525632,2.3562711,11.790857
854,0.33391442,8.5105097,72.738077,106.81405,13.261902,27.13186,17.563748,1.267038,3.3331005,1.3744771,1.126442,4.8882516,11.858975,21.898652,16.835719,20.168446,30.334985,27.807896,20.316804,26.605275,19.161402,54.116027,1.6104692,3.7106668,2.5190429,2.640573,8.7185975,8.634539,7.8248164,6.6032976,0,13.231161,3.867023,4.5311033,3.7863137,3.7234778,8.5540499
855,-0.96472879,10.14002,47.556107,82.060409,7.8749504,21.951682,14.513619,2.063428,2.5579097,2.8085215,0.212239,6.7101461,14.068013,6.4369449,13.621156,7.6319895,23.993568,34.389082,13.890136,8.6165007,12.903331,40.415154,1.165168,1.30922,0.64422922,2.7874361,5.8548131,3.2323668,0,7.6570438,5.9087739,16.000693,3.0704039,2.8884348,7.0155151,0,7.024607
856,0.47016926,20.152827,70.377359,119.90989,14.029836,25.939353,20.300565,2.4285243,3.0654614,8.3775977,5.0934249,9.9347598,15.67405,22.798982,3.2553453,17.196651,39.433712,23.449659,32.176643,35.56498,27.217771,46.227915,1.715581,2.1791414,2.4228995,5.7096228,8.6909766,7.1795798,3.2459168,8.5814287,4.5831243,12.414624,1.9588498,6.2441398,2.5483336,6.3032105,12.455089
857,0.5500059,21.630647,117.47251,98.618799,18.09526,54.945255,19.610118,2.5139872,1.7081849,6.5606906,4.4968129,17.164276,29.307156,11.568832,34.381885,22.109367,69.004693,20.130813,26.516412,32.848335,24.895989,29.336626,1.6408766,2.5168506,7.1608419,6.093779,8.8471519,10.951413,12.064856,30.401858,5.0946755,15.27219,1.6567997,3.753409,11.744745,0,10.780473
858,2.14436969,23.011506,70.938133,153.78905,10.448956,37.644016,14.102444,4.7316578,3.2643989,5.5954724,6.1973844,13.127661,17.79489,12.111063,22.574002,14.431295,30.920651,33.331206,30.73894,59.47167,48.476587,36.279467,2.2996426,1.6352252,1.3552556,3.4655231,6.3197267,6.7814424,11.143081,11.497274,2.1995709,20.787069,3.4484577,4.4445188,0.19380391,5.2856796,6.2272209
859,-0.36166551,17.573421,64.458598,105.30611,14.65057,21.580354,14.121,2.827561,3.2467273,3.2366883,7.3025612,8.6568703,11.824002,14.249631,13.372274,14.121458,38.236895,25.057511,30.733686,20.048308,28.519307,38.987704,2.5251889,3.4164153,3.523916,4.4542508,6.7513986,4.1045728,9.423139,6.708351,2.0049482,6.3410151,2.159991,1.3134711,0.42566686,6.1558225,11.427381
860,-0.6817454,16.634401,57.094453,110.84606,14.221027,45.356649,12.475437,2.4210823,1.2849643,5.1281442,2.5232886,13.445519,8.1898185,4.7739983,17.289018,7.7736878,47.003528,26.37528,21.342077,33.954264,29.99429,40.402405,2.7633157,0.4411197,8.2600029,0.64152204,8.1592182,15.741724,2.9776655,17.368774,1.7701527,24.337193,3.8929729,1.6463438,0.31714335,3.862672,8.1440141
861,0.05533179,15.325052,66.103551,80.1152,7.6755607,39.980523,13.998087,2.8326157,4.3744364,1.5351667,3.6849253,9.4406675,18.145733,11.801793,10.616615,20.638232,30.66377,15.726226,23.449837,12.7791,31.264396,27.282149,2.0377735,1.6493028,0.12077688,0.34497182,7.0572087,19.481882,9.3100789,1.016464,4.2578928,18.163498,8.0741102,0.66560293,0.42361919,3.4806854,5.806343
862,-0.51618659,9.1622945,48.368058,76.73844,10.911307,29.519589,18.037027,0.91073304,1.809095,1.1110633,2.0199035,8.0280716,15.807802,15.586547,8.2050349,0.31944451,24.751675,18.844569,21.528081,19.042814,13.392228,31.508221,2.1071562,1.7353352,0.45522425,3.5204394,8.3345309,7.0892638,7.6780461,10.890185,0.98660287,13.52363,3.0256905,2.3659117,5.6286052,3.3059822,11.882811
863,0.2942794,23.559687,78.485185,94.719766,13.710306,42.531964,11.74448,4.280851,1.7446611,7.6195915,7.4503441,12.960003,20.077145,11.982556,16.019494,23.679085,38.166373,30.450035,19.297063,23.658202,7.399865,47.761447,2.1623154,1.6428524,1.6383266,2.428399,12.861246,5.9458861,3.9925773,22.309725,7.4338183,21.009021,4.1206102,3.1236158,3.4470799,0.32837979,4.450264
864,0.36537472,16.267148,53.271638,116.32873,14.288897,27.784196,15.378973,2.6886384,4.1779939,1.3864772,4.7273712,10.559677,16.656816,9.7467277,8.8438286,18.171467,19.136148,34.961426,29.879317,5.9002127,24.993584,64.981816,2.8402275,2.493877,3.4190567,4.4975819,7.0225276,7.8866935,7.592644,8.4378786,2.7230229,10.578105,2.7021102,0.31907837,4.5107446,3.3934642,12.071012
865,0.00921514,18.358078,50.675018,92.650749,19.237914,34.530006,16.540268,2.9538721,2.6202341,4.444131,3.7550791,13.12839,8.0054846,13.748089,3.3958813,19.532163,28.054599,19.124129,14.00494,6.0616351,47.590988,46.604434,3.3604391,1.306077,4.689414,9.2163166,9.381524,8.0031507,5.591638,7.615512,11.257583,16.115168,3.3089226,5.0664717,2.5219225,0,12.683114
866,1.4245956,17.043421,82.868313,118.87654,9.5586628,41.270987,33.857939,3.2523546,2.7715788,3.9438947,5.9626884,8.3707067,15.545887,19.079795,26.741475,27.380173,25.146769,22.980713,27.765166,20.410908,42.907256,52.865791,1.2107251,1.9949183,1.6268056,2.5116878,6.7483394,8.9914675,5.0848666,5.3155619,17.185147,22.944422,4.2309458,3.5555386,5.8099342,19.427311,16.840211
867,-1.16165333,10.227857,47.824046,79.855463,5.5640742,24.861848,5.7526146,0.79761332,1.9696737,0.33623014,0.024349311,12.995777,7.1371852,13.403657,20.461413,7.7319666,16.870958,11.039916,22.64316,31.467955,11.769363,33.742799,1.1080979,1.8645178,0.57792827,0,4.4412955,10.160954,5.5006926,2.3488997,3.3835505,11.886666,1.2613655,5.4998268,0,0,0
868,-0.82810564,15.304243,59.144203,106.90871,11.325729,34.207565,9.723954,2.6335483,2.8823408,3.6894648,3.0159833,9.8628353,10.542519,7.7654447,18.660619,17.291475,30.176203,24.522766,19.813871,23.739693,37.279713,43.457098,1.0506164,1.4836595,2.8954871,2.2569064,9.4082912,6.9491202,10.06823,8.5575339,7.2069245,14.28877,6.0902434,1.190973,0,1.7579738,3.3309425
869,-1.28760043,12.420776,57.087668,96.225599,6.3003542,24.916872,18.196057,1.9068198,2.6487223,3.5745947,0.45557348,9.4614354,9.2175251,13.967989,3.6575356,19.735451,36.150541,22.439024,27.515102,20.94025,19.920642,40.762134,0.46234028,0.90383681,1.5972039,1.9269533,4.6309141,5.1609296,9.6944899,0,4.218785,15.933942,2.8009261,5.1979779,1.7987907,5.4002596,10.984527
870,4.32575987,29.127105,101.56417,140.64537,24.15408,59.026861,47.358031,3.9776743,4.8962791,7.1375345,8.073592,18.350156,18.469809,26.843579,26.773765,20.817119,48.627328,30.32934,42.962053,23.101406,18.878741,80.360198,1.6581472,6.279408,8.8655589,5.0490349,12.829581,15.702895,7.2373501,18.067705,10.894844,30.480503,9.7693243,3.4910057,4.9331065,7.6810244,45.352764
871,2.23842395,17.078616,80.945645,122.71858,17.740031,33.946375,44.886997,4.4404405,3.6717249,0.3014975,3.1441436,13.022977,15.623727,22.934248,8.0249013,21.743493,46.156812,26.884406,29.110915,28.892977,31.265927,53.729568,1.3601326,1.6609751,3.0597856,2.6011943,18.953496,4.5761127,2.4095388,7.4099882,5.2436699,31.999249,5.3310011,4.4343087,15.20967,7.4627414,34.173786
872,-0.49634703,15.257021,65.02777,104.01202,10.732434,40.473174,19.460021,1.9347919,1.8381354,3.3348983,5.2594289,10.284149,11.253226,8.223574,26.953061,8.9329136,37.341298,14.917523,18.530378,41.714324,23.479336,48.385648,2.1952071,1.8311807,1.6054026,1.1640489,8.9540288,4.957814,8.5378388,12.320148,4.0498422,29.015694,1.422791,1.9690989,3.2441629,2.4262012,21.358932
873,-1.31948756,16.085826,51.717938,93.789576,5.1796092,26.586204,9.5737588,3.0251882,2.9422128,2.7050084,3.9071859,10.723829,13.565211,12.980308,12.647714,4.121321,27.793404,21.220553,22.66774,28.970625,12.806123,43.260894,1.6095841,0.84961916,0,0.42367688,4.6865948,9.2732457,8.3354564,1.049308,0,17.592257,0.76474346,2.9936248,1.7713817,1.2838902,7.3232222
874,1.07939228,17.081175,62.141652,98.932572,11.86565,38.506542,22.740775,1.9404888,5.2725591,5.5692159,4.3259999,6.7775337,13.953437,12.190579,16.028308,11.349587,33.620666,24.675536,25.316184,25.250302,15.328167,44.654595,1.6178716,2.7615515,1.6659784,5.8906011,5.1041866,9.9280766,6.7405957,13.864066,6.9661299,15.170731,3.9354037,1.6271675,13.719084,0,12.963731
875,0.3043595,29.107722,67.447555,96.442019,12.560846,35.028853,25.550304,6.8558777,3.0487888,2.2805386,4.2471489,26.765555,14.839505,15.670715,4.4407896,28.328681,31.84696,30.054096,21.243969,29.581169,23.887927,22.655522,1.6440047,2.0771845,2.2076165,4.0936305,8.5377626,8.7745468,10.142118,4.7532726,14.52645,9.2367179,4.3706954,3.7388233,0.8668904,13.328215,15.317798
876,-0.8795053,17.31961,42.594567,108.11321,9.6753431,29.92922,13.431216,1.1271839,2.846497,5.5918772,6.7236293,9.1610654,11.117292,9.0454694,11.867481,1.3032283,25.856074,27.403322,22.970061,29.515163,27.412826,40.324895,1.0198855,0.99746047,4.1087731,1.7627037,6.373162,7.6140545,7.717932,8.825626,5.3295298,11.060673,2.4625796,3.1020957,2.3259027,5.0156573,6.1570137
877,-0.60235777,16.339252,71.503459,72.517028,11.815325,32.612361,11.211785,2.1168348,4.5475678,3.9994754,2.3218829,10.478005,8.1807849,13.876863,35.223908,15.673195,27.273308,25.778824,25.786615,1.4062874,19.998598,22.172999,1.7335896,3.0283101,1.9532927,0.19509514,10.48241,9.7835395,7.3198205,11.24445,0,15.652912,2.1091309,0.70964447,3.5463594,0,10.358151
878,-0.33810704,16.415937,47.668085,90.669369,13.00153,47.923373,7.2210656,2.8531851,5.1070237,3.8517558,1.744198,9.4933733,15.402839,10.222852,1.242866,8.2636359,31.58726,23.012246,19.783094,27.613522,18.680267,34.326909,0.70511461,3.5198387,3.7730578,1.6511868,9.5066192,15.460607,10.208134,12.722264,12.925766,12.294677,1.4336036,3.7900368,0,0,4.759764
879,-1.59315654,19.666127,60.263047,100.82932,10.337673,26.296322,6.2717862,2.7049528,2.6613827,1.1836195,12.979019,9.4383863,16.206602,9.7718843,16.523677,20.942169,18.916677,17.051554,22.216993,19.128538,49.515983,33.622663,1.8522773,1.5521367,1.0526554,4.4973706,6.1766743,6.6346442,6.8489814,6.1943206,5.0534465,11.280342,1.8279179,0.5755929,0.03125884,0,7.0282712
880,0.21518647,21.529967,66.751875,94.712965,13.029417,36.159921,9.7899118,2.4209807,2.8411953,8.1537513,1.829461,16.535163,12.529184,13.183083,24.490236,14.260998,28.399039,23.979323,32.342592,27.575985,4.0518728,38.429812,1.674316,0.90632586,4.2952123,3.4503231,9.0312639,8.7993245,8.0146747,3.1147563,14.229877,16.535485,1.058929,3.2654655,3.2011993,0,6.4516293
881,-1.0381312,14.408741,57.117979,109.87699,10.388758,37.848137,21.057281,3.2825462,3.4289784,3.68333,0.18527527,9.7324764,10.617811,13.063618,18.707089,12.275185,24.732231,23.322863,24.023901,25.721476,30.097847,50.017592,1.7187278,1.6323656,1.8414643,1.8681698,8.3166027,5.8730228,8.4343893,3.2669787,10.072995,27.885591,4.298259,5.9145902,9.3978286,0.044537854,8.9282875
882,0.99724795,18.386749,70.188694,87.573689,13.283035,29.850847,7.4440299,4.0158436,1.1848702,7.350549,5.1702637,8.2877712,13.004579,15.579494,20.373955,11.234311,38.664864,19.855702,24.325952,21.206609,27.49121,25.83403,1.6202792,1.694064,3.190925,4.7160425,8.406488,0,3.8908466,6.4596291,13.447692,22.121392,0.81346468,1.1583191,4.4999661,0,4.1536567
883,-0.96060214,16.961509,56.67158,78.538772,7.944638,34.560462,7.0406456,2.6448965,8.0074057,1.6380391,4.2127897,6.6799588,12.567017,14.587896,13.690392,14.570884,22.485476,13.465285,25.064896,21.388614,13.512703,34.982739,2.0952257,0.548194,2.4263311,1.172542,5.1498454,10.831338,8.7656163,7.0555814,4.8308493,15.14928,3.9512759,2.5156616,0,0,2.1867643
884,0.45839687,16.014779,60.661867,127.70639,6.8445489,35.078596,15.96471,7.5638789,1.440626,0.12701256,1.6072189,11.376594,7.2240181,9.5402025,16.336981,20.606121,34.685673,21.556007,29.198444,38.31277,24.827237,65.848026,1.4938275,0,1.6606855,1.6288101,5.4366088,5.9967326,6.1356909,8.4366701,9.0861404,20.844104,4.1875846,0.90957328,2.9579948,4.9442436,10.104184
885,-0.97469482,9.6269074,57.720624,99.636193,4.7561083,32.918202,12.132497,1.9946015,1.5672263,0,3.380021,7.291955,15.986144,11.696313,17.108337,16.979634,15.952868,21.903975,18.003717,33.602018,30.59709,32.906991,0.92849963,1.0119636,0,0.75712734,4.4326505,3.5033229,9.8435912,6.716418,7.8986229,19.385638,2.0373925,2.0127935,1.2186193,6.1319772,6.2968838
886,-1.61725317,9.991028,45.892477,85.601078,6.3364123,26.607148,16.30415,1.5766587,2.1430714,0.55208381,2.6164528,7.9471635,11.009752,11.869986,2.70831,9.776186,29.648671,23.850466,21.04121,19.699334,9.2138241,43.186982,1.5039855,0.57720135,0.23879564,1.3830177,5.8248612,10.987348,9.8405522,4.5306736,0,8.3514802,7.7095479,5.8232769,0,3.3688744,3.5903635
887,0.53698339,18.789878,64.386142,117.28511,10.872851,24.896919,18.32594,2.3782405,1.8580501,6.7842062,6.5093865,9.8155943,12.302604,20.507468,9.1820254,14.750468,33.113235,42.291689,27.945071,23.623131,25.711489,34.716839,2.8614052,1.5978267,0.92980911,3.4593074,6.7467774,7.1398118,5.8883762,5.4921444,1.7416188,14.05547,3.200328,3.7911403,1.9494847,8.1487026,9.2853589
888,0.09972486,22.574839,57.116,95.183065,7.0989408,29.65024,9.5590553,3.7316191,3.2443656,7.2758299,9.1025474,8.6266416,5.6616047,9.6113623,11.786946,17.330316,40.419398,20.042237,25.20076,24.708183,27.518721,32.783075,0.74139932,1.592182,1.6292983,3.0286448,3.2832496,9.2592889,8.4742924,3.4003572,5.6479194,13.385516,3.7628776,4.1932402,0.94741475,0,3.2748797
889,-0.69213155,16.939875,43.958389,69.749138,12.643133,32.79291,23.854826,2.9437252,3.0886524,2.2882886,6.2227595,10.022696,9.4094312,10.015931,8.7392388,11.23265,22.296067,21.385029,24.465406,0,26.815935,20.265311,1.8934772,1.7244496,2.9259775,1.684822,10.577485,5.4200548,8.0476668,3.9132642,13.436805,15.992501,10.562279,0,1.0704463,5.6323363,16.274201
890,-0.19154982,15.456111,41.295705,83.192381,7.0972422,30.009696,15.318958,0.60324951,1.3407594,2.8958323,5.7575685,13.412804,8.5724401,16.192091,3.6250335,10.588634,17.555704,29.363863,22.125218,14.956573,18.581093,24.348138,1.0200077,0.69894599,0.40393474,1.5747483,7.2840372,5.4613151,3.2227454,6.5918682,9.7014977,18.818407,2.1767589,2.6853152,1.7971005,5.6018615,10.401136
891,-0.38517137,14.376858,62.516676,83.292828,10.860569,41.364444,16.270708,2.0564175,2.4829418,2.378518,3.9870708,10.319683,12.385206,12.991318,16.412237,2.346445,45.207621,21.823115,26.576984,6.2478144,32.129335,25.892912,0,2.7900376,0.52162424,4.8157061,8.5358663,4.5880458,17.672697,4.5209995,4.5130361,27.532615,1.2625834,3.3916447,4.3609459,5.5609076,9.2888636
892,-1.99457442,12.035733,61.710151,78.059052,10.831929,24.243021,7.856436,1.4741463,2.5079808,3.1130017,1.9833633,8.5561159,9.2432487,15.005116,12.270519,12.259816,40.05096,24.711772,21.782186,16.332241,11.290516,29.901348,2.0522799,1.5991013,3.6244888,1.1157662,7.1935932,10.256658,6.7945561,1.1959826,0,14.012448,1.6576485,1.1676054,0.18503744,0,8.9964676
893,-0.40350823,11.063117,55.085176,84.126831,9.5861946,30.594851,20.922041,1.453248,2.0647481,3.993862,0.53563913,8.0798852,9.9736338,12.258148,20.061955,8.3218534,26.162853,15.578421,24.846391,25.214213,24.714569,24.078892,1.80743,2.29583,1.4887763,1.7067435,6.5066071,5.7579482,7.4418298,3.1606494,11.938451,15.209531,5.6633343,2.3946484,1.1638675,13.098073,7.2099677
894,1.15049512,16.953528,67.965925,112.95849,15.903856,46.819718,33.357287,0.80802921,2.6085124,7.087397,4.0832665,10.459115,15.158019,12.860319,16.454568,15.237168,35.763163,30.325122,25.392629,29.618466,13.572402,55.905646,2.3469479,2.1448487,3.4238355,0.44629322,15.562275,16.251387,11.005539,9.4646572,5.0050357,21.020794,2.8963856,1.2924077,17.232042,0.46031989,28.190508
895,-0.62058357,15.600142,60.706289,95.041845,7.1930946,18.293091,13.004288,3.5205775,2.726219,0.93545472,5.6818762,9.6566251,7.797365,11.340079,12.821723,24.413671,31.472579,29.317925,34.126271,9.7222759,19.981523,32.630655,1.8551985,1.6744242,0.81735824,2.0269595,3.7324343,4.7483728,7.0999269,3.312031,1.6555368,7.7534197,3.1051366,2.6893243,0,5.4413492,7.4110001
896,0.25633417,15.421365,63.199688,111.35365,11.835402,37.195192,14.502274,3.2176474,5.1144288,3.4552281,1.0283655,8.5223681,17.074201,16.574188,11.359031,9.3357108,32.448826,28.373483,27.496097,18.704715,24.288558,54.996143,1.7645011,3.1215723,1.8341132,3.9373874,6.2929084,10.575709,11.945336,9.4866676,0,17.901782,2.1757959,4.8390089,2.6134398,3.696485,7.0987193
897,-0.8328462,10.569415,76.75386,97.730403,10.118693,29.49092,11.456854,1.7218064,1.5512405,0.51938092,6.3106684,5.4331394,20.077301,9.0112342,17.032022,19.832647,42.449268,24.816998,19.105227,18.241625,19.778717,54.942483,1.2915323,1.6536058,2.06871,2.4165217,7.6023737,3.4479132,6.6209495,8.8912811,4.3145902,19.481076,1.8000792,1.3951634,5.8644485,0.49929688,6.8729477
898,-0.17222879,22.342371,56.845478,96.879704,5.9306042,24.541045,10.426695,1.7984621,2.0770509,3.4751729,10.195545,16.467978,11.843562,13.689372,17.399731,14.123133,21.029039,22.947929,20.645125,17.343466,36.325401,36.866662,0,0,1.0946631,2.4892861,5.9282812,7.1621343,6.3461837,4.2487253,8.6578081,6.4915461,1.6116514,1.9086511,3.7395988,1.1596975,6.6288434
899,-1.03991616,12.749202,58.951129,89.132468,8.3135823,17.772904,12.744407,0.80581233,3.9910026,5.9425237,2.3193617,4.798181,10.779649,15.119001,11.208482,18.727249,26.878552,22.500132,23.571724,23.197953,13.002344,39.104947,1.9457776,1.9159755,1.0624301,1.6870213,5.2227462,6.0873081,5.1017046,2.1100752,2.3636866,8.2921258,2.1509137,2.9006511,0,4.2009072,9.5899439
900,-0.93687192,18.092261,64.147309,120.7342,14.872645,34.420512,21.525151,1.4702373,3.0371233,0.99766651,5.6846543,16.594295,14.473128,12.860668,16.756734,6.8241051,39.415682,26.905025,23.308289,21.217654,31.491034,67.878987,1.2039405,3.0109481,4.82586,2.1919775,10.680784,8.5497352,9.6947792,8.2427898,8.6885086,11.387651,2.1314727,3.0441764,1.9768494,5.336173,20.56139
901,-0.22967603,15.9884,41.060521,104.70468,6.444348,27.056466,22.757211,2.511141,2.7834589,6.2180353,0.7446207,10.725237,9.3107718,14.342554,8.8688065,5.3026971,17.934553,26.017205,31.104115,24.638531,20.710189,38.921862,0.5198789,0.60374287,1.6179052,2.1253249,4.9582126,7.7414367,4.1512977,5.179803,5.2064452,15.721737,10.768672,3.2758335,6.1300779,1.5020181,7.7944975
902,-2.73727936,14.433282,44.730679,74.17562,5.6757511,19.207395,0,3.6282969,3.0091391,2.1701568,5.4094689,5.8657657,14.607254,11.375601,5.7174898,11.148211,17.389678,23.399847,24.346282,11.77836,11.217721,27.577201,1.5601997,1.9004327,0,1.2005576,3.2353776,8.4850633,3.4772037,6.1919928,0,6.7043204,0,0,0,0,0
903,0.80009006,27.659057,53.673896,98.583917,8.3388322,27.066925,17.323732,1.6662621,2.9116713,6.516797,11.121707,19.659471,8.1530066,23.754007,4.0513282,15.451512,22.581037,14.538429,13.307932,30.07751,28.141381,56.512534,2.3444715,0.34502662,0,3.8489814,5.724448,8.8549642,3.0343813,1.2065403,6.9110606,18.634009,2.4256254,7.2937077,2.2727017,1.7245693,10.672806
904,-0.04654474,12.129594,51.865482,69.397007,7.8319585,37.69179,10.988768,2.6049793,0,2.5782407,1.5824112,11.565628,12.699344,8.2259899,8.7037914,10.833875,33.525738,16.0906,23.403099,1.9927606,19.911086,34.866066,1.1931541,1.7430471,0.5491036,1.9848084,6.1463622,16.315861,3.1485508,1.9284694,13.846591,16.05061,4.2049461,2.5286316,0,2.264603,6.0015952
905,2.24588168,18.569489,76.382429,109.39417,22.078233,46.470372,30.379382,3.1449939,3.271429,7.5882323,4.9872693,6.9415946,15.507598,21.348686,19.095763,16.790341,32.484768,29.860546,19.458194,35.947828,10.364953,54.590253,3.0335611,3.5671701,2.778995,7.1728627,16.219632,7.8935261,9.659706,20.173403,13.917727,12.061844,1.6966584,3.692871,10.083299,0.56985861,30.508373
906,1.66090119,23.024353,81.897176,86.213613,19.840157,43.746259,30.794938,4.1515415,4.9220212,7.8322688,4.7644501,10.529368,16.031197,16.424006,25.965382,14.221368,42.190168,0,10.329151,46.452654,30.923343,38.92334,5.6194449,1.0214979,3.6111459,9.2386374,8.5714993,7.6314454,13.61866,17.106126,5.113713,16.003587,7.3228191,7.164289,6.1256213,5.1052695,17.350157
907,0.88025584,22.836586,74.706742,138.47394,13.075213,41.053073,16.320048,6.0652722,2.2550972,3.1520828,9.8631379,11.109246,13.20584,6.6934513,12.529639,31.596578,45.539064,45.531859,20.17361,21.744582,30.383127,73.588388,1.1726723,2.449034,2.6365663,5.4554141,7.5651028,13.958515,4.678061,6.0479909,16.449944,15.223688,5.4788294,3.3980148,2.7839424,3.6002098,6.8958564
908,0.18067175,13.505125,41.649594,98.167835,6.7226067,46.577678,14.357339,2.3715853,0.39825706,5.0209809,5.9235687,5.7901022,9.5583985,4.8617766,10.56785,14.348851,19.609631,26.16211,29.740001,18.142283,29.105054,28.279478,1.6930172,0.13872101,0.98714315,1.9988487,5.1689,10.804014,7.319033,25.129075,2.6968827,17.300799,1.7485799,3.222017,4.6975804,5.2205537,5.4496931
909,0.11189357,20.994173,63.398917,92.537557,11.556045,36.531467,20.943892,0.44619836,3.085897,9.7176503,3.8568688,14.159584,9.9640315,12.61262,23.264089,22.49492,19.872815,27.261817,13.372395,25.718794,10.680717,51.156924,2.2765979,2.124292,0.46713433,1.8214274,10.502235,5.0190842,13.092759,6.8683616,11.009361,14.875848,2.7448442,4.3300371,0.077084782,8.2634468,15.905653
910,-2.42110244,10.68548,54.787848,76.844326,3.6062593,19.588887,11.993786,1.512886,2.2272719,2.1835262,4.0966348,5.3997734,11.548942,15.798054,8.8283122,14.598657,25.26717,19.497769,33.278264,2.4395481,15.417593,32.705614,0.34885631,1.9253227,0,0.75988552,2.0702733,5.8724585,3.8785042,0,5.9562745,12.001773,1.4183737,6.308235,2.7421823,0.50434862,5.3750439
911,0.65291055,17.628545,53.929767,87.129626,11.998884,23.483031,18.431842,2.1877229,2.0338496,7.9235416,4.7007467,8.4958795,12.850844,16.193508,18.626394,8.8883529,15.301636,19.096544,12.193093,28.846802,29.814793,31.148464,0.45686056,1.1318131,2.6073928,5.6013409,8.5943991,4.3778224,5.4697117,2.8096078,10.858392,9.7525362,1.5347414,1.4391732,7.3886901,4.9582699,12.144251
912,1.42650217,20.252998,54.873446,89.103506,11.799813,46.327014,20.993166,4.2299317,2.199149,5.9850838,8.788683,7.3474366,16.446915,8.3665434,5.7129159,17.468615,28.842308,10.944499,37.232987,17.032637,11.211919,47.796975,3.6956654,3.4332728,1.7564233,1.9863733,5.0343819,13.900194,9.9558151,0.47234326,23.581398,15.842095,6.6479815,6.922833,0,5.978047,8.7638485
913,-0.40695713,17.599749,64.96988,92.84972,11.684867,36.389778,8.7858325,2.5325026,4.988336,3.1599648,5.2299425,9.1353959,10.558012,10.023514,13.674101,19.703275,40.410038,20.15836,20.555061,25.12721,24.307188,38.251533,0.92930798,1.5972543,3.3578416,3.4230373,8.1614107,6.7023572,7.0809576,9.4419687,8.541523,19.973457,0.43483202,3.001526,3.9284272,0,5.192242
914,-0.13919684,19.792732,49.333945,112.21035,9.355065,28.676506,19.040233,2.0113771,2.5788999,6.3961452,4.5951299,13.712096,12.064512,14.994908,18.386301,2.5135703,17.879762,28.082881,27.193327,29.976415,23.715412,43.823281,0.87557142,1.5348311,1.7011972,3.1308754,6.7913293,8.5473264,7.1499972,3.0813523,6.4670396,14.202188,4.3242019,1.7449629,4.439184,6.3552109,10.487269
915,-0.67306702,15.215639,65.128847,86.845175,9.9820375,15.159306,5.7380803,2.5894989,2.1415195,3.7788014,6.6907135,6.5943876,10.462805,16.680992,23.680659,10.37893,29.349932,21.293144,17.450929,22.975206,17.54179,40.932256,1.7032677,1.9136189,0,2.2779307,9.1029583,4.5026612,5.5159772,1.1493131,0,9.5657915,1.1527124,0.64400069,0,1.0006909,5.9578981
916,0.42217528,23.121745,51.34237,112.74093,13.314718,52.559482,22.197795,2.4764222,5.5250417,6.1094806,4.6910139,14.731342,9.0794252,12.18676,5.5568832,19.547536,26.959439,29.289462,32.943805,27.196325,17.791143,44.860971,1.427646,0.9471957,5.1691003,4.0482631,8.0790569,10.104996,13.172466,11.297151,21.542818,16.558596,6.8760778,2.6955057,4.4295738,4.5230816,12.546726
917,0.25550783,17.422458,80.140994,116.0409,9.8813789,32.111233,11.410862,3.2526182,1.3349534,4.7383521,8.0448287,7.7032285,15.400715,16.744333,30.310158,20.195931,27.606558,28.943437,21.628629,20.171337,30.087552,61.95873,2.7957539,0,1.7121,3.6901324,6.1758431,8.9358937,6.9341037,1.7344798,8.3019731,19.351469,1.5675713,1.6142485,0,0,14.74974
918,-0.74848656,16.915217,77.979228,95.488994,7.0750634,43.518012,18.615401,1.2113978,2.938684,4.0240064,3.2740171,14.046827,15.944765,15.022763,16.575828,22.007684,40.718875,26.802069,28.070109,25.047226,20.120273,26.476844,0.2333462,1.9313059,1.8915114,0.73317917,5.8280538,7.7655468,20.643046,4.0135742,7.4450421,19.349619,2.1604582,2.3781163,7.2069425,0,15.863683
919,-0.08710789,15.905985,67.575162,125.55719,16.121,48.663327,29.414368,1.3942291,1.5858026,3.2838277,4.6505548,13.337569,14.027656,12.705938,19.026147,19.745737,28.818795,26.046254,30.127402,33.346235,32.885899,51.026894,2.1888842,2.0168529,5.3489501,2.4661378,11.679368,8.9975842,13.773206,5.8423059,16.761671,23.05919,2.1669735,2.8144301,2.7464106,19.445092,17.42825
920,0.17499211,15.663071,66.256131,80.301462,11.399299,33.807315,18.224546,1.9168556,3.4848807,4.5782124,3.2672483,9.3557387,11.153797,12.899604,15.15099,20.665254,34.674037,10.150482,27.685112,23.155839,26.244012,23.025122,2.2481403,4.6243623,1.9670879,0.20259993,6.6954018,9.9983538,7.3367769,10.141313,0,18.710795,0.67195106,4.42192,0,13.581553,8.53199
921,-0.06235921,19.018482,69.754535,77.240401,11.169867,36.113425,19.332359,3.0798815,2.4266695,1.9560879,8.5308478,12.094089,16.420143,11.748112,20.959605,12.743095,35.509579,21.361086,29.335257,11.876013,4.2770568,36.622809,1.240453,0.84030767,3.2706315,2.7210982,8.7587283,9.2327437,3.7225227,8.0162223,9.8738134,20.538453,4.3843362,2.3765,3.3175976,1.2637637,17.112535
922,-0.39697164,20.67317,72.766797,105.56239,10.097351,31.305113,28.142589,1.3067071,4.4952118,4.5036531,5.9774118,14.446822,21.169387,20.225297,14.036244,3.7604205,39.96479,23.780081,22.620501,15.186079,31.594522,55.506281,1.028679,3.9104766,3.1278958,0.66667748,5.4367643,0.036193874,3.9400762,14.88272,10.520604,17.228467,1.6409727,4.3363311,11.882092,8.8217015,14.394296
923,-0.20460217,17.475938,70.424185,51.274227,13.037903,35.818285,16.684578,3.2985906,2.8524892,4.6653157,2.2718912,12.147134,12.829526,8.8511079,19.114218,19.132539,41.535928,19.008064,19.486012,3.3742377,8.0290383,16.633383,2.1420833,1.1806784,2.8094064,1.7189771,11.727939,8.8927934,2.4028909,6.9106586,12.176543,21.237859,1.8902269,1.7087243,0.25896777,9.6320257,11.95686
924,-0.09634769,15.464283,60.720558,86.524998,10.3719,43.764206,13.301079,2.3892333,2.1251689,3.8481386,2.439062,12.031484,16.984543,13.283902,13.350168,16.069379,22.970442,26.278053,19.32142,15.068441,18.116947,39.184691,2.3783363,1.0188249,3.5223238,2.2660712,5.5554205,6.6309059,8.8363722,13.129214,14.695627,18.594066,3.4870471,1.1605934,4.6048421,1.0141314,8.6754641
925,1.75652794,24.910425,74.372969,154.47071,17.601496,32.579588,29.326176,4.6833409,1.8876298,7.1633917,6.0673812,16.536931,14.468979,15.287977,26.649852,10.159469,37.18604,37.054475,35.464922,39.898898,22.542996,78.551599,5.0564087,2.5341354,3.4035241,4.3720347,9.2495021,15.058393,5.2307122,7.3520268,4.8417443,9.7173673,0.94850845,13.598823,0.42160848,5.7643592,22.277308
926,1.33039506,13.195225,56.107298,102.72641,15.710626,39.300374,9.7257557,2.6331074,2.5426487,3.0868514,3.5130804,6.9654062,14.429802,20.317172,8.9650671,6.9583275,24.996609,36.637533,25.732792,27.434677,4.2914719,41.273291,3.1798547,2.2032629,5.2602691,5.5258963,5.8425775,15.908232,8.8776442,2.2125972,10.55489,14.693011,3.8060619,2.0500918,1.4390178,0,5.938138
927,-0.3230314,19.393489,51.869246,90.87923,8.0748071,26.841656,17.421745,3.4881292,1.833841,5.191081,4.9496318,12.8717,9.0341843,12.978018,9.2737917,18.198649,23.655912,19.586498,18.470356,21.008079,28.110035,39.654868,0.46556595,0,3.8916343,1.0644073,6.9903879,7.2239539,4.7365588,5.687613,6.2102183,13.587555,3.8788238,2.2195202,3.8402366,1.1522962,14.359598
928,2.89288329,28.529528,76.414292,123.13589,17.963856,33.837111,36.463267,2.1733553,2.4803748,7.9773471,15.700195,13.978838,14.40349,13.078272,19.0511,30.621642,30.470284,23.582561,31.577886,29.894411,22.491677,64.744751,2.4735893,1.3194109,3.3747984,10.055182,9.3109376,4.5880069,12.186559,3.9884278,8.1695797,19.059713,1.8367466,2.3666574,16.544962,10.166238,23.602126
929,-0.06954952,22.673225,66.521772,82.286741,11.143248,27.934245,25.889811,1.4625671,4.6293444,2.9307728,15.029011,9.2356361,10.990873,12.898015,16.277159,21.792661,32.70624,21.336936,15.372122,14.882738,20.789214,42.580383,1.712007,1.4370172,2.499303,3.9154118,6.7612512,8.0878027,7.2637496,0.24755047,9.2924854,13.89981,3.6902198,5.6794854,2.693001,15.403202,9.6182862
930,-1.6537383,16.384497,63.983803,87.728783,7.1831343,23.906435,11.833202,2.0157931,2.5862646,3.0333823,1.539041,15.562875,13.764661,7.3227424,19.080114,20.308238,30.018838,22.008531,19.993411,17.405321,18.53142,43.61048,1.7222819,1.4280411,0,1.1322015,6.2962164,9.1412024,9.2549533,0,0.01177032,13.305875,0.90115437,2.1141229,4.4541737,2.7996334,7.1093452
931,-0.72005319,15.925335,62.329648,91.504525,5.7343773,30.250427,13.993861,2.0293135,5.3335332,2.9582752,4.467939,7.7111609,9.3673521,15.200134,8.0944512,19.690473,37.548167,23.854846,28.190112,23.332395,3.3907349,45.096134,1.0772835,1.493395,1.2562504,1.4171893,2.8441548,3.7994946,8.1529195,8.1725806,4.0395472,19.270199,1.7111573,2.7311841,5.0187191,0,10.988493
932,-0.95322044,16.172513,41.581239,73.031907,4.1937402,28.101605,14.782171,1.9910815,2.3144606,5.675538,6.0337749,7.2712245,8.5874707,6.7461272,16.555029,11.929249,13.567701,22.647476,26.039322,18.868817,7.6274338,19.563465,0.7727397,1.0810407,0,1.4296519,2.84039,8.7488571,5.9189673,0.11888908,7.3920551,17.324357,4.9204601,2.6740026,6.8240786,0,5.1111047
933,-2.08079349,13.102268,43.092236,74.644421,5.9176929,15.451232,6.43723,1.4912944,2.0763704,3.3248492,1.5259233,11.19095,13.403245,12.524075,0,13.240831,19.685655,22.913796,11.17304,21.93348,23.111853,21.591005,1.4480574,1.1331935,1.4816767,0.34456734,4.0242323,5.3001466,3.9906788,0,0,12.310565,0.70906045,3.1818687,0,3.9971167,0.83996426
934,-0.11855626,17.636291,62.293619,86.367563,16.401342,36.410027,15.370784,4.3348664,2.1677816,3.8334933,6.71445,7.8154265,13.356646,13.992927,19.637666,1.9652946,38.267266,26.394498,11.709507,12.214411,21.617811,49.101901,2.8165404,1.2415575,7.5555921,6.2802252,5.2119613,6.0772791,5.7529319,13.357825,9.7767323,16.560608,0.6445742,3.2017688,10.188208,0,7.8255191
935,1.28965886,16.484658,62.861495,95.631808,14.387176,52.828357,25.307484,2.8310797,3.1701077,6.9292535,4.8674428,4.9872806,10.344662,20.388636,16.476346,5.495539,34.993567,28.613055,32.97357,27.608506,4.06229,31.745014,2.0224643,1.6393537,2.7032006,2.3733905,12.958808,8.9321271,15.316122,14.155826,7.4934182,28.000913,6.6833071,7.8317373,6.1539832,3.0705804,10.360282
936,1.66977112,15.568864,71.589183,121.64441,11.30794,35.918873,21.652004,5.7096881,3.1283435,1.739998,4.0343618,6.4240105,12.137308,20.727458,15.120845,22.346354,29.308644,30.735613,36.760229,27.511212,27.992134,40.482458,3.8586721,2.2411275,0.4212339,1.8572762,7.4414675,9.6597435,11.15719,4.8551697,10.348762,12.514244,7.6022541,3.8006844,4.099103,0.74063531,13.575579
937,0.25704672,25.287486,55.786088,81.413568,8.725623,39.279941,17.974912,3.6000336,2.2489057,2.4923958,14.076446,15.265328,9.7445599,6.5570225,12.996087,15.46245,36.601501,20.998969,11.731129,13.043881,33.415231,34.915328,1.7565966,3.0664464,0.87025798,0.61944234,6.0386358,6.5265594,12.405693,3.6904404,10.305657,22.904523,3.788322,1.7025479,2.6804011,6.0653837,12.118221
938,-0.16110783,15.658454,80.342925,122.28311,11.973442,44.714704,32.732934,1.3488736,2.6342269,1.8369543,6.0759586,11.733981,11.163889,14.144973,22.571172,25.72404,41.804066,22.539073,21.531451,33.639618,35.387623,59.923169,1.6678675,4.6861708,2.1401274,1.3372409,7.0076878,10.27537,20.259324,4.9497701,8.0787411,16.077413,6.6162747,9.3025098,5.606404,8.1890729,15.93794
939,1.17912056,19.250027,61.963833,132.67597,14.786063,26.570439,17.686369,3.4990092,1.5805536,6.8001587,6.7058279,8.9796333,11.662067,13.532215,14.628164,17.85628,29.510123,31.097962,28.002434,32.126624,42.365681,49.032579,3.2450452,3.7111024,4.6839388,1.7460705,7.0102902,4.5904095,7.0625131,9.3271722,4.0130918,11.898807,5.8020933,2.9441726,5.260093,2.1953894,7.8065554
940,0.40348449,12.425577,78.414553,104.2583,11.447065,29.137057,15.307232,1.7303436,1.6177586,4.4699718,3.4242306,6.7473607,20.321089,10.661103,26.223743,16.544747,34.703892,24.089627,22.354682,16.901478,33.601369,48.779144,3.7393617,2.1201935,0,0.22435921,10.361116,6.762816,10.241826,8.9679193,0.23007572,13.044308,3.1459143,3.8022844,0.26160763,4.578884,10.356777
941,0.49816337,15.859673,55.202526,102.48173,9.2810393,32.857532,10.071633,2.7638686,3.7506933,2.7410939,6.0707129,7.1454553,19.949819,6.1599972,16.113061,10.498881,21.736168,24.687987,13.030018,41.313672,15.019669,48.112741,1.4355349,1.7039272,0.71492035,3.8326769,5.9973753,3.9796172,10.062089,9.3149599,10.002211,12.605335,1.0379199,2.4948521,0,6.6270026,4.6376219
942,-0.23806074,14.509767,52.667527,133.9699,14.485211,45.685916,17.366889,1.8262257,2.2023901,1.9471731,5.2962819,10.376975,9.1872558,17.364953,1.6687726,15.550912,31.111925,31.946591,24.72042,37.630688,21.56309,70.904674,1.0902989,2.4959035,0.66364253,9.6315084,7.8170359,7.6286246,10.273359,11.684799,7.6700124,27.944037,3.3638927,2.004547,5.5500208,4.3839164,9.6128465
943,-0.38032742,12.557264,63.419529,116.53735,16.641227,40.805019,11.310987,3.3012395,1.4708375,1.1843016,1.4279076,11.063609,11.174906,12.413034,18.235162,18.008687,29.620781,20.15844,21.639272,44.856929,23.437246,53.089637,1.5597034,1.0470791,7.1285311,4.6505289,10.235163,14.89761,4.8833691,10.806409,6.7125945,17.97109,1.4403499,2.1912622,3.7400561,4.084136,4.6815381
944,-1.06927422,14.968599,51.20325,103.46675,7.0985168,28.599703,8.5688522,1.9741787,4.4536661,1.6732824,4.0588024,9.485424,9.0661054,10.22284,9.9653304,17.793699,25.937592,23.24835,19.019842,22.751733,33.204457,46.553817,1.2471146,1.598797,0.25681289,1.6298495,5.7854922,6.5883563,5.3186384,3.1881893,9.7968428,15.870066,0.35479472,1.6110332,2.5327364,3.2855137,4.9977699
945,1.30735462,21.16365,66.280617,123.07465,11.320741,42.951049,36.111234,5.7837129,2.9001411,4.7420872,3.2098044,13.268317,13.652174,22.081697,7.2788505,21.847774,26.420618,29.945733,30.909149,31.24159,22.034521,54.374512,2.2424438,2.3793532,0.75692974,6.1181435,4.6200284,8.6447992,8.1788285,12.735506,13.47836,16.82488,1.1983235,5.3742074,5.7251298,17.955408,24.637098
946,0.30625858,22.446543,53.57195,101.42551,17.037535,40.695069,18.909789,2.590575,2.740144,8.4773759,7.099984,11.651987,7.7710768,16.420862,11.401245,14.470706,25.196552,13.193889,30.391664,39.546243,19.817,36.858076,1.5539787,1.9253278,7.14045,6.8474699,7.2040343,7.4594453,8.6082929,15.416988,14.997862,9.1171792,1.5704084,2.0527442,9.5182726,6.3221082,7.8334278
947,-0.95827396,15.690291,56.280607,80.37832,11.84452,34.583189,22.885079,3.5477938,2.0034012,2.6620911,4.6273963,9.7971137,5.7012504,10.471383,20.224663,10.957596,34.278237,26.788354,9.8026169,16.960582,32.325211,23.053269,1.553915,1.8877299,4.4093362,0.77531809,8.685801,6.9393194,7.4828363,5.9022984,11.899674,16.653064,6.0604732,2.9306321,8.2775773,5.1207062,9.1658048
948,-0.71416856,8.6594963,50.684663,106.16513,12.103562,35.44885,25.584542,0.84337118,1.7200087,0.74685588,0.62174653,9.4310235,10.524762,13.078574,14.884538,12.0213,19.034738,21.652994,19.300758,22.854803,33.629277,52.642131,2.0644897,0.8600947,3.8287374,4.2918772,6.5544401,6.2570505,5.9461074,16.452767,5.7938375,14.953283,3.3449568,0.91922448,11.292405,8.3354508,13.463961
949,0.81644194,16.280232,81.89819,100.34832,9.9706624,45.266502,19.224745,1.4984124,3.2925332,5.063422,2.2072744,11.910584,15.230634,12.423519,11.134036,14.185597,67.741224,20.950805,19.813113,24.488894,26.170863,49.472186,1.8804946,1.7661556,1.5983123,1.6614425,7.7015677,10.833158,5.6228586,17.837636,8.2408342,20.360059,1.7260497,3.4685226,1.9080554,12.679105,8.5619928
950,0.10982667,19.193183,48.076621,105.2797,8.9122095,24.601335,19.184625,4.1089008,4.7334662,4.0403578,2.5498129,11.608805,15.271248,14.044125,11.908245,6.5912081,15.595957,22.83827,31.532996,28.107865,24.799307,35.365716,2.7624029,1.6653637,2.3861288,2.3224413,2.8864199,11.010726,6.9674686,2.6690286,0,11.291001,10.161326,3.0055405,3.6152882,1.6255102,6.0761236
951,1.80230873,25.931895,54.51638,99.785876,14.036456,32.792577,24.732273,2.2370665,3.3931239,6.7083717,12.973487,12.839102,16.74528,10.634114,11.832472,3.4299748,32.624545,28.812762,23.610411,25.185931,28.933819,26.816207,2.6958944,1.7654547,1.5421094,1.280339,13.808044,11.533293,7.1632471,0,16.845881,8.6454374,3.0233986,5.3191847,0,8.5256211,20.274364
952,-0.05218953,13.058654,71.375982,107.20976,16.549547,26.488237,25.516517,3.7383115,1.4611603,0,4.5042331,9.2660515,11.549198,13.785935,18.900264,20.191097,37.308252,23.685453,30.192634,22.275303,28.179756,42.722942,1.5274209,1.4068135,4.4112281,3.020416,14.86265,6.7263584,9.7362041,4.8418229,1.0163286,13.621533,3.1472744,5.5224029,4.9181129,5.9174248,17.89734
953,-1.72178741,14.369358,38.446011,75.510772,7.0711102,18.304951,10.098774,2.987949,2.5594556,0.71437612,5.1147268,9.5570428,9.7857207,12.730899,13.258824,4.1580021,10.785919,21.870748,23.1367,2.4731206,0.61017118,57.520285,1.038332,1.1260413,2.2796343,0.64101493,5.3014491,3.1665472,4.8309266,1.3710008,5.3550232,11.754041,0.77538993,2.1134541,0,2.5191038,10.269659
954,-0.3802707,16.707136,52.662617,98.678725,13.825802,31.709065,22.333995,3.3280922,3.704531,1.3692702,5.9578394,9.6067131,15.611628,9.4907192,14.31146,17.030802,14.524564,24.697494,24.840193,12.389839,26.719928,48.240618,1.0519549,6.3871347,1.7761792,3.8837155,6.3296631,8.7982822,9.5741638,5.9693705,5.7136287,12.756374,0.99063512,6.5096214,1.4509674,11.277869,12.858444
955,-1.33545725,15.68921,52.037926,95.406579,10.063152,35.499065,8.5438198,1.7272953,1.2674865,1.2592384,7.4618176,12.284705,13.099697,12.124083,6.464502,16.259677,24.435673,20.466306,14.905229,27.232847,31.406947,39.449354,1.7270808,1.5938138,1.0701382,0.93493508,9.8197295,13.12253,9.2395515,2.4966204,3.8081582,19.332686,2.344478,1.6783177,1.121343,1.784491,5.1898516
956,-1.54999605,13.210316,58.087607,88.995311,8.2289281,27.070924,14.217499,1.9069598,1.5146859,1.5076089,4.4524662,10.511439,14.01342,10.305019,15.509845,7.0953428,34.72326,19.069242,19.021441,21.501948,23.224651,41.355029,1.8162603,0.51528549,2.0602034,0.47077623,7.3637363,6.5193894,8.4855104,3.1134971,4.9204273,14.490133,6.4369953,1.2594834,2.1357673,1.6798847,7.794943
957,-0.77553028,15.661137,43.060162,95.108729,9.2018198,30.412464,8.1560871,1.3223681,2.0829888,2.2340893,7.270121,10.719034,5.320557,11.175319,12.752069,13.90755,17.550999,22.692591,25.695547,31.646496,22.92247,24.223516,0.59179308,3.8370116,2.8612965,1.009404,4.6610566,10.596715,11.764211,3.717961,2.5242126,11.043707,0.43021745,2.4441269,1.9690859,2.2097419,4.9204747
958,0.23139721,13.736334,60.604633,119.52838,11.348801,33.186008,10.383375,3.0360938,1.9287478,3.5582996,2.4134591,8.7514679,11.185567,11.233452,15.499765,18.881819,28.946877,21.870719,35.825949,26.283527,31.990873,49.240516,1.9658371,0.80195487,2.6852284,3.5770531,7.7487242,9.7965087,5.4674944,4.5274535,12.533034,13.632854,1.3961492,1.7945742,2.0151527,0,10.516741
959,-2.3527891,15.57748,50.442288,84.009887,7.9912609,14.545889,10.315936,1.2844338,3.324975,8.0070092,2.3905725,7.109776,8.7939864,8.2912611,12.132567,16.215689,26.840637,12.251833,20.737921,37.151777,13.343401,32.656437,1.6747395,0.74323875,1.6101648,2.2482119,5.4365723,4.2206679,8.7412237,0,0,5.8285004,1.989202,2.4003866,0,2.5702735,8.209664
960,-0.14220726,11.843701,69.385348,77.554683,8.0432472,37.401315,10.65617,3.1834713,2.3167893,1.5543284,1.8812048,7.8770397,11.665256,19.890416,18.091832,14.330427,32.745629,28.829787,19.235846,4.0352742,13.9841,38.558644,0,0.29144751,2.1824362,2.9982977,7.2250482,8.3730881,6.4627093,11.641903,7.5332508,18.292854,2.4605628,2.3186397,0.65930554,3.5435264,6.2994749
961,0.33398572,17.696903,47.258969,30.320135,7.7073017,28.943458,10.429127,1.6608135,2.1950735,5.5765027,4.0394518,12.902998,10.708057,11.973276,13.445068,10.318593,18.208009,0.64687813,9.7325123,11.674346,4.9118808,16.837002,1.2605969,1.3914199,0.26864878,3.1382206,5.3830499,7.8315405,8.8795111,2.8341755,3.8615608,16.579781,0.6724918,1.3126126,0,3.5400068,10.951736
962,1.53134442,23.834307,80.442553,85.532052,14.516995,46.582832,14.458062,2.9582223,1.7763522,9.0818489,5.7470273,15.538139,15.060429,15.69552,16.268792,24.708011,42.702137,14.873505,20.628435,19.773446,27.759278,36.9244,3.266934,2.1545711,0.99381347,5.9965547,8.5792714,11.625757,11.579709,14.93562,9.972747,14.666256,1.8925174,4.3935907,2.4925744,0.25958673,12.099549
963,-0.220782,18.770605,55.101102,107.89373,8.9470333,41.745754,19.836062,4.0249424,1.0344786,3.2604667,3.7115195,15.905276,19.843662,13.178071,3.7947772,7.1078403,31.124601,22.646412,26.447393,40.846161,18.388815,38.443744,1.7208311,1.5715009,1.1073286,2.1190151,6.5952969,9.0970933,6.0477036,15.742055,8.8190292,18.512587,4.3984179,3.0771638,3.0817897,5.9140958,12.044035
964,-1.69438301,13.718517,51.972798,107.61246,8.1948269,26.092186,13.091653,2.2562791,3.7133205,5.1040327,0.27352493,7.8971384,15.601156,12.608244,11.817255,2.9217367,27.927073,18.483256,24.58832,37.513418,21.119444,48.267316,1.0435041,3.7436529,2.2033926,0,4.3104527,3.9061161,9.5768379,7.8380953,3.8415886,10.691332,2.3881342,6.0970586,1.8394083,0,7.6791902
965,0.12081435,19.613621,51.566959,88.847184,10.649625,40.015789,14.697039,2.3355973,6.0526338,3.5605417,3.5964648,12.690241,14.149538,10.899163,6.4471375,10.530358,30.147293,31.13199,27.582239,19.58362,17.460182,18.919305,3.6044167,1.5667593,0.88786422,2.740497,6.0991831,12.598435,10.025939,4.1032618,10.826532,16.82864,2.694121,2.1664548,0,4.4320966,12.755315
966,-0.34840106,18.569987,64.969898,98.615674,10.165264,28.680514,15.336369,2.2013855,5.0700143,3.5219195,3.498767,12.672581,11.141448,16.368927,11.854782,11.052869,42.541854,25.938437,29.25978,22.022682,18.289911,37.313412,1.502792,1.2287567,5.2486411,0.36195464,6.2558374,4.0356399,11.390276,4.6447394,1.6499063,18.789439,1.5782307,2.3077857,10.673925,0.17190116,6.844628
967,-0.64059009,20.608445,84.591722,87.879169,12.505101,32.118864,10.228118,4.8277814,3.2858465,5.5647788,4.1407058,11.215048,17.984954,17.282263,21.700721,25.761919,34.894993,19.843476,23.334447,10.429531,24.566701,44.57316,0.91610818,1.5316993,1.1834917,7.4820693,7.8466722,8.3149126,10.635176,3.6491067,8.050584,13.014883,0.16631101,3.3893835,1.7028803,0,10.342909
968,-0.30188595,12.730671,64.922936,81.884641,7.5462773,23.758745,24.404011,2.3674524,2.5052921,1.3121886,5.1422367,7.0515939,10.63489,10.387312,20.254222,14.930073,36.784796,19.921039,11.694571,15.475372,24.62313,44.263075,2.1240484,1.6666243,0.78097665,1.4770589,4.5803242,7.9527087,6.3259466,6.5939383,1.4945813,9.1228234,2.3794673,6.7121836,4.0368405,2.677503,20.284456
969,0.83205769,17.250659,56.548475,114.42921,7.508256,39.76566,18.803502,2.3885588,2.3600078,4.4171229,5.8774782,10.163623,7.096998,18.771016,12.828272,8.7185599,32.653003,31.586609,18.189141,22.187315,24.67859,63.428755,2.8330909,0.64987063,0.88160139,0.29792782,6.0235525,12.976859,8.0831875,3.983406,10.404088,19.164786,4.8264557,3.0806854,1.706184,4.2214983,13.237578
970,-0.89531777,21.940559,64.745505,89.290741,6.6964922,39.012761,6.6210413,3.2635052,3.6239013,4.0174514,2.4005257,19.355642,16.512622,14.011645,25.419752,14.371418,16.263684,20.112556,16.705881,23.823443,21.756532,42.1993,2.3130959,0.60304898,0.84454901,1.2950881,4.4618693,11.558536,8.8718616,9.9480719,6.7290801,15.643564,1.3971192,1.1808513,3.9320286,0,2.4928464
971,1.17870774,20.471778,66.295537,88.893909,11.148627,42.030887,19.024528,2.8941833,3.7061877,8.0043746,0,15.001661,10.803743,16.37454,22.636415,16.317718,25.878212,22.802338,7.1784404,25.174271,25.381923,44.931052,3.6733787,1.4935119,1.0904446,2.7620306,6.6610523,4.0305127,11.901948,18.740288,8.1290936,15.754691,4.7152805,1.7432085,7.3007734,3.6316967,9.3058573
972,0.31414073,20.434738,57.309727,109.3531,11.723611,32.567166,31.381091,1.6083312,2.6165375,0,15.540694,11.108978,15.462292,7.6052316,14.117691,21.709393,20.291441,23.267163,31.76458,17.079047,30.130975,49.142098,1.9600789,2.4392606,2.4535079,2.8114157,7.2389551,6.8701471,6.9131741,0.65147947,15.774652,16.395861,3.0303091,5.3076035,12.572508,8.3714664,15.966621
973,0.74685493,17.030633,58.559784,88.284239,10.921036,38.429576,23.67905,2.3182807,1.7742303,5.7595855,7.4059102,7.3272882,18.131925,12.002024,13.980639,11.811259,23.28183,23.462331,17.371823,30.481437,4.9649097,44.733326,0.80277837,1.9230285,3.6947025,2.0250256,7.7511712,12.173352,8.6831604,9.0712292,9.8072005,11.603183,2.7809529,3.3105108,4.4871647,7.897392,16.793312
974,-0.5226622,17.06829,50.371295,89.074477,6.8541813,33.263474,8.0581039,2.9159563,3.9051335,6.70477,3.8655368,6.2321761,14.55475,12.827493,12.445245,5.3371831,23.057695,19.798075,11.904933,21.428183,21.356509,52.536874,2.3033449,0.31978729,0.4477275,2.1746307,4.6556863,9.9401827,9.1358525,4.4031339,5.1181024,16.84227,0.98467309,2.1579998,1.857475,0.5662549,6.2785177
975,0.15718999,17.422027,52.586601,105.28482,9.7075461,38.818803,15.567429,2.0353587,0.67037022,0.13038806,12.041405,11.862648,12.595759,13.07306,15.004584,6.3293023,25.230373,17.657608,15.697068,24.119155,43.286881,50.1065,1.735089,0.83333544,2.3721657,3.302074,5.9868942,11.162351,4.6026425,4.7427251,8.9409551,26.00111,3.9844658,2.1793942,2.1954726,5.8974696,7.85381
976,-0.67434014,18.223897,65.468431,100.39471,7.2241508,31.857769,6.4526389,4.4224749,1.785283,0.75276299,5.0261644,14.971108,17.137769,11.412941,29.071147,15.681023,14.086663,22.464702,27.468698,34.798798,17.362864,33.321974,1.0251757,2.2189164,0.36189507,0.83222016,6.2377854,8.6454791,4.276957,5.9094946,8.1199423,18.079423,2.2832312,1.4642464,0,0,5.423171
977,-1.28297655,11.393693,61.940985,84.300902,8.1805349,22.256414,15.445635,1.8120113,1.5555838,3.0026183,3.2106672,7.0382405,16.437639,20.876044,0.79787778,20.629058,25.871907,16.30265,20.255119,25.924375,22.318285,31.484382,1.0281162,0.77471125,1.5227258,4.0706676,4.7999304,7.7307266,7.5251677,3.1663572,0,11.154786,1.9946913,1.5011495,0,8.2140443,11.806944
978,1.34485669,22.361995,63.003136,152.55863,12.277019,28.862034,22.404284,4.3784174,4.9905616,6.8611824,1.261198,14.09708,12.951475,18.907316,15.960339,20.097783,17.495112,25.260686,30.160404,53.442322,33.016785,72.618451,2.3532648,2.1316336,0.53338106,4.3236622,8.7064428,3.4613542,7.5951906,3.4912371,14.668762,12.201007,1.9305988,2.0701118,8.1818612,6.7583932,14.354703
979,-1.00845312,16.587248,61.754522,103.00532,9.4824775,33.256469,15.161681,1.9367774,2.8464303,4.0020861,3.2584306,12.522404,12.300771,10.738639,6.3296302,22.232057,37.593768,24.212899,18.330224,23.857738,13.367773,66.060077,1.0362244,1.7535343,2.1723812,0.66770342,8.6149629,8.0896124,7.3167523,10.269193,3.0027291,17.311204,4.6533088,1.4199614,0.63377632,1.2591747,14.338028
980,0.26156294,20.149887,67.131593,127.71561,10.724949,22.912593,11.225229,3.0342469,2.7005558,5.3426744,3.1207888,15.509103,12.168822,13.743209,15.327381,13.24838,41.461182,24.824483,49.00076,22.613843,17.711933,60.540382,2.764898,1.8949098,1.3863484,0.11384309,9.4056759,3.680684,5.9139873,9.7359794,0,12.69207,5.374061,0.74033539,0,0,9.6455479
981,-0.85003509,14.105605,48.27645,117.64355,5.6897581,24.210287,11.710836,1.9140839,1.9037628,1.4066761,7.2492989,8.4635933,11.66601,6.1295155,17.45378,7.9552957,24.258626,26.28454,27.263714,20.758103,32.905291,57.045548,0.85598557,1.6119303,0.76918855,1.3185969,3.7005693,5.247276,7.3699455,2.126009,0,19.868826,0.85269784,3.2144308,4.9303486,0,7.9649414
982,-0.8053263,14.394708,46.432922,98.638628,10.081071,25.945129,8.5897484,3.2478066,2.9865419,1.6251987,4.1550905,8.5215072,15.390803,13.162691,8.116687,13.054933,11.352767,28.681867,22.82064,20.896666,26.40857,34.403053,3.0659769,3.3324129,0.85652434,1.6646999,4.7449852,5.7734624,7.7720709,2.7214369,7.465371,12.401207,2.1515303,2.8552997,1.2770667,0,5.6888367
983,-0.57476958,14.512535,50.729348,107.17887,8.1397468,31.66498,24.432253,2.513267,1.5812101,2.7062671,0,15.123186,7.3288963,16.104337,11.993981,9.4989454,26.346175,17.180491,26.055213,34.054415,19.280403,53.925272,0.78455172,1.8576866,1.9163444,1.4578272,6.0247969,2.9444092,6.7169787,10.414865,7.1986831,18.680806,3.1834856,1.170069,16.570545,0.64671213,13.40077
984,0.85634187,13.855084,48.666743,108.94758,12.384282,35.977523,20.668048,1.7903047,2.0781115,1.5702872,3.6066751,11.864873,8.4998119,9.3327982,7.4806592,15.540715,29.425678,22.000776,23.159946,22.512453,37.427103,47.557083,1.4483835,1.360888,0,6.0213182,10.141975,8.8304249,9.7107142,3.1568627,9.0293397,19.565904,2.6595813,2.2804443,3.2797459,5.6517561,17.360964
985,0.43013219,20.924648,65.618462,106.1447,9.7223886,27.448126,25.378455,3.4946227,4.1828384,6.5952924,5.6268079,9.6313865,14.083188,17.636255,13.39261,17.894446,27.625974,24.842745,32.540134,20.636938,23.90545,42.637698,1.3382224,1.1377554,3.4160927,2.288767,6.0340809,6.9609779,6.4574532,8.0339369,0,16.540445,0.19542055,3.6579884,11.789297,5.9160785,16.312697
986,0.1206526,14.933423,48.684776,117.56072,11.688247,29.896415,15.494554,2.7244573,0.89126233,3.1966837,3.2759354,12.219023,5.4825031,18.114633,3.8055797,11.523783,30.973456,23.376167,23.709255,40.602263,34.298686,40.013229,1.024826,4.4041222,2.8407217,2.2544179,6.0270376,7.9759824,7.0700293,5.8601335,6.3142657,13.965741,4.6137958,4.6170497,1.2882921,3.5891016,7.0350589
987,-0.82288435,16.416183,51.618844,87.61989,8.3616989,22.814576,15.234107,2.9620394,2.0703822,4.9666971,2.4333428,11.421726,14.597411,11.377967,7.6802102,4.5741091,33.981858,20.06206,19.446463,15.849427,30.579294,35.71641,1.4946093,3.0539817,0.50922844,1.2673793,5.5793144,5.9124058,6.4916925,2.496508,5.3548536,11.323145,1.8807681,1.904773,1.3049327,5.2770466,12.803551
988,-0.69726767,21.772161,56.377593,118.97804,16.547274,31.659445,14.35488,3.0248265,4.8599259,9.3465731,2.4146725,11.001225,14.900822,12.682425,14.917418,11.059236,23.383758,27.348269,14.888246,35.488937,32.834207,56.624865,0.95108756,0.85437829,8.3094595,6.6292908,7.6062412,4.5705027,10.984904,5.8301836,8.5270051,14.372921,3.6773277,1.5175085,6.5943294,1.4008779,6.728996
989,0.25401035,15.496258,61.578988,91.618177,12.285924,34.601929,21.208889,3.782718,2.947633,3.5193452,2.3321053,9.2653704,13.402825,12.724077,18.087611,9.6681786,32.082675,18.359285,29.792735,24.436049,12.762864,39.808044,3.2034157,3.1696132,2.1206907,0.03798672,8.7309916,8.450672,10.652661,8.7365217,5.2358602,13.752788,3.6188472,5.8071406,6.8764845,0,13.577618
990,0.23728338,19.078575,54.277065,110.88811,10.060784,41.508525,21.302328,2.3233937,4.8916544,4.3039352,3.0499855,13.114485,14.35254,13.352191,14.999462,10.620653,20.133014,23.538203,32.243705,30.550189,25.642551,38.759998,1.6722613,4.8331699,0,0.73561769,6.9056664,15.340656,11.935582,6.0879189,6.9294332,14.226623,3.9652445,1.7436396,11.061019,0.51220907,13.123437
991,0.29179843,18.066732,57.307391,103.58016,10.193492,33.281118,16.471317,1.9239589,2.6252267,2.0071851,9.6920803,10.657592,10.432464,12.564444,10.341927,16.129102,32.23151,18.541326,20.467487,41.484003,19.819971,43.607278,0.93954509,1.4549754,1.3414834,3.5694333,8.1844666,7.0077441,5.0862115,10.189685,5.9257435,19.020081,1.4135854,5.0648055,1.8745383,4.8364417,10.970853
992,-1.81050685,10.209955,42.271858,71.27648,8.5235176,25.334377,6.9046722,2.8963145,0.4625505,3.1555577,2.0293521,5.991759,16.121228,6.4595681,10.437907,8.5807768,14.700737,26.335675,10.465697,6.9182116,18.009384,36.052117,1.2541196,1.3027764,3.0895542,1.5372083,5.1540849,5.0576337,8.9805051,7.7936537,2.9717261,9.4611665,2.5659171,1.9644703,0,0.24506864,4.776918
993,1.24698396,30.67043,83.266009,91.236401,24.264789,53.988537,45.245263,4.5973198,4.6194324,8.0210097,13.676008,12.992795,12.504123,15.752281,29.875215,9.5152677,51.37867,21.2266,12.084962,34.097212,21.465947,37.669304,0.94389379,1.7180262,11.869626,6.747617,14.884304,5.9926885,10.674959,24.141861,15.769274,19.318274,2.4920619,3.6411466,20.411335,15.797407,24.501258
994,0.06708854,18.262767,56.602963,105.04709,8.6654724,30.480634,23.641581,2.974283,2.5919169,4.1376137,6.2446856,10.569674,14.311344,14.729321,10.003324,9.5809448,29.641535,20.944339,38.850954,22.755003,10.231136,50.706468,1.761071,0.37935802,0.55596376,2.3931903,8.1164616,6.2084065,10.257335,5.0131102,11.746678,8.1771904,8.5256152,1.8130532,4.9320588,7.7284933,9.4136143
995,1.08417036,15.384274,70.634944,76.872509,9.2768756,38.847597,23.340514,1.0989558,1.2029399,5.9608716,6.383602,8.15412,18.500468,15.007736,18.369954,13.5925,31.438071,25.105066,28.961639,14.015931,10.159884,21.345995,1.5996747,1.736421,1.1630602,3.5416496,5.4494044,7.0296942,9.9913202,8.0320552,11.952269,17.478963,3.6532328,0.83033052,13.044436,6.4539276,9.207406
996,0.65570765,16.41888,53.383918,121.73922,12.772669,41.191523,25.935346,1.9833947,6.1394944,4.1476314,3.3769748,7.2157852,13.229702,13.835145,9.8280317,11.19896,25.553609,20.515996,29.302256,34.254588,33.733199,52.340334,1.7038347,6.0761491,0.39095501,3.183694,6.4778519,4.7031501,14.974678,14.644892,6.1632807,16.293794,1.4060041,1.5956951,18.001804,1.687068,15.1889
997,0.34563936,16.989251,61.992731,93.643862,11.123464,40.929692,16.269021,1.5786879,3.3076057,4.6472042,5.032595,10.321664,11.488013,14.462708,11.340981,9.6052561,41.896849,19.800251,26.099336,27.721213,11.450416,43.512844,2.0356851,1.4180312,3.5918412,3.3033112,5.5585272,13.86916,12.71033,3.5319815,7.2447925,17.330054,0.77177637,5.0021301,6.970929,3.5340761,6.7884278
998,1.4557256,18.431027,66.662826,87.660645,13.729415,39.515532,18.494149,4.6822709,4.1078414,5.7337339,2.5477746,8.1694118,8.0947048,19.777694,11.983045,24.802164,29.851327,0,17.214226,24.862593,36.86016,52.121705,1.5370406,2.0320508,4.716437,2.797909,9.05305,9.6027231,10.128759,10.152928,4.6423494,19.891185,3.1693266,3.294351,2.5921776,8.8296332,8.7483186
999,1.89674607,19.904159,76.398824,124.88002,18.287045,39.622468,23.931803,2.4686522,4.2754504,5.6820061,5.1408982,11.078978,14.223698,19.30638,16.52561,9.2445351,49.090588,41.193881,22.906389,25.911938,37.333778,40.514119,4.3348216,2.3529554,2.2525842,7.2183545,10.059432,9.5982011,9.7580652,8.0423995,9.663661,17.624339,2.8071253,3.8947504,7.2958736,12.867651,7.2545179
